数据源,进出口,日期,HS编码,商品描述,采购商,供应商,重量,数量,金额,目的国地区,原产国地区,操作,查询标签,查询内序号,范围初筛
秘鲁,出口,2026-07-15,5503309000,"ACRYLIC STAPLE FIBER DTEX 1,3 / 038 MM BRIGHT EN FARDOS DE POLIPROPILENO 100% FIBRA ACRILICA PARA LA ACRYLIC STAPLE FIBER DTEX 1,3 / 038 MM BRIGHT EN FARDOS DE POLIPROPILENO 100% FIBRA ACRILICA PARA LA ACRYLIC STAPLE FIBER DTEX 1,3 / 038 MM BRIGHT EN FARDOS DE POLIPROPILENO 100% FIBRA ACRILICA PARA LA ACRYLIC STAPLE FIBER DTEX 1,3 / 038 MM BRIGHT EN FARDOS DE POLIPROPILENO 100% FIBRA ACRILICA PARA LA ACRYLIC STAPLE FIBER DTEX 1,3 / 038 MM BRIGHT EN FARDOS DE POLIPROPILENO 100% FIBRA ACRILICA PARA LA",---,SUDAMERICANA DE FIBRAS S.A.,21049.10,21049.10,57296.40,China,Peru,收藏,31_keyword,1,措施范围候选
秘鲁,出口,2026-07-15,5503309000,"ACRYLIC STAPLE FIBER DTEX 1,3 / 038 MM BRIGHT EN FARDOS DE POLIPROPILENO 100% FIBRA ACRILICA PARA LA ACRYLIC STAPLE FIBER DTEX 1,3 / 038 MM BRIGHT EN FARDOS DE POLIPROPILENO 100% FIBRA ACRILICA PARA LA ACRYLIC STAPLE FIBER DTEX 1,3 / 038 MM BRIGHT EN FARDOS DE POLIPROPILENO 100% FIBRA ACRILICA PARA LA ACRYLIC STAPLE FIBER DTEX 1,3 / 038 MM BRIGHT EN FARDOS DE POLIPROPILENO 100% FIBRA ACRILICA PARA LA ACRYLIC STAPLE FIBER DTEX 1,3 / 038 MM BRIGHT EN FARDOS DE POLIPROPILENO 100% FIBRA ACRILICA PARA LA",---,SUDAMERICANA DE FIBRAS S.A.,21213.30,21213.30,57743.18,China,Peru,收藏,31_keyword,2,措施范围候选
秘鲁,出口,2026-07-15,5503309000,"ACRYLIC STAPLE FIBER DTEX 1,3 / 038 MM BRIGHT EN FARDOS DE POLIPROPILENO 100% FIBRA ACRILICA PARA LA ACRYLIC STAPLE FIBER DTEX 1,3 / 038 MM BRIGHT EN FARDOS DE POLIPROPILENO 100% FIBRA ACRILICA PARA LA ACRYLIC STAPLE FIBER DTEX 1,3 / 038 MM BRIGHT EN FARDOS DE POLIPROPILENO 100% FIBRA ACRILICA PARA LA ACRYLIC STAPLE FIBER DTEX 1,3 / 038 MM BRIGHT EN FARDOS DE POLIPROPILENO 100% FIBRA ACRILICA PARA LA ACRYLIC STAPLE FIBER DTEX 1,3 / 038 MM BRIGHT EN FARDOS DE POLIPROPILENO 100% FIBRA ACRILICA PARA LA",---,SUDAMERICANA DE FIBRAS S.A.,21356.00,21356.00,58134.10,China,Peru,收藏,31_keyword,3,措施范围候选
秘鲁,出口,2026-07-15,5503309000,"ACRYLIC STAPLE FIBER DTEX 1,3 / 038 MM BRIGHT EN FARDOS DE POLIPROPILENO 100% FIBRA ACRILICA PARA LA ACRYLIC STAPLE FIBER DTEX 1,3 / 038 MM BRIGHT EN FARDOS DE POLIPROPILENO 100% FIBRA ACRILICA PARA LA ACRYLIC STAPLE FIBER DTEX 1,3 / 038 MM BRIGHT EN FARDOS DE POLIPROPILENO 100% FIBRA ACRILICA PARA LA ACRYLIC STAPLE FIBER DTEX 1,3 / 038 MM BRIGHT EN FARDOS DE POLIPROPILENO 100% FIBRA ACRILICA PARA LA ACRYLIC STAPLE FIBER DTEX 1,3 / 038 MM BRIGHT EN FARDOS DE POLIPROPILENO 100% FIBRA ACRILICA PARA LA",---,SUDAMERICANA DE FIBRAS S.A.,21190.00,21190.00,57682.20,China,Peru,收藏,31_keyword,4,措施范围候选
秘鲁,出口,2026-07-15,5503309000,"ACRYLIC STAPLE FIBER DTEX 1,3 / 038 MM BRIGHT EN FARDOS DE POLIPROPILENO 100% FIBRA ACRILICA PARA LA ACRYLIC STAPLE FIBER DTEX 1,3 / 038 MM BRIGHT EN FARDOS DE POLIPROPILENO 100% FIBRA ACRILICA PARA LA ACRYLIC STAPLE FIBER DTEX 1,3 / 038 MM BRIGHT EN FARDOS DE POLIPROPILENO 100% FIBRA ACRILICA PARA LA ACRYLIC STAPLE FIBER DTEX 1,3 / 038 MM BRIGHT EN FARDOS DE POLIPROPILENO 100% FIBRA ACRILICA PARA LA ACRYLIC STAPLE FIBER DTEX 1,3 / 038 MM BRIGHT EN FARDOS DE POLIPROPILENO 100% FIBRA ACRILICA PARA LA",---,SUDAMERICANA DE FIBRAS S.A.,21187.20,21187.20,57673.10,China,Peru,收藏,31_keyword,5,措施范围候选
秘鲁,出口,2026-07-10,5503309000,"ACRYLIC STAPLE FIBER DTEX 1,3 / 038 MM BRIGHT EN FARDOS DE POLIPROPILENO 100% FIBRA ACRILICA PARA LA ACRYLIC STAPLE FIBER DTEX 1,3 / 038 MM BRIGHT EN FARDOS DE POLIPROPILENO 100% FIBRA ACRILICA PARA LA ACRYLIC STAPLE FIBER DTEX 1,3 / 038 MM BRIGHT EN FARDOS DE POLIPROPILENO 100% FIBRA ACRILICA PARA LA ACRYLIC STAPLE FIBER DTEX 1,3 / 038 MM BRIGHT EN FARDOS DE POLIPROPILENO 100% FIBRA ACRILICA PARA LA ACRYLIC STAPLE FIBER DTEX 1,3 / 038 MM BRIGHT EN FARDOS DE POLIPROPILENO 100% FIBRA ACRILICA PARA LA",---,SUDAMERICANA DE FIBRAS S.A.,21295.60,21295.60,57968.56,China,Peru,收藏,31_keyword,6,措施范围候选
秘鲁,出口,2026-07-10,5503309000,"ACRYLIC STAPLE FIBER DTEX 1,3 / 038 MM BRIGHT EN FARDOS DE POLIPROPILENO 100% FIBRA ACRILICA PARA LA ACRYLIC STAPLE FIBER DTEX 1,3 / 038 MM BRIGHT EN FARDOS DE POLIPROPILENO 100% FIBRA ACRILICA PARA LA ACRYLIC STAPLE FIBER DTEX 1,3 / 038 MM BRIGHT EN FARDOS DE POLIPROPILENO 100% FIBRA ACRILICA PARA LA ACRYLIC STAPLE FIBER DTEX 1,3 / 038 MM BRIGHT EN FARDOS DE POLIPROPILENO 100% FIBRA ACRILICA PARA LA ACRYLIC STAPLE FIBER DTEX 1,3 / 038 MM BRIGHT EN FARDOS DE POLIPROPILENO 100% FIBRA ACRILICA PARA LA",---,SUDAMERICANA DE FIBRAS S.A.,21485.50,21485.50,58484.27,China,Peru,收藏,31_keyword,7,措施范围候选
秘鲁,出口,2026-07-10,5503309000,"ACRYLIC STAPLE FIBER DTEX 1,3 / 038 MM BRIGHT EN FARDOS DE POLIPROPILENO 100% FIBRA ACRILICA PARA LA ACRYLIC STAPLE FIBER DTEX 1,3 / 038 MM BRIGHT EN FARDOS DE POLIPROPILENO 100% FIBRA ACRILICA PARA LA ACRYLIC STAPLE FIBER DTEX 1,3 / 038 MM BRIGHT EN FARDOS DE POLIPROPILENO 100% FIBRA ACRILICA PARA LA ACRYLIC STAPLE FIBER DTEX 1,3 / 038 MM BRIGHT EN FARDOS DE POLIPROPILENO 100% FIBRA ACRILICA PARA LA ACRYLIC STAPLE FIBER DTEX 1,3 / 038 MM BRIGHT EN FARDOS DE POLIPROPILENO 100% FIBRA ACRILICA PARA LA",---,SUDAMERICANA DE FIBRAS S.A.,21121.70,21121.70,57495.21,China,Peru,收藏,31_keyword,8,措施范围候选
秘鲁,出口,2026-07-10,5503309000,"ACRYLIC STAPLE FIBER DTEX 1,3 / 038 MM BRIGHT EN FARDOS DE POLIPROPILENO 100% FIBRA ACRILICA PARA LA ACRYLIC STAPLE FIBER DTEX 1,3 / 038 MM BRIGHT EN FARDOS DE POLIPROPILENO 100% FIBRA ACRILICA PARA LA ACRYLIC STAPLE FIBER DTEX 1,3 / 038 MM BRIGHT EN FARDOS DE POLIPROPILENO 100% FIBRA ACRILICA PARA LA ACRYLIC STAPLE FIBER DTEX 1,3 / 038 MM BRIGHT EN FARDOS DE POLIPROPILENO 100% FIBRA ACRILICA PARA LA ACRYLIC STAPLE FIBER DTEX 1,3 / 038 MM BRIGHT EN FARDOS DE POLIPROPILENO 100% FIBRA ACRILICA PARA LA",---,SUDAMERICANA DE FIBRAS S.A.,20806.60,20806.60,56636.44,China,Peru,收藏,31_keyword,9,措施范围候选
秘鲁,出口,2026-07-10,5503309000,"ACRYLIC STAPLE FIBER DTEX 1,3 / 038 MM BRIGHT EN FARDOS DE POLIPROPILENO 100% FIBRA ACRILICA PARA LA ACRYLIC STAPLE FIBER DTEX 1,3 / 038 MM BRIGHT EN FARDOS DE POLIPROPILENO 100% FIBRA ACRILICA PARA LA ACRYLIC STAPLE FIBER DTEX 1,3 / 038 MM BRIGHT EN FARDOS DE POLIPROPILENO 100% FIBRA ACRILICA PARA LA ACRYLIC STAPLE FIBER DTEX 1,3 / 038 MM BRIGHT EN FARDOS DE POLIPROPILENO 100% FIBRA ACRILICA PARA LA ACRYLIC STAPLE FIBER DTEX 1,3 / 038 MM BRIGHT EN FARDOS DE POLIPROPILENO 100% FIBRA ACRILICA PARA LA",---,SUDAMERICANA DE FIBRAS S.A.,21003.60,21003.60,57173.08,China,Peru,收藏,31_keyword,10,措施范围候选
秘鲁,出口,2026-07-10,5503309000,"ACRYLIC STAPLE FIBER DTEX 1,3 / 038 MM BRIGHT EN FARDOS DE POLIPROPILENO 100% FIBRA ACRILICA PARA LA ACRYLIC STAPLE FIBER DTEX 1,3 / 038 MM BRIGHT EN FARDOS DE POLIPROPILENO 100% FIBRA ACRILICA PARA LA ACRYLIC STAPLE FIBER DTEX 1,3 / 038 MM BRIGHT EN FARDOS DE POLIPROPILENO 100% FIBRA ACRILICA PARA LA ACRYLIC STAPLE FIBER DTEX 1,3 / 038 MM BRIGHT EN FARDOS DE POLIPROPILENO 100% FIBRA ACRILICA PARA LA ACRYLIC STAPLE FIBER DTEX 1,3 / 038 MM BRIGHT EN FARDOS DE POLIPROPILENO 100% FIBRA ACRILICA PARA LA",---,SUDAMERICANA DE FIBRAS S.A.,21335.90,21335.90,58077.57,China,Peru,收藏,31_keyword,11,措施范围候选
秘鲁,出口,2026-07-10,5503309000,"ACRYLIC STAPLE FIBER DTEX 1,3 / 038 MM BRIGHT EN FARDOS DE POLIPROPILENO 100% FIBRA ACRILICA PARA LA ACRYLIC STAPLE FIBER DTEX 1,3 / 038 MM BRIGHT EN FARDOS DE POLIPROPILENO 100% FIBRA ACRILICA PARA LA ACRYLIC STAPLE FIBER DTEX 1,3 / 038 MM BRIGHT EN FARDOS DE POLIPROPILENO 100% FIBRA ACRILICA PARA LA ACRYLIC STAPLE FIBER DTEX 1,3 / 038 MM BRIGHT EN FARDOS DE POLIPROPILENO 100% FIBRA ACRILICA PARA LA ACRYLIC STAPLE FIBER DTEX 1,3 / 038 MM BRIGHT EN FARDOS DE POLIPROPILENO 100% FIBRA ACRILICA PARA LA",---,SUDAMERICANA DE FIBRAS S.A.,21282.10,21282.10,57936.40,China,Peru,收藏,31_keyword,12,措施范围候选
秘鲁,出口,2026-07-10,5503309000,"ACRYLIC STAPLE FIBER DTEX 1,3 / 038 MM BRIGHT EN FARDOS DE POLIPROPILENO 100% FIBRA ACRILICA PARA LA ACRYLIC STAPLE FIBER DTEX 1,3 / 038 MM BRIGHT EN FARDOS DE POLIPROPILENO 100% FIBRA ACRILICA PARA LA ACRYLIC STAPLE FIBER DTEX 1,3 / 038 MM BRIGHT EN FARDOS DE POLIPROPILENO 100% FIBRA ACRILICA PARA LA ACRYLIC STAPLE FIBER DTEX 1,3 / 038 MM BRIGHT EN FARDOS DE POLIPROPILENO 100% FIBRA ACRILICA PARA LA ACRYLIC STAPLE FIBER DTEX 1,3 / 038 MM BRIGHT EN FARDOS DE POLIPROPILENO 100% FIBRA ACRILICA PARA LA",---,SUDAMERICANA DE FIBRAS S.A.,21667.60,21667.60,58985.75,China,Peru,收藏,31_keyword,13,措施范围候选
秘鲁,出口,2026-07-10,5503309000,"ACRYLIC STAPLE FIBER DTEX 1,3 / 038 MM BRIGHT EN FARDOS DE POLIPROPILENO 100% FIBRA ACRILICA PARA LA ACRYLIC STAPLE FIBER DTEX 1,3 / 038 MM BRIGHT EN FARDOS DE POLIPROPILENO 100% FIBRA ACRILICA PARA LA ACRYLIC STAPLE FIBER DTEX 1,3 / 038 MM BRIGHT EN FARDOS DE POLIPROPILENO 100% FIBRA ACRILICA PARA LA ACRYLIC STAPLE FIBER DTEX 1,3 / 038 MM BRIGHT EN FARDOS DE POLIPROPILENO 100% FIBRA ACRILICA PARA LA ACRYLIC STAPLE FIBER DTEX 1,3 / 038 MM BRIGHT EN FARDOS DE POLIPROPILENO 100% FIBRA ACRILICA PARA LA",---,SUDAMERICANA DE FIBRAS S.A.,20966.20,20966.20,57066.09,China,Peru,收藏,31_keyword,14,措施范围候选
秘鲁,出口,2026-07-10,5503309000,"ACRYLIC STAPLE FIBER DTEX 1,3 / 038 MM BRIGHT EN FARDOS DE POLIPROPILENO 100% FIBRA ACRILICA PARA LA ACRYLIC STAPLE FIBER DTEX 1,3 / 038 MM BRIGHT EN FARDOS DE POLIPROPILENO 100% FIBRA ACRILICA PARA LA ACRYLIC STAPLE FIBER DTEX 1,3 / 038 MM BRIGHT EN FARDOS DE POLIPROPILENO 100% FIBRA ACRILICA PARA LA ACRYLIC STAPLE FIBER DTEX 1,3 / 038 MM BRIGHT EN FARDOS DE POLIPROPILENO 100% FIBRA ACRILICA PARA LA ACRYLIC STAPLE FIBER DTEX 1,3 / 038 MM BRIGHT EN FARDOS DE POLIPROPILENO 100% FIBRA ACRILICA PARA LA",---,SUDAMERICANA DE FIBRAS S.A.,20763.80,20763.80,56515.16,China,Peru,收藏,31_keyword,15,措施范围候选
秘鲁,出口,2026-07-10,5503309000,"ACRYLIC STAPLE FIBER DTEX 1,3 / 038 MM BRIGHT EN FARDOS DE POLIPROPILENO 100% FIBRA ACRILICA PARA LA ACRYLIC STAPLE FIBER DTEX 1,3 / 038 MM BRIGHT EN FARDOS DE POLIPROPILENO 100% FIBRA ACRILICA PARA LA ACRYLIC STAPLE FIBER DTEX 1,3 / 038 MM BRIGHT EN FARDOS DE POLIPROPILENO 100% FIBRA ACRILICA PARA LA ACRYLIC STAPLE FIBER DTEX 1,3 / 038 MM BRIGHT EN FARDOS DE POLIPROPILENO 100% FIBRA ACRILICA PARA LA ACRYLIC STAPLE FIBER DTEX 1,3 / 038 MM BRIGHT EN FARDOS DE POLIPROPILENO 100% FIBRA ACRILICA PARA LA",---,SUDAMERICANA DE FIBRAS S.A.,20276.50,20276.50,55180.55,China,Peru,收藏,31_keyword,16,措施范围候选
秘鲁,出口,2026-07-10,5503309000,"ACRYLIC STAPLE FIBER DTEX 1,3 / 038 MM BRIGHT EN FARDOS DE POLIPROPILENO 100% FIBRA ACRILICA PARA LA ACRYLIC STAPLE FIBER DTEX 1,3 / 038 MM BRIGHT EN FARDOS DE POLIPROPILENO 100% FIBRA ACRILICA PARA LA ACRYLIC STAPLE FIBER DTEX 1,3 / 038 MM BRIGHT EN FARDOS DE POLIPROPILENO 100% FIBRA ACRILICA PARA LA ACRYLIC STAPLE FIBER DTEX 1,3 / 038 MM BRIGHT EN FARDOS DE POLIPROPILENO 100% FIBRA ACRILICA PARA LA ACRYLIC STAPLE FIBER DTEX 1,3 / 038 MM BRIGHT EN FARDOS DE POLIPROPILENO 100% FIBRA ACRILICA PARA LA",---,SUDAMERICANA DE FIBRAS S.A.,20488.60,20488.60,55757.80,China,Peru,收藏,31_keyword,17,措施范围候选
秘鲁,出口,2026-07-03,5503309000,"ACRYLIC STAPLE FIBER DTEX 1,3 / 038 MM BRIGHT EN FARDOS DE POLIPROPILENO 100% FIBRA ACRILICA PARA LA ACRYLIC STAPLE FIBER DTEX 1,3 / 038 MM BRIGHT EN FARDOS DE POLIPROPILENO 100% FIBRA ACRILICA PARA LA ACRYLIC STAPLE FIBER DTEX 1,3 / 038 MM BRIGHT EN FARDOS DE POLIPROPILENO 100% FIBRA ACRILICA PARA LA ACRYLIC STAPLE FIBER DTEX 1,3 / 038 MM BRIGHT EN FARDOS DE POLIPROPILENO 100% FIBRA ACRILICA PARA LA ACRYLIC STAPLE FIBER DTEX 1,3 / 038 MM BRIGHT EN FARDOS DE POLIPROPILENO 100% FIBRA ACRILICA PARA LA",---,SUDAMERICANA DE FIBRAS S.A.,21395.10,21395.10,58240.51,China,Peru,收藏,31_keyword,18,措施范围候选
秘鲁,出口,2026-07-03,5503309000,"ACRYLIC STAPLE FIBER DTEX 1,3 / 038 MM BRIGHT EN FARDOS DE POLIPROPILENO 100% FIBRA ACRILICA PARA LA ACRYLIC STAPLE FIBER DTEX 1,3 / 038 MM BRIGHT EN FARDOS DE POLIPROPILENO 100% FIBRA ACRILICA PARA LA ACRYLIC STAPLE FIBER DTEX 1,3 / 038 MM BRIGHT EN FARDOS DE POLIPROPILENO 100% FIBRA ACRILICA PARA LA ACRYLIC STAPLE FIBER DTEX 1,3 / 038 MM BRIGHT EN FARDOS DE POLIPROPILENO 100% FIBRA ACRILICA PARA LA ACRYLIC STAPLE FIBER DTEX 1,3 / 038 MM BRIGHT EN FARDOS DE POLIPROPILENO 100% FIBRA ACRILICA PARA LA",---,SUDAMERICANA DE FIBRAS S.A.,21413.10,21413.10,58291.31,China,Peru,收藏,31_keyword,19,措施范围候选
秘鲁,出口,2026-07-03,5503309000,"ACRYLIC STAPLE FIBER DTEX 1,3 / 038 MM BRIGHT EN FARDOS DE POLIPROPILENO 100% FIBRA ACRILICA PARA LA ACRYLIC STAPLE FIBER DTEX 1,3 / 038 MM BRIGHT EN FARDOS DE POLIPROPILENO 100% FIBRA ACRILICA PARA LA ACRYLIC STAPLE FIBER DTEX 1,3 / 038 MM BRIGHT EN FARDOS DE POLIPROPILENO 100% FIBRA ACRILICA PARA LA ACRYLIC STAPLE FIBER DTEX 1,3 / 038 MM BRIGHT EN FARDOS DE POLIPROPILENO 100% FIBRA ACRILICA PARA LA ACRYLIC STAPLE FIBER DTEX 1,3 / 038 MM BRIGHT EN FARDOS DE POLIPROPILENO 100% FIBRA ACRILICA PARA LA",---,SUDAMERICANA DE FIBRAS S.A.,21346.70,21346.70,58110.63,China,Peru,收藏,31_keyword,20,措施范围候选
秘鲁,出口,2026-07-03,5503309000,"ACRYLIC STAPLE FIBER DTEX 1,3 / 038 MM BRIGHT EN FARDOS DE POLIPROPILENO 100% FIBRA ACRILICA PARA LA ACRYLIC STAPLE FIBER DTEX 1,3 / 038 MM BRIGHT EN FARDOS DE POLIPROPILENO 100% FIBRA ACRILICA PARA LA ACRYLIC STAPLE FIBER DTEX 1,3 / 038 MM BRIGHT EN FARDOS DE POLIPROPILENO 100% FIBRA ACRILICA PARA LA ACRYLIC STAPLE FIBER DTEX 1,3 / 038 MM BRIGHT EN FARDOS DE POLIPROPILENO 100% FIBRA ACRILICA PARA LA ACRYLIC STAPLE FIBER DTEX 1,3 / 038 MM BRIGHT EN FARDOS DE POLIPROPILENO 100% FIBRA ACRILICA PARA LA",---,SUDAMERICANA DE FIBRAS S.A.,21151.00,21151.00,57576.14,China,Peru,收藏,31_keyword,21,措施范围候选
秘鲁,出口,2026-06-30,5503309000,"ACRYLIC STAPLE FIBER DTEX 0,9 / 038 MM SEMIDULL EN FARDOS DE POLIPROPILENO 100% FIBRA ACRILICA PARA ACRYLIC STAPLE FIBER DTEX 0,9 / 038 MM SEMIDULL EN FARDOS DE POLIPROPILENO 100% FIBRA ACRILICA PARA ACRYLIC STAPLE FIBER DTEX 0,9 / 038 MM SEMIDULL EN FARDOS DE POLIPROPILENO 100% FIBRA ACRILICA PARA ACRYLIC STAPLE FIBER DTEX 0,9 / 038 MM SEMIDULL EN FARDOS DE POLIPROPILENO 100% FIBRA ACRILICA PARA ACRYLIC STAPLE FIBER DTEX 0,9 / 038 MM SEMIDULL EN FARDOS DE POLIPROPILENO 100% FIBRA ACRILICA PARA",---,SUDAMERICANA DE FIBRAS S.A.,20907.00,20907.00,73844.93,China,Peru,收藏,31_keyword,22,措施范围候选
秘鲁,出口,2026-06-30,5503309000,"ACRYLIC STAPLE FIBER DTEX 0,9 / 038 MM SEMIDULL EN FARDOS DE POLIPROPILENO 100% FIBRA ACRILICA PARA ACRYLIC STAPLE FIBER DTEX 0,9 / 038 MM SEMIDULL EN FARDOS DE POLIPROPILENO 100% FIBRA ACRILICA PARA ACRYLIC STAPLE FIBER DTEX 0,9 / 038 MM SEMIDULL EN FARDOS DE POLIPROPILENO 100% FIBRA ACRILICA PARA ACRYLIC STAPLE FIBER DTEX 0,9 / 038 MM SEMIDULL EN FARDOS DE POLIPROPILENO 100% FIBRA ACRILICA PARA ACRYLIC STAPLE FIBER DTEX 0,9 / 038 MM SEMIDULL EN FARDOS DE POLIPROPILENO 100% FIBRA ACRILICA PARA",---,SUDAMERICANA DE FIBRAS S.A.,21784.50,21784.50,80647.31,China,Peru,收藏,31_keyword,23,措施范围候选
秘鲁,出口,2026-06-30,5503309000,"ACRYLIC STAPLE FIBER DTEX 0,9 / 038 MM SEMIDULL EN FARDOS DE POLIPROPILENO 100% FIBRA ACRILICA PARA ACRYLIC STAPLE FIBER DTEX 0,9 / 038 MM SEMIDULL EN FARDOS DE POLIPROPILENO 100% FIBRA ACRILICA PARA ACRYLIC STAPLE FIBER DTEX 0,9 / 038 MM SEMIDULL EN FARDOS DE POLIPROPILENO 100% FIBRA ACRILICA PARA ACRYLIC STAPLE FIBER DTEX 0,9 / 038 MM SEMIDULL EN FARDOS DE POLIPROPILENO 100% FIBRA ACRILICA PARA ACRYLIC STAPLE FIBER DTEX 0,9 / 038 MM SEMIDULL EN FARDOS DE POLIPROPILENO 100% FIBRA ACRILICA PARA",---,SUDAMERICANA DE FIBRAS S.A.,21374.10,21374.10,79127.99,China,Peru,收藏,31_keyword,24,措施范围候选
秘鲁,出口,2026-06-30,5503309000,"ACRYLIC STAPLE FIBER DTEX 0,9 / 038 MM SEMIDULL EN FARDOS DE POLIPROPILENO 100% FIBRA ACRILICA PARA ACRYLIC STAPLE FIBER DTEX 0,9 / 038 MM SEMIDULL EN FARDOS DE POLIPROPILENO 100% FIBRA ACRILICA PARA ACRYLIC STAPLE FIBER DTEX 0,9 / 038 MM SEMIDULL EN FARDOS DE POLIPROPILENO 100% FIBRA ACRILICA PARA ACRYLIC STAPLE FIBER DTEX 0,9 / 038 MM SEMIDULL EN FARDOS DE POLIPROPILENO 100% FIBRA ACRILICA PARA ACRYLIC STAPLE FIBER DTEX 0,9 / 038 MM SEMIDULL EN FARDOS DE POLIPROPILENO 100% FIBRA ACRILICA PARA",---,SUDAMERICANA DE FIBRAS S.A.,21111.60,21111.60,78138.22,China,Peru,收藏,31_keyword,25,措施范围候选
印度尼西亚,出口,2026-06-26,55033000,ACRYLIC FIBER,QINGDAO DONG LIM PLUSH CO LTD,PT VONEX INDONESIA,5737.00,5737.00,11631.73,China,Indonesia,收藏,31_keyword,26,措施范围候选
印度尼西亚,出口,2026-06-23,61103000,MEN PUFFY TOUCH KNIT V NECK CARDIGAN/CL 39% NYLON 30% POLYESTER (MADE WITH 100% RECYCLED POLYESTER FIBERS) 28% ACRYLIC 3% POLYURETHANE,FAST RETAILING SHANGHAI ENTERPRISE MANAGEMENT CONSULTING CO LTD,LEETEX GARMENT INDONESIA,3.50,7.00,7.00,China,Indonesia,收藏,31_keyword,27,待规格/税号复核
印度尼西亚,出口,2026-06-23,61103000,MEN PUFFY TOUCH KNIT HENLEY NECK SWEATER/UL 39% NYLON 30% POLYESTER (MADE WITH 100% RECYCLED POLYESTER FIBERS) 28% ACRYLIC 3% POLYURETHANE,FAST RETAILING SHANGHAI ENTERPRISE MANAGEMENT CONSULTING CO LTD,LEETEX GARMENT INDONESIA,3.50,7.00,7.00,China,Indonesia,收藏,31_keyword,28,待规格/税号复核
越南全港,出口,2026-06-20,62043300,"PRJKG8933E#&ÁO JACKET NỮ, 50%POLYESTER 45%WOOL 2%NYLON 1%ACRYLIC 1%REGENERATED CELLULOSE FIBER 1%SPAN, NHÃN HIỆU PRICH, HÀNG MỚI 100%, ĐƠN GIÁ GIA CÔNG $11.39/PCE#&VN",ELAND WORLD LTD/E-LAND FASHION HONG KONG LIMITED,CôNG TY TNHH E.LAND VIệT NAM,,1060.00,637049400.00,China,Vietnam,收藏,31_keyword,29,待规格/税号复核
秘鲁,出口,2026-06-12,5503309000,"ACRYLIC STAPLE FIBER DTEX 1,3 / 038 MM BRIGHT EN FARDOS DE POLIPROPILENO 100% FIBRA ACRILICA PARA LA ACRYLIC STAPLE FIBER DTEX 1,3 / 038 MM BRIGHT EN FARDOS DE POLIPROPILENO 100% FIBRA ACRILICA PARA LA ACRYLIC STAPLE FIBER DTEX 1,3 / 038 MM BRIGHT EN FARDOS DE POLIPROPILENO 100% FIBRA ACRILICA PARA LA ACRYLIC STAPLE FIBER DTEX 1,3 / 038 MM BRIGHT EN FARDOS DE POLIPROPILENO 100% FIBRA ACRILICA PARA LA ACRYLIC STAPLE FIBER DTEX 1,3 / 038 MM BRIGHT EN FARDOS DE POLIPROPILENO 100% FIBRA ACRILICA PARA LA",---,SUDAMERICANA DE FIBRAS S.A.,21478.40,21478.40,53101.25,China,Peru,收藏,31_keyword,30,措施范围候选
秘鲁,出口,2026-06-12,5503309000,"ACRYLIC STAPLE FIBER DTEX 1,3 / 038 MM BRIGHT EN FARDOS DE POLIPROPILENO 100% FIBRA ACRILICA PARA LA ACRYLIC STAPLE FIBER DTEX 1,3 / 038 MM BRIGHT EN FARDOS DE POLIPROPILENO 100% FIBRA ACRILICA PARA LA ACRYLIC STAPLE FIBER DTEX 1,3 / 038 MM BRIGHT EN FARDOS DE POLIPROPILENO 100% FIBRA ACRILICA PARA LA ACRYLIC STAPLE FIBER DTEX 1,3 / 038 MM BRIGHT EN FARDOS DE POLIPROPILENO 100% FIBRA ACRILICA PARA LA ACRYLIC STAPLE FIBER DTEX 1,3 / 038 MM BRIGHT EN FARDOS DE POLIPROPILENO 100% FIBRA ACRILICA PARA LA",---,SUDAMERICANA DE FIBRAS S.A.,21168.70,21168.70,52332.14,China,Peru,收藏,31_keyword,31,措施范围候选
秘鲁,出口,2026-06-12,5503309000,"ACRYLIC STAPLE FIBER DTEX 1,3 / 038 MM BRIGHT EN FARDOS DE POLIPROPILENO 100% FIBRA ACRILICA PARA LA ACRYLIC STAPLE FIBER DTEX 1,3 / 038 MM BRIGHT EN FARDOS DE POLIPROPILENO 100% FIBRA ACRILICA PARA LA ACRYLIC STAPLE FIBER DTEX 1,3 / 038 MM BRIGHT EN FARDOS DE POLIPROPILENO 100% FIBRA ACRILICA PARA LA ACRYLIC STAPLE FIBER DTEX 1,3 / 038 MM BRIGHT EN FARDOS DE POLIPROPILENO 100% FIBRA ACRILICA PARA LA ACRYLIC STAPLE FIBER DTEX 1,3 / 038 MM BRIGHT EN FARDOS DE POLIPROPILENO 100% FIBRA ACRILICA PARA LA",---,SUDAMERICANA DE FIBRAS S.A.,21265.80,21265.80,52575.62,China,Peru,收藏,31_keyword,32,措施范围候选
秘鲁,出口,2026-06-12,5503309000,"ACRYLIC STAPLE FIBER DTEX 1,3 / 038 MM BRIGHT EN FARDOS DE POLIPROPILENO 100% FIBRA ACRILICA PARA LA ACRYLIC STAPLE FIBER DTEX 1,3 / 038 MM BRIGHT EN FARDOS DE POLIPROPILENO 100% FIBRA ACRILICA PARA LA ACRYLIC STAPLE FIBER DTEX 1,3 / 038 MM BRIGHT EN FARDOS DE POLIPROPILENO 100% FIBRA ACRILICA PARA LA ACRYLIC STAPLE FIBER DTEX 1,3 / 038 MM BRIGHT EN FARDOS DE POLIPROPILENO 100% FIBRA ACRILICA PARA LA ACRYLIC STAPLE FIBER DTEX 1,3 / 038 MM BRIGHT EN FARDOS DE POLIPROPILENO 100% FIBRA ACRILICA PARA LA",---,SUDAMERICANA DE FIBRAS S.A.,21519.70,21519.70,49118.50,China,Peru,收藏,31_keyword,33,措施范围候选
秘鲁,出口,2026-06-12,5503309000,"ACRYLIC STAPLE FIBER DTEX 1,3 / 038 MM BRIGHT EN FARDOS DE POLIPROPILENO 100% FIBRA ACRILICA PARA LA ACRYLIC STAPLE FIBER DTEX 1,3 / 038 MM BRIGHT EN FARDOS DE POLIPROPILENO 100% FIBRA ACRILICA PARA LA ACRYLIC STAPLE FIBER DTEX 1,3 / 038 MM BRIGHT EN FARDOS DE POLIPROPILENO 100% FIBRA ACRILICA PARA LA ACRYLIC STAPLE FIBER DTEX 1,3 / 038 MM BRIGHT EN FARDOS DE POLIPROPILENO 100% FIBRA ACRILICA PARA LA ACRYLIC STAPLE FIBER DTEX 1,3 / 038 MM BRIGHT EN FARDOS DE POLIPROPILENO 100% FIBRA ACRILICA PARA LA",---,SUDAMERICANA DE FIBRAS S.A.,21346.40,21346.40,48720.70,China,Peru,收藏,31_keyword,34,措施范围候选
秘鲁,出口,2026-06-12,5503309000,"ACRYLIC STAPLE FIBER DTEX 1,3 / 038 MM BRIGHT EN FARDOS DE POLIPROPILENO 100% FIBRA ACRILICA PARA LA ACRYLIC STAPLE FIBER DTEX 1,3 / 038 MM BRIGHT EN FARDOS DE POLIPROPILENO 100% FIBRA ACRILICA PARA LA ACRYLIC STAPLE FIBER DTEX 1,3 / 038 MM BRIGHT EN FARDOS DE POLIPROPILENO 100% FIBRA ACRILICA PARA LA ACRYLIC STAPLE FIBER DTEX 1,3 / 038 MM BRIGHT EN FARDOS DE POLIPROPILENO 100% FIBRA ACRILICA PARA LA ACRYLIC STAPLE FIBER DTEX 1,3 / 038 MM BRIGHT EN FARDOS DE POLIPROPILENO 100% FIBRA ACRILICA PARA LA",---,SUDAMERICANA DE FIBRAS S.A.,21440.90,21440.90,48936.51,China,Peru,收藏,31_keyword,35,措施范围候选
秘鲁,出口,2026-06-10,5503309000,"ACRYLIC STAPLE FIBER DTEX 1,3 / 038 MM BRIGHT EN FARDOS DE POLIPROPILENO 100% FIBRA ACRILICA PARA LA ACRYLIC STAPLE FIBER DTEX 1,3 / 038 MM BRIGHT EN FARDOS DE POLIPROPILENO 100% FIBRA ACRILICA PARA LA ACRYLIC STAPLE FIBER DTEX 1,3 / 038 MM BRIGHT EN FARDOS DE POLIPROPILENO 100% FIBRA ACRILICA PARA LA ACRYLIC STAPLE FIBER DTEX 1,3 / 038 MM BRIGHT EN FARDOS DE POLIPROPILENO 100% FIBRA ACRILICA PARA LA ACRYLIC STAPLE FIBER DTEX 1,3 / 038 MM BRIGHT EN FARDOS DE POLIPROPILENO 100% FIBRA ACRILICA PARA LA",---,SUDAMERICANA DE FIBRAS S.A.,21541.40,21541.40,49168.32,China,Peru,收藏,31_keyword,36,措施范围候选
秘鲁,出口,2026-06-10,5503309000,"ACRYLIC STAPLE FIBER DTEX 1,3 / 038 MM BRIGHT EN FARDOS DE POLIPROPILENO 100% FIBRA ACRILICA PARA LA ACRYLIC STAPLE FIBER DTEX 1,3 / 038 MM BRIGHT EN FARDOS DE POLIPROPILENO 100% FIBRA ACRILICA PARA LA ACRYLIC STAPLE FIBER DTEX 1,3 / 038 MM BRIGHT EN FARDOS DE POLIPROPILENO 100% FIBRA ACRILICA PARA LA ACRYLIC STAPLE FIBER DTEX 1,3 / 038 MM BRIGHT EN FARDOS DE POLIPROPILENO 100% FIBRA ACRILICA PARA LA ACRYLIC STAPLE FIBER DTEX 1,3 / 038 MM BRIGHT EN FARDOS DE POLIPROPILENO 100% FIBRA ACRILICA PARA LA",---,SUDAMERICANA DE FIBRAS S.A.,21309.30,21309.30,48635.17,China,Peru,收藏,31_keyword,37,措施范围候选
秘鲁,出口,2026-06-10,5503309000,"ACRYLIC STAPLE FIBER DTEX 1,3 / 038 MM BRIGHT EN FARDOS DE POLIPROPILENO 100% FIBRA ACRILICA PARA LA ACRYLIC STAPLE FIBER DTEX 1,3 / 038 MM BRIGHT EN FARDOS DE POLIPROPILENO 100% FIBRA ACRILICA PARA LA ACRYLIC STAPLE FIBER DTEX 1,3 / 038 MM BRIGHT EN FARDOS DE POLIPROPILENO 100% FIBRA ACRILICA PARA LA ACRYLIC STAPLE FIBER DTEX 1,3 / 038 MM BRIGHT EN FARDOS DE POLIPROPILENO 100% FIBRA ACRILICA PARA LA ACRYLIC STAPLE FIBER DTEX 1,3 / 038 MM BRIGHT EN FARDOS DE POLIPROPILENO 100% FIBRA ACRILICA PARA LA",---,SUDAMERICANA DE FIBRAS S.A.,21369.20,21369.20,48771.88,China,Peru,收藏,31_keyword,38,措施范围候选
秘鲁,出口,2026-06-10,5503309000,"ACRYLIC STAPLE FIBER DTEX 1,3 / 038 MM BRIGHT EN FARDOS DE POLIPROPILENO 100% FIBRA ACRILICA PARA LA ACRYLIC STAPLE FIBER DTEX 1,3 / 038 MM BRIGHT EN FARDOS DE POLIPROPILENO 100% FIBRA ACRILICA PARA LA ACRYLIC STAPLE FIBER DTEX 1,3 / 038 MM BRIGHT EN FARDOS DE POLIPROPILENO 100% FIBRA ACRILICA PARA LA ACRYLIC STAPLE FIBER DTEX 1,3 / 038 MM BRIGHT EN FARDOS DE POLIPROPILENO 100% FIBRA ACRILICA PARA LA ACRYLIC STAPLE FIBER DTEX 1,3 / 038 MM BRIGHT EN FARDOS DE POLIPROPILENO 100% FIBRA ACRILICA PARA LA",---,SUDAMERICANA DE FIBRAS S.A.,20945.60,20945.60,47801.32,China,Peru,收藏,31_keyword,39,措施范围候选
秘鲁,出口,2026-06-10,5503309000,"ACRYLIC STAPLE FIBER DTEX 1,3 / 038 MM BRIGHT EN FARDOS DE POLIPROPILENO 100% FIBRA ACRILICA PARA LA ACRYLIC STAPLE FIBER DTEX 1,3 / 038 MM BRIGHT EN FARDOS DE POLIPROPILENO 100% FIBRA ACRILICA PARA LA ACRYLIC STAPLE FIBER DTEX 1,3 / 038 MM BRIGHT EN FARDOS DE POLIPROPILENO 100% FIBRA ACRILICA PARA LA ACRYLIC STAPLE FIBER DTEX 1,3 / 038 MM BRIGHT EN FARDOS DE POLIPROPILENO 100% FIBRA ACRILICA PARA LA ACRYLIC STAPLE FIBER DTEX 1,3 / 038 MM BRIGHT EN FARDOS DE POLIPROPILENO 100% FIBRA ACRILICA PARA LA",---,SUDAMERICANA DE FIBRAS S.A.,21280.70,21280.70,48566.06,China,Peru,收藏,31_keyword,40,措施范围候选
秘鲁,出口,2026-06-08,5503309000,"ACRYLIC STAPLE FIBER DTEX 0,9 / 038 MM SEMIDULL EN FARDOS DE POLIPROPILENO 100% FIBRA ACRILICA PARA ACRYLIC STAPLE FIBER DTEX 0,9 / 038 MM SEMIDULL EN FARDOS DE POLIPROPILENO 100% FIBRA ACRILICA PARA ACRYLIC STAPLE FIBER DTEX 0,9 / 038 MM SEMIDULL EN FARDOS DE POLIPROPILENO 100% FIBRA ACRILICA PARA ACRYLIC STAPLE FIBER DTEX 0,9 / 038 MM SEMIDULL EN FARDOS DE POLIPROPILENO 100% FIBRA ACRILICA PARA ACRYLIC STAPLE FIBER DTEX 0,9 / 038 MM SEMIDULL EN FARDOS DE POLIPROPILENO 100% FIBRA ACRILICA PARA",---,SUDAMERICANA DE FIBRAS S.A.,21333.20,21333.20,78970.51,China,Peru,收藏,31_keyword,41,措施范围候选
秘鲁,出口,2026-06-08,5503309000,"ACRYLIC STAPLE FIBER DTEX 0,9 / 038 MM SEMIDULL EN FARDOS DE POLIPROPILENO 100% FIBRA ACRILICA PARA ACRYLIC STAPLE FIBER DTEX 0,9 / 038 MM SEMIDULL EN FARDOS DE POLIPROPILENO 100% FIBRA ACRILICA PARA ACRYLIC STAPLE FIBER DTEX 0,9 / 038 MM SEMIDULL EN FARDOS DE POLIPROPILENO 100% FIBRA ACRILICA PARA ACRYLIC STAPLE FIBER DTEX 0,9 / 038 MM SEMIDULL EN FARDOS DE POLIPROPILENO 100% FIBRA ACRILICA PARA ACRYLIC STAPLE FIBER DTEX 0,9 / 038 MM SEMIDULL EN FARDOS DE POLIPROPILENO 100% FIBRA ACRILICA PARA",---,SUDAMERICANA DE FIBRAS S.A.,21611.50,21611.50,80005.22,China,Peru,收藏,31_keyword,42,措施范围候选
秘鲁,出口,2026-06-08,5503309000,"ACRYLIC STAPLE FIBER DTEX 0,9 / 038 MM SEMIDULL EN FARDOS DE POLIPROPILENO 100% FIBRA ACRILICA PARA ACRYLIC STAPLE FIBER DTEX 0,9 / 038 MM SEMIDULL EN FARDOS DE POLIPROPILENO 100% FIBRA ACRILICA PARA ACRYLIC STAPLE FIBER DTEX 0,9 / 038 MM SEMIDULL EN FARDOS DE POLIPROPILENO 100% FIBRA ACRILICA PARA ACRYLIC STAPLE FIBER DTEX 0,9 / 038 MM SEMIDULL EN FARDOS DE POLIPROPILENO 100% FIBRA ACRILICA PARA ACRYLIC STAPLE FIBER DTEX 0,9 / 038 MM SEMIDULL EN FARDOS DE POLIPROPILENO 100% FIBRA ACRILICA PARA",---,SUDAMERICANA DE FIBRAS S.A.,21104.30,21104.30,78123.22,China,Peru,收藏,31_keyword,43,措施范围候选
秘鲁,出口,2026-06-08,5503309000,"ACRYLIC STAPLE FIBER DTEX 0,9 / 038 MM SEMIDULL EN FARDOS DE POLIPROPILENO 100% FIBRA ACRILICA PARA ACRYLIC STAPLE FIBER DTEX 0,9 / 038 MM SEMIDULL EN FARDOS DE POLIPROPILENO 100% FIBRA ACRILICA PARA ACRYLIC STAPLE FIBER DTEX 0,9 / 038 MM SEMIDULL EN FARDOS DE POLIPROPILENO 100% FIBRA ACRILICA PARA ACRYLIC STAPLE FIBER DTEX 0,9 / 038 MM SEMIDULL EN FARDOS DE POLIPROPILENO 100% FIBRA ACRILICA PARA ACRYLIC STAPLE FIBER DTEX 0,9 / 038 MM SEMIDULL EN FARDOS DE POLIPROPILENO 100% FIBRA ACRILICA PARA",---,SUDAMERICANA DE FIBRAS S.A.,21353.10,21353.10,79048.57,China,Peru,收藏,31_keyword,44,措施范围候选
秘鲁,出口,2026-06-08,5503309000,"ACRYLIC STAPLE FIBER DTEX 1,3 / 038 MM BRIGHT EN FARDOS DE POLIPROPILENO 100% FIBRA ACRILICA PARA LA ACRYLIC STAPLE FIBER DTEX 1,3 / 038 MM BRIGHT EN FARDOS DE POLIPROPILENO 100% FIBRA ACRILICA PARA LA ACRYLIC STAPLE FIBER DTEX 1,3 / 038 MM BRIGHT EN FARDOS DE POLIPROPILENO 100% FIBRA ACRILICA PARA LA ACRYLIC STAPLE FIBER DTEX 1,3 / 038 MM BRIGHT EN FARDOS DE POLIPROPILENO 100% FIBRA ACRILICA PARA LA ACRYLIC STAPLE FIBER DTEX 1,3 / 038 MM BRIGHT EN FARDOS DE POLIPROPILENO 100% FIBRA ACRILICA PARA LA",---,SUDAMERICANA DE FIBRAS S.A.,21204.60,21204.60,52424.03,China,Peru,收藏,31_keyword,45,措施范围候选
秘鲁,出口,2026-06-08,5503309000,"ACRYLIC STAPLE FIBER DTEX 1,3 / 038 MM BRIGHT EN FARDOS DE POLIPROPILENO 100% FIBRA ACRILICA PARA LA ACRYLIC STAPLE FIBER DTEX 1,3 / 038 MM BRIGHT EN FARDOS DE POLIPROPILENO 100% FIBRA ACRILICA PARA LA ACRYLIC STAPLE FIBER DTEX 1,3 / 038 MM BRIGHT EN FARDOS DE POLIPROPILENO 100% FIBRA ACRILICA PARA LA ACRYLIC STAPLE FIBER DTEX 1,3 / 038 MM BRIGHT EN FARDOS DE POLIPROPILENO 100% FIBRA ACRILICA PARA LA ACRYLIC STAPLE FIBER DTEX 1,3 / 038 MM BRIGHT EN FARDOS DE POLIPROPILENO 100% FIBRA ACRILICA PARA LA",---,SUDAMERICANA DE FIBRAS S.A.,21503.50,21503.50,53162.95,China,Peru,收藏,31_keyword,46,措施范围候选
秘鲁,出口,2026-06-08,5503309000,"ACRYLIC STAPLE FIBER DTEX 1,3 / 038 MM BRIGHT EN FARDOS DE POLIPROPILENO 100% FIBRA ACRILICA PARA LA ACRYLIC STAPLE FIBER DTEX 1,3 / 038 MM BRIGHT EN FARDOS DE POLIPROPILENO 100% FIBRA ACRILICA PARA LA ACRYLIC STAPLE FIBER DTEX 1,3 / 038 MM BRIGHT EN FARDOS DE POLIPROPILENO 100% FIBRA ACRILICA PARA LA ACRYLIC STAPLE FIBER DTEX 1,3 / 038 MM BRIGHT EN FARDOS DE POLIPROPILENO 100% FIBRA ACRILICA PARA LA ACRYLIC STAPLE FIBER DTEX 1,3 / 038 MM BRIGHT EN FARDOS DE POLIPROPILENO 100% FIBRA ACRILICA PARA LA",---,SUDAMERICANA DE FIBRAS S.A.,21250.60,21250.60,52535.97,China,Peru,收藏,31_keyword,47,措施范围候选
秘鲁,出口,2026-06-08,5503309000,"ACRYLIC STAPLE FIBER DTEX 1,3 / 038 MM BRIGHT EN FARDOS DE POLIPROPILENO 100% FIBRA ACRILICA PARA LA ACRYLIC STAPLE FIBER DTEX 1,3 / 038 MM BRIGHT EN FARDOS DE POLIPROPILENO 100% FIBRA ACRILICA PARA LA ACRYLIC STAPLE FIBER DTEX 1,3 / 038 MM BRIGHT EN FARDOS DE POLIPROPILENO 100% FIBRA ACRILICA PARA LA ACRYLIC STAPLE FIBER DTEX 1,3 / 038 MM BRIGHT EN FARDOS DE POLIPROPILENO 100% FIBRA ACRILICA PARA LA ACRYLIC STAPLE FIBER DTEX 1,3 / 038 MM BRIGHT EN FARDOS DE POLIPROPILENO 100% FIBRA ACRILICA PARA LA",---,SUDAMERICANA DE FIBRAS S.A.,20746.60,20746.60,51282.00,China,Peru,收藏,31_keyword,48,措施范围候选
秘鲁,出口,2026-06-08,5503309000,"ACRYLIC STAPLE FIBER DTEX 1,3 / 038 MM BRIGHT EN FARDOS DE POLIPROPILENO 100% FIBRA ACRILICA PARA LA ACRYLIC STAPLE FIBER DTEX 1,3 / 038 MM BRIGHT EN FARDOS DE POLIPROPILENO 100% FIBRA ACRILICA PARA LA ACRYLIC STAPLE FIBER DTEX 1,3 / 038 MM BRIGHT EN FARDOS DE POLIPROPILENO 100% FIBRA ACRILICA PARA LA ACRYLIC STAPLE FIBER DTEX 1,3 / 038 MM BRIGHT EN FARDOS DE POLIPROPILENO 100% FIBRA ACRILICA PARA LA ACRYLIC STAPLE FIBER DTEX 1,3 / 038 MM BRIGHT EN FARDOS DE POLIPROPILENO 100% FIBRA ACRILICA PARA LA",---,SUDAMERICANA DE FIBRAS S.A.,20805.30,20805.30,51427.06,China,Peru,收藏,31_keyword,49,措施范围候选
秘鲁,出口,2026-06-04,5503309000,"ACRYLIC STAPLE FIBER DTEX 1,3 / 038 MM BRIGHT EN FARDOS DE POLIPROPILENO 100% FIBRA ACRILICA PARA LA ACRYLIC STAPLE FIBER DTEX 1,3 / 038 MM BRIGHT EN FARDOS DE POLIPROPILENO 100% FIBRA ACRILICA PARA LA ACRYLIC STAPLE FIBER DTEX 1,3 / 038 MM BRIGHT EN FARDOS DE POLIPROPILENO 100% FIBRA ACRILICA PARA LA ACRYLIC STAPLE FIBER DTEX 1,3 / 038 MM BRIGHT EN FARDOS DE POLIPROPILENO 100% FIBRA ACRILICA PARA LA ACRYLIC STAPLE FIBER DTEX 1,3 / 038 MM BRIGHT EN FARDOS DE POLIPROPILENO 100% FIBRA ACRILICA PARA LA",---,SUDAMERICANA DE FIBRAS S.A.,21112.20,21112.20,47848.40,China,Peru,收藏,31_keyword,50,措施范围候选
秘鲁,出口,2026-06-04,5503309000,"ACRYLIC STAPLE FIBER DTEX 1,3 / 038 MM BRIGHT EN FARDOS DE POLIPROPILENO 100% FIBRA ACRILICA PARA LA ACRYLIC STAPLE FIBER DTEX 1,3 / 038 MM BRIGHT EN FARDOS DE POLIPROPILENO 100% FIBRA ACRILICA PARA LA ACRYLIC STAPLE FIBER DTEX 1,3 / 038 MM BRIGHT EN FARDOS DE POLIPROPILENO 100% FIBRA ACRILICA PARA LA ACRYLIC STAPLE FIBER DTEX 1,3 / 038 MM BRIGHT EN FARDOS DE POLIPROPILENO 100% FIBRA ACRILICA PARA LA ACRYLIC STAPLE FIBER DTEX 1,3 / 038 MM BRIGHT EN FARDOS DE POLIPROPILENO 100% FIBRA ACRILICA PARA LA",---,SUDAMERICANA DE FIBRAS S.A.,21534.70,21534.70,48805.97,China,Peru,收藏,31_keyword,51,措施范围候选
印度尼西亚,出口,2026-05-26,61103000,"FINE GAUGE KNIT V NECK CARDIGAN/MN BODY/41% NYLON, 30% ACRYLIC, 24% POLYESTER (100% USES RECYCLED POLYESTER FIBER), 5% WOOL RIB/45% NYLON, 26% ACRYLIC, 20% POLYESTER (100% USES RECYCLED POLYESTER FIBER), 5% SPANDEX, 4% WOOL ITEM CODE : 351-360408(63-03) S",GU (SHANGHAI) TRADING CO LTD,LEETEX GARMENT INDONESIA,130.20,504.00,2746.80,China,Indonesia,收藏,31_keyword,52,待规格/税号复核
印度尼西亚,出口,2026-05-26,61103000,FINE GAUGE KNIT CREW NECK SWEATER/MN (41% NYLON 30% ACRYLIC 24% POLYESTER (100% USES RECYCLED POLYESTER FIBER) 5% WOOL) ITEM CODE : 351-360409 (63-03) SAMPLE NO : 61356F046A REF NO : NEA-GC26-041,GU (SHANGHAI) TRADING CO LTD,LEETEX GARMENT INDONESIA,118.00,504.00,2499.84,China,Indonesia,收藏,31_keyword,53,待规格/税号复核
秘鲁,出口,2026-05-19,5503309000,"ACRYLIC STAPLE FIBER DTEX 1,3 / 038 MM BRIGHT EN FARDOS DE POLIPROPILENO 100% FIBRA ACRILICA PARA LA ACRYLIC STAPLE FIBER DTEX 1,3 / 038 MM BRIGHT EN FARDOS DE POLIPROPILENO 100% FIBRA ACRILICA PARA LA ACRYLIC STAPLE FIBER DTEX 1,3 / 038 MM BRIGHT EN FARDOS DE POLIPROPILENO 100% FIBRA ACRILICA PARA LA ACRYLIC STAPLE FIBER DTEX 1,3 / 038 MM BRIGHT EN FARDOS DE POLIPROPILENO 100% FIBRA ACRILICA PARA LA ACRYLIC STAPLE FIBER DTEX 1,3 / 038 MM BRIGHT EN FARDOS DE POLIPROPILENO 100% FIBRA ACRILICA PARA LA",---,SUDAMERICANA DE FIBRAS S.A.,20976.60,20976.60,47873.95,China,Peru,收藏,31_keyword,54,措施范围候选
秘鲁,出口,2026-05-19,5503309000,"ACRYLIC STAPLE FIBER DTEX 1,3 / 038 MM BRIGHT EN FARDOS DE POLIPROPILENO 100% FIBRA ACRILICA PARA LA ACRYLIC STAPLE FIBER DTEX 1,3 / 038 MM BRIGHT EN FARDOS DE POLIPROPILENO 100% FIBRA ACRILICA PARA LA ACRYLIC STAPLE FIBER DTEX 1,3 / 038 MM BRIGHT EN FARDOS DE POLIPROPILENO 100% FIBRA ACRILICA PARA LA ACRYLIC STAPLE FIBER DTEX 1,3 / 038 MM BRIGHT EN FARDOS DE POLIPROPILENO 100% FIBRA ACRILICA PARA LA ACRYLIC STAPLE FIBER DTEX 1,3 / 038 MM BRIGHT EN FARDOS DE POLIPROPILENO 100% FIBRA ACRILICA PARA LA",---,SUDAMERICANA DE FIBRAS S.A.,21058.50,21058.50,48056.42,China,Peru,收藏,31_keyword,55,措施范围候选
秘鲁,出口,2026-05-19,5503309000,"ACRYLIC STAPLE FIBER DTEX 1,3 / 038 MM BRIGHT EN FARDOS DE POLIPROPILENO 100% FIBRA ACRILICA PARA LA ACRYLIC STAPLE FIBER DTEX 1,3 / 038 MM BRIGHT EN FARDOS DE POLIPROPILENO 100% FIBRA ACRILICA PARA LA ACRYLIC STAPLE FIBER DTEX 1,3 / 038 MM BRIGHT EN FARDOS DE POLIPROPILENO 100% FIBRA ACRILICA PARA LA ACRYLIC STAPLE FIBER DTEX 1,3 / 038 MM BRIGHT EN FARDOS DE POLIPROPILENO 100% FIBRA ACRILICA PARA LA ACRYLIC STAPLE FIBER DTEX 1,3 / 038 MM BRIGHT EN FARDOS DE POLIPROPILENO 100% FIBRA ACRILICA PARA LA",---,SUDAMERICANA DE FIBRAS S.A.,21475.70,21475.70,49013.00,China,Peru,收藏,31_keyword,56,措施范围候选
秘鲁,出口,2026-05-19,5503309000,"ACRYLIC STAPLE FIBER DTEX 1,3 / 038 MM BRIGHT EN FARDOS DE POLIPROPILENO 100% FIBRA ACRILICA PARA LA ACRYLIC STAPLE FIBER DTEX 1,3 / 038 MM BRIGHT EN FARDOS DE POLIPROPILENO 100% FIBRA ACRILICA PARA LA ACRYLIC STAPLE FIBER DTEX 1,3 / 038 MM BRIGHT EN FARDOS DE POLIPROPILENO 100% FIBRA ACRILICA PARA LA ACRYLIC STAPLE FIBER DTEX 1,3 / 038 MM BRIGHT EN FARDOS DE POLIPROPILENO 100% FIBRA ACRILICA PARA LA ACRYLIC STAPLE FIBER DTEX 1,3 / 038 MM BRIGHT EN FARDOS DE POLIPROPILENO 100% FIBRA ACRILICA PARA LA",---,SUDAMERICANA DE FIBRAS S.A.,20871.80,20871.80,47630.37,China,Peru,收藏,31_keyword,57,措施范围候选
秘鲁,出口,2026-05-13,5503309000,"ACRYLIC STAPLE FIBER DTEX 1,3 / 038 MM BRIGHT EN FARDOS DE POLIPROPILENO 100% FIBRA ACRILICA PARA LA ACRYLIC STAPLE FIBER DTEX 1,3 / 038 MM BRIGHT EN FARDOS DE POLIPROPILENO 100% FIBRA ACRILICA PARA LA ACRYLIC STAPLE FIBER DTEX 1,3 / 038 MM BRIGHT EN FARDOS DE POLIPROPILENO 100% FIBRA ACRILICA PARA LA ACRYLIC STAPLE FIBER DTEX 1,3 / 038 MM BRIGHT EN FARDOS DE POLIPROPILENO 100% FIBRA ACRILICA PARA LA ACRYLIC STAPLE FIBER DTEX 1,3 / 038 MM BRIGHT EN FARDOS DE POLIPROPILENO 100% FIBRA ACRILICA PARA LA",---,SUDAMERICANA DE FIBRAS S.A.,21106.30,21106.30,52185.16,China,Peru,收藏,31_keyword,58,措施范围候选
秘鲁,出口,2026-05-13,5503309000,"ACRYLIC STAPLE FIBER DTEX 1,3 / 038 MM BRIGHT EN FARDOS DE POLIPROPILENO 100% FIBRA ACRILICA PARA LA ACRYLIC STAPLE FIBER DTEX 1,3 / 038 MM BRIGHT EN FARDOS DE POLIPROPILENO 100% FIBRA ACRILICA PARA LA ACRYLIC STAPLE FIBER DTEX 1,3 / 038 MM BRIGHT EN FARDOS DE POLIPROPILENO 100% FIBRA ACRILICA PARA LA ACRYLIC STAPLE FIBER DTEX 1,3 / 038 MM BRIGHT EN FARDOS DE POLIPROPILENO 100% FIBRA ACRILICA PARA LA ACRYLIC STAPLE FIBER DTEX 1,3 / 038 MM BRIGHT EN FARDOS DE POLIPROPILENO 100% FIBRA ACRILICA PARA LA",---,SUDAMERICANA DE FIBRAS S.A.,21098.30,21098.30,52157.46,China,Peru,收藏,31_keyword,59,措施范围候选
秘鲁,出口,2026-05-13,5503309000,"ACRYLIC STAPLE FIBER DTEX 1,3 / 038 MM BRIGHT EN FARDOS DE POLIPROPILENO 100% FIBRA ACRILICA PARA LA ACRYLIC STAPLE FIBER DTEX 1,3 / 038 MM BRIGHT EN FARDOS DE POLIPROPILENO 100% FIBRA ACRILICA PARA LA ACRYLIC STAPLE FIBER DTEX 1,3 / 038 MM BRIGHT EN FARDOS DE POLIPROPILENO 100% FIBRA ACRILICA PARA LA ACRYLIC STAPLE FIBER DTEX 1,3 / 038 MM BRIGHT EN FARDOS DE POLIPROPILENO 100% FIBRA ACRILICA PARA LA ACRYLIC STAPLE FIBER DTEX 1,3 / 038 MM BRIGHT EN FARDOS DE POLIPROPILENO 100% FIBRA ACRILICA PARA LA",---,SUDAMERICANA DE FIBRAS S.A.,21160.10,21160.10,52310.14,China,Peru,收藏,31_keyword,60,措施范围候选
秘鲁,出口,2026-05-13,5503309000,"ACRYLIC STAPLE FIBER DTEX 1,3 / 038 MM BRIGHT EN FARDOS DE POLIPROPILENO 100% FIBRA ACRILICA PARA LA ACRYLIC STAPLE FIBER DTEX 1,3 / 038 MM BRIGHT EN FARDOS DE POLIPROPILENO 100% FIBRA ACRILICA PARA LA ACRYLIC STAPLE FIBER DTEX 1,3 / 038 MM BRIGHT EN FARDOS DE POLIPROPILENO 100% FIBRA ACRILICA PARA LA ACRYLIC STAPLE FIBER DTEX 1,3 / 038 MM BRIGHT EN FARDOS DE POLIPROPILENO 100% FIBRA ACRILICA PARA LA ACRYLIC STAPLE FIBER DTEX 1,3 / 038 MM BRIGHT EN FARDOS DE POLIPROPILENO 100% FIBRA ACRILICA PARA LA",---,SUDAMERICANA DE FIBRAS S.A.,22094.20,22094.20,54627.51,China,Peru,收藏,31_keyword,61,措施范围候选
秘鲁,出口,2026-04-28,5503309000,"ACRYLIC STAPLE FIBER DTEX 1,3 / 038 MM BRIGHT EN FARDOS DE POLIPROPILENO 100% FIBRA ACRILICA PARA LA ACRYLIC STAPLE FIBER DTEX 1,3 / 038 MM BRIGHT EN FARDOS DE POLIPROPILENO 100% FIBRA ACRILICA PARA LA ACRYLIC STAPLE FIBER DTEX 1,3 / 038 MM BRIGHT EN FARDOS DE POLIPROPILENO 100% FIBRA ACRILICA PARA LA ACRYLIC STAPLE FIBER DTEX 1,3 / 038 MM BRIGHT EN FARDOS DE POLIPROPILENO 100% FIBRA ACRILICA PARA LA ACRYLIC STAPLE FIBER DTEX 1,3 / 038 MM BRIGHT EN FARDOS DE POLIPROPILENO 100% FIBRA ACRILICA PARA LA",---,SUDAMERICANA DE FIBRAS S.A.,21219.00,21219.00,48427.93,China,Peru,收藏,31_keyword,62,措施范围候选
秘鲁,出口,2026-04-28,5503309000,"ACRYLIC STAPLE FIBER DTEX 1,3 / 038 MM BRIGHT EN FARDOS DE POLIPROPILENO 100% FIBRA ACRILICA PARA LA ACRYLIC STAPLE FIBER DTEX 1,3 / 038 MM BRIGHT EN FARDOS DE POLIPROPILENO 100% FIBRA ACRILICA PARA LA ACRYLIC STAPLE FIBER DTEX 1,3 / 038 MM BRIGHT EN FARDOS DE POLIPROPILENO 100% FIBRA ACRILICA PARA LA ACRYLIC STAPLE FIBER DTEX 1,3 / 038 MM BRIGHT EN FARDOS DE POLIPROPILENO 100% FIBRA ACRILICA PARA LA ACRYLIC STAPLE FIBER DTEX 1,3 / 038 MM BRIGHT EN FARDOS DE POLIPROPILENO 100% FIBRA ACRILICA PARA LA",---,SUDAMERICANA DE FIBRAS S.A.,21312.10,21312.10,48640.28,China,Peru,收藏,31_keyword,63,措施范围候选
秘鲁,出口,2026-04-28,5503309000,"ACRYLIC STAPLE FIBER DTEX 1,3 / 038 MM BRIGHT EN FARDOS DE POLIPROPILENO 100% FIBRA ACRILICA PARA LA ACRYLIC STAPLE FIBER DTEX 1,3 / 038 MM BRIGHT EN FARDOS DE POLIPROPILENO 100% FIBRA ACRILICA PARA LA ACRYLIC STAPLE FIBER DTEX 1,3 / 038 MM BRIGHT EN FARDOS DE POLIPROPILENO 100% FIBRA ACRILICA PARA LA ACRYLIC STAPLE FIBER DTEX 1,3 / 038 MM BRIGHT EN FARDOS DE POLIPROPILENO 100% FIBRA ACRILICA PARA LA ACRYLIC STAPLE FIBER DTEX 1,3 / 038 MM BRIGHT EN FARDOS DE POLIPROPILENO 100% FIBRA ACRILICA PARA LA",---,SUDAMERICANA DE FIBRAS S.A.,21280.80,21280.80,48569.75,China,Peru,收藏,31_keyword,64,措施范围候选
秘鲁,出口,2026-04-28,5503309000,"ACRYLIC STAPLE FIBER DTEX 1,3 / 038 MM BRIGHT EN FARDOS DE POLIPROPILENO 100% FIBRA ACRILICA PARA LA ACRYLIC STAPLE FIBER DTEX 1,3 / 038 MM BRIGHT EN FARDOS DE POLIPROPILENO 100% FIBRA ACRILICA PARA LA ACRYLIC STAPLE FIBER DTEX 1,3 / 038 MM BRIGHT EN FARDOS DE POLIPROPILENO 100% FIBRA ACRILICA PARA LA ACRYLIC STAPLE FIBER DTEX 1,3 / 038 MM BRIGHT EN FARDOS DE POLIPROPILENO 100% FIBRA ACRILICA PARA LA ACRYLIC STAPLE FIBER DTEX 1,3 / 038 MM BRIGHT EN FARDOS DE POLIPROPILENO 100% FIBRA ACRILICA PARA LA",---,SUDAMERICANA DE FIBRAS S.A.,21354.20,21354.20,48737.25,China,Peru,收藏,31_keyword,65,措施范围候选
秘鲁,出口,2026-04-27,5503309000,"ACRYLIC STAPLE FIBER DTEX 1,3 / 038 MM BRIGHT EN FARDOS 100% FIBRA ACRÍLICA PARA LA ELABORACIÓN DE H ACRYLIC STAPLE FIBER DTEX 1,3 / 038 MM BRIGHT EN FARDOS 100% FIBRA ACRÍLICA PARA LA ELABORACIÓN DE H ACRYLIC STAPLE FIBER DTEX 1,3 / 038 MM BRIGHT EN FARDOS 100% FIBRA ACRÍLICA PARA LA ELABORACIÓN DE H ACRYLIC STAPLE FIBER DTEX 1,3 / 038 MM BRIGHT EN FARDOS 100% FIBRA ACRÍLICA PARA LA ELABORACIÓN DE H ACRYLIC STAPLE FIBER DTEX 1,3 / 038 MM BRIGHT EN FARDOS 100% FIBRA ACRÍLICA PARA LA ELABORACIÓN DE H",---,SUDAMERICANA DE FIBRAS S.A.,21527.80,21527.80,49134.81,China,Peru,收藏,31_keyword,66,措施范围候选
秘鲁,出口,2026-04-27,5503309000,"ACRYLIC STAPLE FIBER DTEX 1,3 / 038 MM BRIGHT EN FARDOS DE POLIPROPILENO 100% FIBRA ACRILICA PARA LA ACRYLIC STAPLE FIBER DTEX 1,3 / 038 MM BRIGHT EN FARDOS DE POLIPROPILENO 100% FIBRA ACRILICA PARA LA ACRYLIC STAPLE FIBER DTEX 1,3 / 038 MM BRIGHT EN FARDOS DE POLIPROPILENO 100% FIBRA ACRILICA PARA LA ACRYLIC STAPLE FIBER DTEX 1,3 / 038 MM BRIGHT EN FARDOS DE POLIPROPILENO 100% FIBRA ACRILICA PARA LA ACRYLIC STAPLE FIBER DTEX 1,3 / 038 MM BRIGHT EN FARDOS DE POLIPROPILENO 100% FIBRA ACRILICA PARA LA",---,SUDAMERICANA DE FIBRAS S.A.,21632.70,21632.70,49174.29,China,Peru,收藏,31_keyword,67,措施范围候选
秘鲁,出口,2026-04-27,5503309000,"ACRYLIC STAPLE FIBER DTEX 1,3 / 038 MM BRIGHT EN FARDOS DE POLIPROPILENO 100% FIBRA ACRILICA PARA LA ACRYLIC STAPLE FIBER DTEX 1,3 / 038 MM BRIGHT EN FARDOS DE POLIPROPILENO 100% FIBRA ACRILICA PARA LA ACRYLIC STAPLE FIBER DTEX 1,3 / 038 MM BRIGHT EN FARDOS DE POLIPROPILENO 100% FIBRA ACRILICA PARA LA ACRYLIC STAPLE FIBER DTEX 1,3 / 038 MM BRIGHT EN FARDOS DE POLIPROPILENO 100% FIBRA ACRILICA PARA LA ACRYLIC STAPLE FIBER DTEX 1,3 / 038 MM BRIGHT EN FARDOS DE POLIPROPILENO 100% FIBRA ACRILICA PARA LA",---,SUDAMERICANA DE FIBRAS S.A.,21328.90,21328.90,48483.71,China,Peru,收藏,31_keyword,68,措施范围候选
秘鲁,出口,2026-04-27,5503309000,"ACRYLIC STAPLE FIBER DTEX 1,3 / 038 MM BRIGHT EN FARDOS 100% FIBRA ACRÍLICA PARA LA ELABORACIÓN DE H ACRYLIC STAPLE FIBER DTEX 1,3 / 038 MM BRIGHT EN FARDOS 100% FIBRA ACRÍLICA PARA LA ELABORACIÓN DE H ACRYLIC STAPLE FIBER DTEX 1,3 / 038 MM BRIGHT EN FARDOS 100% FIBRA ACRÍLICA PARA LA ELABORACIÓN DE H ACRYLIC STAPLE FIBER DTEX 1,3 / 038 MM BRIGHT EN FARDOS 100% FIBRA ACRÍLICA PARA LA ELABORACIÓN DE H ACRYLIC STAPLE FIBER DTEX 1,3 / 038 MM BRIGHT EN FARDOS 100% FIBRA ACRÍLICA PARA LA ELABORACIÓN DE H",---,SUDAMERICANA DE FIBRAS S.A.,21057.30,21057.30,48054.02,China,Peru,收藏,31_keyword,69,措施范围候选
秘鲁,出口,2026-04-27,5503309000,"ACRYLIC STAPLE FIBER DTEX 1,3 / 038 MM BRIGHT EN FARDOS 100% FIBRA ACRÍLICA PARA LA ELABORACIÓN DE H ACRYLIC STAPLE FIBER DTEX 1,3 / 038 MM BRIGHT EN FARDOS 100% FIBRA ACRÍLICA PARA LA ELABORACIÓN DE H ACRYLIC STAPLE FIBER DTEX 1,3 / 038 MM BRIGHT EN FARDOS 100% FIBRA ACRÍLICA PARA LA ELABORACIÓN DE H ACRYLIC STAPLE FIBER DTEX 1,3 / 038 MM BRIGHT EN FARDOS 100% FIBRA ACRÍLICA PARA LA ELABORACIÓN DE H ACRYLIC STAPLE FIBER DTEX 1,3 / 038 MM BRIGHT EN FARDOS 100% FIBRA ACRÍLICA PARA LA ELABORACIÓN DE H",---,SUDAMERICANA DE FIBRAS S.A.,21095.30,21095.30,48145.74,China,Peru,收藏,31_keyword,70,措施范围候选
秘鲁,出口,2026-04-27,5503309000,"ACRYLIC STAPLE FIBER DTEX 1,3 / 038 MM BRIGHT EN FARDOS 100% FIBRA ACRÍLICA PARA LA ELABORACIÓN DE H ACRYLIC STAPLE FIBER DTEX 1,3 / 038 MM BRIGHT EN FARDOS 100% FIBRA ACRÍLICA PARA LA ELABORACIÓN DE H ACRYLIC STAPLE FIBER DTEX 1,3 / 038 MM BRIGHT EN FARDOS 100% FIBRA ACRÍLICA PARA LA ELABORACIÓN DE H ACRYLIC STAPLE FIBER DTEX 1,3 / 038 MM BRIGHT EN FARDOS 100% FIBRA ACRÍLICA PARA LA ELABORACIÓN DE H ACRYLIC STAPLE FIBER DTEX 1,3 / 038 MM BRIGHT EN FARDOS 100% FIBRA ACRÍLICA PARA LA ELABORACIÓN DE H",---,SUDAMERICANA DE FIBRAS S.A.,21107.60,21107.60,48171.03,China,Peru,收藏,31_keyword,71,措施范围候选
秘鲁,出口,2026-04-27,5503309000,"ACRYLIC STAPLE FIBER DTEX 1,3 / 038 MM BRIGHT EN FARDOS 100% FIBRA ACRÍLICA PARA LA ELABORACIÓN DE H ACRYLIC STAPLE FIBER DTEX 1,3 / 038 MM BRIGHT EN FARDOS 100% FIBRA ACRÍLICA PARA LA ELABORACIÓN DE H ACRYLIC STAPLE FIBER DTEX 1,3 / 038 MM BRIGHT EN FARDOS 100% FIBRA ACRÍLICA PARA LA ELABORACIÓN DE H ACRYLIC STAPLE FIBER DTEX 1,3 / 038 MM BRIGHT EN FARDOS 100% FIBRA ACRÍLICA PARA LA ELABORACIÓN DE H ACRYLIC STAPLE FIBER DTEX 1,3 / 038 MM BRIGHT EN FARDOS 100% FIBRA ACRÍLICA PARA LA ELABORACIÓN DE H",---,SUDAMERICANA DE FIBRAS S.A.,21261.90,21261.90,48527.87,China,Peru,收藏,31_keyword,72,措施范围候选
秘鲁,出口,2026-04-27,5503309000,"ACRYLIC STAPLE FIBER DTEX 1,3 / 038 MM BRIGHT EN FARDOS 100% FIBRA ACRÍLICA PARA LA ELABORACIÓN DE H ACRYLIC STAPLE FIBER DTEX 1,3 / 038 MM BRIGHT EN FARDOS 100% FIBRA ACRÍLICA PARA LA ELABORACIÓN DE H ACRYLIC STAPLE FIBER DTEX 1,3 / 038 MM BRIGHT EN FARDOS 100% FIBRA ACRÍLICA PARA LA ELABORACIÓN DE H ACRYLIC STAPLE FIBER DTEX 1,3 / 038 MM BRIGHT EN FARDOS 100% FIBRA ACRÍLICA PARA LA ELABORACIÓN DE H ACRYLIC STAPLE FIBER DTEX 1,3 / 038 MM BRIGHT EN FARDOS 100% FIBRA ACRÍLICA PARA LA ELABORACIÓN DE H",---,SUDAMERICANA DE FIBRAS S.A.,20919.30,20919.30,47739.20,China,Peru,收藏,31_keyword,73,措施范围候选
秘鲁,出口,2026-04-27,5503309000,"ACRYLIC STAPLE FIBER DTEX 1,3 / 038 MM BRIGHT EN FARDOS 100% FIBRA ACRÍLICA PARA LA ELABORACIÓN DE H ACRYLIC STAPLE FIBER DTEX 1,3 / 038 MM BRIGHT EN FARDOS 100% FIBRA ACRÍLICA PARA LA ELABORACIÓN DE H ACRYLIC STAPLE FIBER DTEX 1,3 / 038 MM BRIGHT EN FARDOS 100% FIBRA ACRÍLICA PARA LA ELABORACIÓN DE H ACRYLIC STAPLE FIBER DTEX 1,3 / 038 MM BRIGHT EN FARDOS 100% FIBRA ACRÍLICA PARA LA ELABORACIÓN DE H ACRYLIC STAPLE FIBER DTEX 1,3 / 038 MM BRIGHT EN FARDOS 100% FIBRA ACRÍLICA PARA LA ELABORACIÓN DE H",---,SUDAMERICANA DE FIBRAS S.A.,21464.10,21464.10,48987.52,China,Peru,收藏,31_keyword,74,措施范围候选
印度尼西亚,出口,2026-04-22,61103000,WASHABLE KNITTED T-SHIRT/HALFSLV (BODY: 79% ACRYLIC 21% POLYESTER (USING 100% RECYCLED POLYESTER FIBERS) CUFFS & HEM : 82% ACRYLIC 17% NYLON 1% POLYURETHANE) ITEM CODE : 351-359672 (62-02) SAMPLE NO : 61356N007B REF NO : NEA-GC26-053,"GU SHANGHAI TRADING CO., LTD",LEETEX GARMENT INDONESIA,48.00,180.00,810.00,China,Indonesia,收藏,31_keyword,75,待规格/税号复核
秘鲁,出口,2026-03-21,5503309000,"ACRYLIC STAPLE FIBER DTEX 1,3 / 038 MM BRIGHT EN FARDOS DE POLIPROPILENO 100% FIBRA ACRILICA PARA LA ACRYLIC STAPLE FIBER DTEX 1,3 / 038 MM BRIGHT EN FARDOS DE POLIPROPILENO 100% FIBRA ACRILICA PARA LA ACRYLIC STAPLE FIBER DTEX 1,3 / 038 MM BRIGHT EN FARDOS DE POLIPROPILENO 100% FIBRA ACRILICA PARA LA ACRYLIC STAPLE FIBER DTEX 1,3 / 038 MM BRIGHT EN FARDOS DE POLIPROPILENO 100% FIBRA ACRILICA PARA LA ACRYLIC STAPLE FIBER DTEX 1,3 / 038 MM BRIGHT EN FARDOS DE POLIPROPILENO 100% FIBRA ACRILICA PARA LA",---,SUDAMERICANA DE FIBRAS S.A.,21250.00,21250.00,48597.48,China,Peru,收藏,31_keyword,76,措施范围候选
秘鲁,出口,2026-03-21,5503309000,"ACRYLIC STAPLE FIBER DTEX 1,3 / 038 MM BRIGHT EN FARDOS DE POLIPROPILENO 100% FIBRA ACRILICA PARA LA ACRYLIC STAPLE FIBER DTEX 1,3 / 038 MM BRIGHT EN FARDOS DE POLIPROPILENO 100% FIBRA ACRILICA PARA LA ACRYLIC STAPLE FIBER DTEX 1,3 / 038 MM BRIGHT EN FARDOS DE POLIPROPILENO 100% FIBRA ACRILICA PARA LA ACRYLIC STAPLE FIBER DTEX 1,3 / 038 MM BRIGHT EN FARDOS DE POLIPROPILENO 100% FIBRA ACRILICA PARA LA ACRYLIC STAPLE FIBER DTEX 1,3 / 038 MM BRIGHT EN FARDOS DE POLIPROPILENO 100% FIBRA ACRILICA PARA LA",---,SUDAMERICANA DE FIBRAS S.A.,21176.90,21176.90,48430.25,China,Peru,收藏,31_keyword,77,措施范围候选
秘鲁,出口,2026-03-21,5503309000,"ACRYLIC STAPLE FIBER DTEX 1,3 / 038 MM BRIGHT EN FARDOS DE POLIPROPILENO 100% FIBRA ACRILICA PARA LA ACRYLIC STAPLE FIBER DTEX 1,3 / 038 MM BRIGHT EN FARDOS DE POLIPROPILENO 100% FIBRA ACRILICA PARA LA ACRYLIC STAPLE FIBER DTEX 1,3 / 038 MM BRIGHT EN FARDOS DE POLIPROPILENO 100% FIBRA ACRILICA PARA LA ACRYLIC STAPLE FIBER DTEX 1,3 / 038 MM BRIGHT EN FARDOS DE POLIPROPILENO 100% FIBRA ACRILICA PARA LA ACRYLIC STAPLE FIBER DTEX 1,3 / 038 MM BRIGHT EN FARDOS DE POLIPROPILENO 100% FIBRA ACRILICA PARA LA",---,SUDAMERICANA DE FIBRAS S.A.,21171.80,21171.80,48418.53,China,Peru,收藏,31_keyword,78,措施范围候选
秘鲁,出口,2026-03-21,5503309000,"ACRYLIC STAPLE FIBER DTEX 1,3 / 038 MM BRIGHT EN FARDOS DE POLIPROPILENO 100% FIBRA ACRILICA PARA LA ACRYLIC STAPLE FIBER DTEX 1,3 / 038 MM BRIGHT EN FARDOS DE POLIPROPILENO 100% FIBRA ACRILICA PARA LA ACRYLIC STAPLE FIBER DTEX 1,3 / 038 MM BRIGHT EN FARDOS DE POLIPROPILENO 100% FIBRA ACRILICA PARA LA ACRYLIC STAPLE FIBER DTEX 1,3 / 038 MM BRIGHT EN FARDOS DE POLIPROPILENO 100% FIBRA ACRILICA PARA LA ACRYLIC STAPLE FIBER DTEX 1,3 / 038 MM BRIGHT EN FARDOS DE POLIPROPILENO 100% FIBRA ACRILICA PARA LA",---,SUDAMERICANA DE FIBRAS S.A.,21108.90,21108.90,48274.68,China,Peru,收藏,31_keyword,79,措施范围候选
秘鲁,出口,2026-03-12,5503309000,"ACRYLIC STAPLE FIBER DTEX 1,3 / 038 MM BRIGHT EN FARDOS DE POLIPROPILENO 100% FIBRA ACRILICA PARA LA ACRYLIC STAPLE FIBER DTEX 1,3 / 038 MM BRIGHT EN FARDOS DE POLIPROPILENO 100% FIBRA ACRILICA PARA LA ACRYLIC STAPLE FIBER DTEX 1,3 / 038 MM BRIGHT EN FARDOS DE POLIPROPILENO 100% FIBRA ACRILICA PARA LA ACRYLIC STAPLE FIBER DTEX 1,3 / 038 MM BRIGHT EN FARDOS DE POLIPROPILENO 100% FIBRA ACRILICA PARA LA ACRYLIC STAPLE FIBER DTEX 1,3 / 038 MM BRIGHT EN FARDOS DE POLIPROPILENO 100% FIBRA ACRILICA PARA LA",---,SUDAMERICANA DE FIBRAS S.A.,21753.20,21753.20,49753.03,China,Peru,收藏,31_keyword,80,措施范围候选
秘鲁,出口,2026-03-12,5503309000,"ACRYLIC STAPLE FIBER DTEX 1,3 / 038 MM BRIGHT EN FARDOS DE POLIPROPILENO 100% FIBRA ACRILICA PARA LA ACRYLIC STAPLE FIBER DTEX 1,3 / 038 MM BRIGHT EN FARDOS DE POLIPROPILENO 100% FIBRA ACRILICA PARA LA ACRYLIC STAPLE FIBER DTEX 1,3 / 038 MM BRIGHT EN FARDOS DE POLIPROPILENO 100% FIBRA ACRILICA PARA LA ACRYLIC STAPLE FIBER DTEX 1,3 / 038 MM BRIGHT EN FARDOS DE POLIPROPILENO 100% FIBRA ACRILICA PARA LA ACRYLIC STAPLE FIBER DTEX 1,3 / 038 MM BRIGHT EN FARDOS DE POLIPROPILENO 100% FIBRA ACRILICA PARA LA",---,SUDAMERICANA DE FIBRAS S.A.,21346.10,21346.10,48821.98,China,Peru,收藏,31_keyword,81,措施范围候选
秘鲁,出口,2026-03-12,5503309000,"ACRYLIC STAPLE FIBER DTEX 1,3 / 038 MM BRIGHT EN FARDOS DE POLIPROPILENO 100% FIBRA ACRILICA PARA LA ACRYLIC STAPLE FIBER DTEX 1,3 / 038 MM BRIGHT EN FARDOS DE POLIPROPILENO 100% FIBRA ACRILICA PARA LA ACRYLIC STAPLE FIBER DTEX 1,3 / 038 MM BRIGHT EN FARDOS DE POLIPROPILENO 100% FIBRA ACRILICA PARA LA ACRYLIC STAPLE FIBER DTEX 1,3 / 038 MM BRIGHT EN FARDOS DE POLIPROPILENO 100% FIBRA ACRILICA PARA LA ACRYLIC STAPLE FIBER DTEX 1,3 / 038 MM BRIGHT EN FARDOS DE POLIPROPILENO 100% FIBRA ACRILICA PARA LA",---,SUDAMERICANA DE FIBRAS S.A.,21788.10,21788.10,49832.81,China,Peru,收藏,31_keyword,82,措施范围候选
秘鲁,出口,2026-03-12,5503309000,"ACRYLIC STAPLE FIBER DTEX 1,3 / 038 MM BRIGHT EN FARDOS DE POLIPROPILENO 100% FIBRA ACRILICA PARA LA ACRYLIC STAPLE FIBER DTEX 1,3 / 038 MM BRIGHT EN FARDOS DE POLIPROPILENO 100% FIBRA ACRILICA PARA LA ACRYLIC STAPLE FIBER DTEX 1,3 / 038 MM BRIGHT EN FARDOS DE POLIPROPILENO 100% FIBRA ACRILICA PARA LA ACRYLIC STAPLE FIBER DTEX 1,3 / 038 MM BRIGHT EN FARDOS DE POLIPROPILENO 100% FIBRA ACRILICA PARA LA ACRYLIC STAPLE FIBER DTEX 1,3 / 038 MM BRIGHT EN FARDOS DE POLIPROPILENO 100% FIBRA ACRILICA PARA LA",---,SUDAMERICANA DE FIBRAS S.A.,21504.50,21504.50,49183.89,China,Peru,收藏,31_keyword,83,措施范围候选
秘鲁,出口,2026-03-12,5503309000,"ACRYLIC STAPLE FIBER DTEX 1,3 / 038 MM BRIGHT EN FARDOS DE POLIPROPILENO 100% FIBRA ACRILICA PARA LA ACRYLIC STAPLE FIBER DTEX 1,3 / 038 MM BRIGHT EN FARDOS DE POLIPROPILENO 100% FIBRA ACRILICA PARA LA ACRYLIC STAPLE FIBER DTEX 1,3 / 038 MM BRIGHT EN FARDOS DE POLIPROPILENO 100% FIBRA ACRILICA PARA LA ACRYLIC STAPLE FIBER DTEX 1,3 / 038 MM BRIGHT EN FARDOS DE POLIPROPILENO 100% FIBRA ACRILICA PARA LA ACRYLIC STAPLE FIBER DTEX 1,3 / 038 MM BRIGHT EN FARDOS DE POLIPROPILENO 100% FIBRA ACRILICA PARA LA",---,SUDAMERICANA DE FIBRAS S.A.,21578.30,21578.30,49352.73,China,Peru,收藏,31_keyword,84,措施范围候选
秘鲁,出口,2026-03-12,5503309000,"ACRYLIC STAPLE FIBER DTEX 1,3 / 038 MM BRIGHT EN FARDOS DE POLIPROPILENO 100% FIBRA ACRILICA PARA LA ACRYLIC STAPLE FIBER DTEX 1,3 / 038 MM BRIGHT EN FARDOS DE POLIPROPILENO 100% FIBRA ACRILICA PARA LA ACRYLIC STAPLE FIBER DTEX 1,3 / 038 MM BRIGHT EN FARDOS DE POLIPROPILENO 100% FIBRA ACRILICA PARA LA ACRYLIC STAPLE FIBER DTEX 1,3 / 038 MM BRIGHT EN FARDOS DE POLIPROPILENO 100% FIBRA ACRILICA PARA LA ACRYLIC STAPLE FIBER DTEX 1,3 / 038 MM BRIGHT EN FARDOS DE POLIPROPILENO 100% FIBRA ACRILICA PARA LA",---,SUDAMERICANA DE FIBRAS S.A.,21362.80,21362.80,48860.04,China,Peru,收藏,31_keyword,85,措施范围候选
秘鲁,出口,2026-03-10,5503309000,"ACRYLIC STAPLE FIBER DTEX 0,9 / 038 MM SEMIDULL EN FARDOS DE POLIPROPILENO 100% FIBRA ACRILICA PARA ACRYLIC STAPLE FIBER DTEX 0,9 / 038 MM SEMIDULL EN FARDOS DE POLIPROPILENO 100% FIBRA ACRILICA PARA ACRYLIC STAPLE FIBER DTEX 0,9 / 038 MM SEMIDULL EN FARDOS DE POLIPROPILENO 100% FIBRA ACRILICA PARA ACRYLIC STAPLE FIBER DTEX 0,9 / 038 MM SEMIDULL EN FARDOS DE POLIPROPILENO 100% FIBRA ACRILICA PARA ACRYLIC STAPLE FIBER DTEX 0,9 / 038 MM SEMIDULL EN FARDOS DE POLIPROPILENO 100% FIBRA ACRILICA PARA",---,SUDAMERICANA DE FIBRAS S.A.,21567.50,21567.50,75846.83,China,Peru,收藏,31_keyword,86,措施范围候选
秘鲁,出口,2026-03-10,5503309000,"ACRYLIC STAPLE FIBER DTEX 0,9 / 038 MM SEMIDULL EN FARDOS DE POLIPROPILENO 100% FIBRA ACRILICA PARA ACRYLIC STAPLE FIBER DTEX 0,9 / 038 MM SEMIDULL EN FARDOS DE POLIPROPILENO 100% FIBRA ACRILICA PARA ACRYLIC STAPLE FIBER DTEX 0,9 / 038 MM SEMIDULL EN FARDOS DE POLIPROPILENO 100% FIBRA ACRILICA PARA ACRYLIC STAPLE FIBER DTEX 0,9 / 038 MM SEMIDULL EN FARDOS DE POLIPROPILENO 100% FIBRA ACRILICA PARA ACRYLIC STAPLE FIBER DTEX 0,9 / 038 MM SEMIDULL EN FARDOS DE POLIPROPILENO 100% FIBRA ACRILICA PARA",---,SUDAMERICANA DE FIBRAS S.A.,21239.30,21239.30,74687.31,China,Peru,收藏,31_keyword,87,措施范围候选
秘鲁,出口,2026-03-10,5503309000,"ACRYLIC STAPLE FIBER DTEX 0,9 / 038 MM SEMIDULL EN FARDOS DE POLIPROPILENO 100% FIBRA ACRILICA PARA ACRYLIC STAPLE FIBER DTEX 0,9 / 038 MM SEMIDULL EN FARDOS DE POLIPROPILENO 100% FIBRA ACRILICA PARA ACRYLIC STAPLE FIBER DTEX 0,9 / 038 MM SEMIDULL EN FARDOS DE POLIPROPILENO 100% FIBRA ACRILICA PARA ACRYLIC STAPLE FIBER DTEX 0,9 / 038 MM SEMIDULL EN FARDOS DE POLIPROPILENO 100% FIBRA ACRILICA PARA ACRYLIC STAPLE FIBER DTEX 0,9 / 038 MM SEMIDULL EN FARDOS DE POLIPROPILENO 100% FIBRA ACRILICA PARA",---,SUDAMERICANA DE FIBRAS S.A.,20942.20,20942.20,73642.66,China,Peru,收藏,31_keyword,88,措施范围候选
秘鲁,出口,2026-03-10,5503309000,"ACRYLIC STAPLE FIBER DTEX 0,9 / 038 MM SEMIDULL EN FARDOS DE POLIPROPILENO 100% FIBRA ACRILICA PARA ACRYLIC STAPLE FIBER DTEX 0,9 / 038 MM SEMIDULL EN FARDOS DE POLIPROPILENO 100% FIBRA ACRILICA PARA ACRYLIC STAPLE FIBER DTEX 0,9 / 038 MM SEMIDULL EN FARDOS DE POLIPROPILENO 100% FIBRA ACRILICA PARA ACRYLIC STAPLE FIBER DTEX 0,9 / 038 MM SEMIDULL EN FARDOS DE POLIPROPILENO 100% FIBRA ACRILICA PARA ACRYLIC STAPLE FIBER DTEX 0,9 / 038 MM SEMIDULL EN FARDOS DE POLIPROPILENO 100% FIBRA ACRILICA PARA",---,SUDAMERICANA DE FIBRAS S.A.,21485.20,21485.20,75557.46,China,Peru,收藏,31_keyword,89,措施范围候选
秘鲁,出口,2026-03-03,5503309000,"ACRYLIC STAPLE FIBER DTEX 1,3 / 038 MM BRIGHT EN FARDOS DE POLIPROPILENO 100% FIBRA ACRILICA PARA LA ACRYLIC STAPLE FIBER DTEX 1,3 / 038 MM BRIGHT EN FARDOS DE POLIPROPILENO 100% FIBRA ACRILICA PARA LA ACRYLIC STAPLE FIBER DTEX 1,3 / 038 MM BRIGHT EN FARDOS DE POLIPROPILENO 100% FIBRA ACRILICA PARA LA ACRYLIC STAPLE FIBER DTEX 1,3 / 038 MM BRIGHT EN FARDOS DE POLIPROPILENO 100% FIBRA ACRILICA PARA LA ACRYLIC STAPLE FIBER DTEX 1,3 / 038 MM BRIGHT EN FARDOS DE POLIPROPILENO 100% FIBRA ACRILICA PARA LA",---,SUDAMERICANA DE FIBRAS S.A.,21450.70,21450.70,49056.21,China,Peru,收藏,31_keyword,90,措施范围候选
秘鲁,出口,2026-03-03,5503309000,"ACRYLIC STAPLE FIBER DTEX 1,3 / 038 MM BRIGHT EN FARDOS DE POLIPROPILENO 100% FIBRA ACRILICA PARA LA ACRYLIC STAPLE FIBER DTEX 1,3 / 038 MM BRIGHT EN FARDOS DE POLIPROPILENO 100% FIBRA ACRILICA PARA LA ACRYLIC STAPLE FIBER DTEX 1,3 / 038 MM BRIGHT EN FARDOS DE POLIPROPILENO 100% FIBRA ACRILICA PARA LA ACRYLIC STAPLE FIBER DTEX 1,3 / 038 MM BRIGHT EN FARDOS DE POLIPROPILENO 100% FIBRA ACRILICA PARA LA ACRYLIC STAPLE FIBER DTEX 1,3 / 038 MM BRIGHT EN FARDOS DE POLIPROPILENO 100% FIBRA ACRILICA PARA LA",---,SUDAMERICANA DE FIBRAS S.A.,20869.30,20869.30,47726.62,China,Peru,收藏,31_keyword,91,措施范围候选
秘鲁,出口,2026-03-03,5503309000,"ACRYLIC STAPLE FIBER DTEX 1,3 / 038 MM BRIGHT EN FARDOS DE POLIPROPILENO 100% FIBRA ACRILICA PARA LA ACRYLIC STAPLE FIBER DTEX 1,3 / 038 MM BRIGHT EN FARDOS DE POLIPROPILENO 100% FIBRA ACRILICA PARA LA ACRYLIC STAPLE FIBER DTEX 1,3 / 038 MM BRIGHT EN FARDOS DE POLIPROPILENO 100% FIBRA ACRILICA PARA LA ACRYLIC STAPLE FIBER DTEX 1,3 / 038 MM BRIGHT EN FARDOS DE POLIPROPILENO 100% FIBRA ACRILICA PARA LA ACRYLIC STAPLE FIBER DTEX 1,3 / 038 MM BRIGHT EN FARDOS DE POLIPROPILENO 100% FIBRA ACRILICA PARA LA",---,SUDAMERICANA DE FIBRAS S.A.,21945.00,21945.00,50192.62,China,Peru,收藏,31_keyword,92,措施范围候选
秘鲁,出口,2026-03-03,5503309000,"ACRYLIC STAPLE FIBER DTEX 1,3 / 038 MM BRIGHT EN FARDOS DE POLIPROPILENO 100% FIBRA ACRILICA PARA LA ACRYLIC STAPLE FIBER DTEX 1,3 / 038 MM BRIGHT EN FARDOS DE POLIPROPILENO 100% FIBRA ACRILICA PARA LA ACRYLIC STAPLE FIBER DTEX 1,3 / 038 MM BRIGHT EN FARDOS DE POLIPROPILENO 100% FIBRA ACRILICA PARA LA ACRYLIC STAPLE FIBER DTEX 1,3 / 038 MM BRIGHT EN FARDOS DE POLIPROPILENO 100% FIBRA ACRILICA PARA LA ACRYLIC STAPLE FIBER DTEX 1,3 / 038 MM BRIGHT EN FARDOS DE POLIPROPILENO 100% FIBRA ACRILICA PARA LA",---,SUDAMERICANA DE FIBRAS S.A.,21338.00,21338.00,48804.27,China,Peru,收藏,31_keyword,93,措施范围候选
秘鲁,出口,2026-03-03,5503309000,"ACRYLIC STAPLE FIBER 1,3 / 038 MM BRIGHT EN FARDOS DE POLIPROPILENO 100% FIBRA ACRILICA PARA LA ELAB ACRYLIC STAPLE FIBER 1,3 / 038 MM BRIGHT EN FARDOS DE POLIPROPILENO 100% FIBRA ACRILICA PARA LA ELAB ACRYLIC STAPLE FIBER 1,3 / 038 MM BRIGHT EN FARDOS DE POLIPROPILENO 100% FIBRA ACRILICA PARA LA ELAB ACRYLIC STAPLE FIBER 1,3 / 038 MM BRIGHT EN FARDOS DE POLIPROPILENO 100% FIBRA ACRILICA PARA LA ELAB ACRYLIC STAPLE FIBER 1,3 / 038 MM BRIGHT EN FARDOS DE POLIPROPILENO 100% FIBRA ACRILICA PARA LA ELAB",---,SUDAMERICANA DE FIBRAS S.A.,21794.20,21794.20,49849.56,China,Peru,收藏,31_keyword,94,措施范围候选
秘鲁,出口,2026-02-27,5503309000,"ACRYLIC STAPLE FIBER TECHNICAL DTEX 2,2 /045 MM BRIGHT / EN FARDOS 100% FIBRA ACRÍLICA PARA LA ELABO ACRYLIC STAPLE FIBER TECHNICAL DTEX 2,2 /045 MM BRIGHT / EN FARDOS 100% FIBRA ACRÍLICA PARA LA ELABO ACRYLIC STAPLE FIBER TECHNICAL DTEX 2,2 /045 MM BRIGHT / EN FARDOS 100% FIBRA ACRÍLICA PARA LA ELABO ACRYLIC STAPLE FIBER TECHNICAL DTEX 2,2 /045 MM BRIGHT / EN FARDOS 100% FIBRA ACRÍLICA PARA LA ELABO ACRYLIC STAPLE FIBER TECHNICAL DTEX 2,2 /045 MM BRIGHT / EN FARDOS 100% FIBRA ACRÍLICA PARA LA ELABO",---,SUDAMERICANA DE FIBRAS S.A.,20462.40,20462.40,58727.09,China,Peru,收藏,31_keyword,95,措施范围候选
秘鲁,出口,2026-02-27,5503309000,"ACRYLIC STAPLE FIBER TECHNICAL DTEX 2,2 /045 MM BRIGHT / EN FARDOS 100% FIBRA ACRÍLICA PARA LA ELABO ACRYLIC STAPLE FIBER TECHNICAL DTEX 2,2 /045 MM BRIGHT / EN FARDOS 100% FIBRA ACRÍLICA PARA LA ELABO ACRYLIC STAPLE FIBER TECHNICAL DTEX 2,2 /045 MM BRIGHT / EN FARDOS 100% FIBRA ACRÍLICA PARA LA ELABO ACRYLIC STAPLE FIBER TECHNICAL DTEX 2,2 /045 MM BRIGHT / EN FARDOS 100% FIBRA ACRÍLICA PARA LA ELABO ACRYLIC STAPLE FIBER TECHNICAL DTEX 2,2 /045 MM BRIGHT / EN FARDOS 100% FIBRA ACRÍLICA PARA LA ELABO",---,SUDAMERICANA DE FIBRAS S.A.,20938.40,20938.40,60093.29,China,Peru,收藏,31_keyword,96,措施范围候选
秘鲁,出口,2026-02-26,5503309000,"ACRYLIC STAPLE FIBER DTEX 1,3 / 038 MM BRIGHT EN FARDOS DE POLIPROPILENO 100% FIBRA ACRILICA PARA LA ACRYLIC STAPLE FIBER DTEX 1,3 / 038 MM BRIGHT EN FARDOS DE POLIPROPILENO 100% FIBRA ACRILICA PARA LA ACRYLIC STAPLE FIBER DTEX 1,3 / 038 MM BRIGHT EN FARDOS DE POLIPROPILENO 100% FIBRA ACRILICA PARA LA ACRYLIC STAPLE FIBER DTEX 1,3 / 038 MM BRIGHT EN FARDOS DE POLIPROPILENO 100% FIBRA ACRILICA PARA LA ACRYLIC STAPLE FIBER DTEX 1,3 / 038 MM BRIGHT EN FARDOS DE POLIPROPILENO 100% FIBRA ACRILICA PARA LA",---,SUDAMERICANA DE FIBRAS S.A.,21819.50,21819.50,49906.73,China,Peru,收藏,31_keyword,97,措施范围候选
秘鲁,出口,2026-02-26,5503309000,"ACRYLIC STAPLE FIBER DTEX 1,3 / 038 MM BRIGHT EN FARDOS DE POLIPROPILENO 100% FIBRA ACRILICA PARA LA ACRYLIC STAPLE FIBER DTEX 1,3 / 038 MM BRIGHT EN FARDOS DE POLIPROPILENO 100% FIBRA ACRILICA PARA LA ACRYLIC STAPLE FIBER DTEX 1,3 / 038 MM BRIGHT EN FARDOS DE POLIPROPILENO 100% FIBRA ACRILICA PARA LA ACRYLIC STAPLE FIBER DTEX 1,3 / 038 MM BRIGHT EN FARDOS DE POLIPROPILENO 100% FIBRA ACRILICA PARA LA ACRYLIC STAPLE FIBER DTEX 1,3 / 038 MM BRIGHT EN FARDOS DE POLIPROPILENO 100% FIBRA ACRILICA PARA LA",---,SUDAMERICANA DE FIBRAS S.A.,21682.20,21682.20,49588.91,China,Peru,收藏,31_keyword,98,措施范围候选
秘鲁,出口,2026-02-26,5503309000,"ACRYLIC STAPLE FIBER DTEX 1,3 / 038 MM BRIGHT EN FARDOS DE POLIPROPILENO 100% FIBRA ACRILICA PARA LA ACRYLIC STAPLE FIBER DTEX 1,3 / 038 MM BRIGHT EN FARDOS DE POLIPROPILENO 100% FIBRA ACRILICA PARA LA ACRYLIC STAPLE FIBER DTEX 1,3 / 038 MM BRIGHT EN FARDOS DE POLIPROPILENO 100% FIBRA ACRILICA PARA LA ACRYLIC STAPLE FIBER DTEX 1,3 / 038 MM BRIGHT EN FARDOS DE POLIPROPILENO 100% FIBRA ACRILICA PARA LA ACRYLIC STAPLE FIBER DTEX 1,3 / 038 MM BRIGHT EN FARDOS DE POLIPROPILENO 100% FIBRA ACRILICA PARA LA",---,SUDAMERICANA DE FIBRAS S.A.,20965.00,20965.00,47945.83,China,Peru,收藏,31_keyword,99,措施范围候选
秘鲁,出口,2026-02-26,5503309000,"ACRYLIC STAPLE FIBER DTEX 1,3 / 038 MM BRIGHT EN FARDOS DE POLIPROPILENO 100% FIBRA ACRILICA PARA LA ACRYLIC STAPLE FIBER DTEX 1,3 / 038 MM BRIGHT EN FARDOS DE POLIPROPILENO 100% FIBRA ACRILICA PARA LA ACRYLIC STAPLE FIBER DTEX 1,3 / 038 MM BRIGHT EN FARDOS DE POLIPROPILENO 100% FIBRA ACRILICA PARA LA ACRYLIC STAPLE FIBER DTEX 1,3 / 038 MM BRIGHT EN FARDOS DE POLIPROPILENO 100% FIBRA ACRILICA PARA LA ACRYLIC STAPLE FIBER DTEX 1,3 / 038 MM BRIGHT EN FARDOS DE POLIPROPILENO 100% FIBRA ACRILICA PARA LA",---,SUDAMERICANA DE FIBRAS S.A.,21935.30,21935.30,50173.98,China,Peru,收藏,31_keyword,100,措施范围候选
秘鲁,出口,2026-02-26,5503309000,"ACRYLIC STAPLE FIBER DTEX 1,3 / 038 MM BRIGHT EN FARDOS DE POLIPROPILENO 100% FIBRA ACRILICA PARA LA ACRYLIC STAPLE FIBER DTEX 1,3 / 038 MM BRIGHT EN FARDOS DE POLIPROPILENO 100% FIBRA ACRILICA PARA LA ACRYLIC STAPLE FIBER DTEX 1,3 / 038 MM BRIGHT EN FARDOS DE POLIPROPILENO 100% FIBRA ACRILICA PARA LA ACRYLIC STAPLE FIBER DTEX 1,3 / 038 MM BRIGHT EN FARDOS DE POLIPROPILENO 100% FIBRA ACRILICA PARA LA ACRYLIC STAPLE FIBER DTEX 1,3 / 038 MM BRIGHT EN FARDOS DE POLIPROPILENO 100% FIBRA ACRILICA PARA LA",---,SUDAMERICANA DE FIBRAS S.A.,21657.00,21657.00,49535.10,China,Peru,收藏,31_keyword,101,措施范围候选
秘鲁,出口,2026-02-26,5503309000,"ACRYLIC STAPLE FIBER DTEX 1,3 / 038 MM BRIGHT EN FARDOS DE POLIPROPILENO 100% FIBRA ACRILICA PARA LA ACRYLIC STAPLE FIBER DTEX 1,3 / 038 MM BRIGHT EN FARDOS DE POLIPROPILENO 100% FIBRA ACRILICA PARA LA ACRYLIC STAPLE FIBER DTEX 1,3 / 038 MM BRIGHT EN FARDOS DE POLIPROPILENO 100% FIBRA ACRILICA PARA LA ACRYLIC STAPLE FIBER DTEX 1,3 / 038 MM BRIGHT EN FARDOS DE POLIPROPILENO 100% FIBRA ACRILICA PARA LA ACRYLIC STAPLE FIBER DTEX 1,3 / 038 MM BRIGHT EN FARDOS DE POLIPROPILENO 100% FIBRA ACRILICA PARA LA",---,SUDAMERICANA DE FIBRAS S.A.,21155.50,21155.50,48384.23,China,Peru,收藏,31_keyword,102,措施范围候选
秘鲁,出口,2026-02-26,5503309000,"ACRYLIC STAPLE FIBER DTEX 1,3 / 038 MM BRIGHT EN FARDOS DE POLIPROPILENO 100% FIBRA ACRILICA PARA LA ACRYLIC STAPLE FIBER DTEX 1,3 / 038 MM BRIGHT EN FARDOS DE POLIPROPILENO 100% FIBRA ACRILICA PARA LA ACRYLIC STAPLE FIBER DTEX 1,3 / 038 MM BRIGHT EN FARDOS DE POLIPROPILENO 100% FIBRA ACRILICA PARA LA ACRYLIC STAPLE FIBER DTEX 1,3 / 038 MM BRIGHT EN FARDOS DE POLIPROPILENO 100% FIBRA ACRILICA PARA LA ACRYLIC STAPLE FIBER DTEX 1,3 / 038 MM BRIGHT EN FARDOS DE POLIPROPILENO 100% FIBRA ACRILICA PARA LA",---,SUDAMERICANA DE FIBRAS S.A.,21416.80,21416.80,48979.15,China,Peru,收藏,31_keyword,103,措施范围候选
秘鲁,出口,2026-02-19,5503309000,"ACRYLIC STAPLE FIBER DTEX 1,3 / 038 MM BRIGHT EN FARDOS DE POLIPROPILENO 100% FIBRA ACRILICA PARA LA ACRYLIC STAPLE FIBER DTEX 1,3 / 038 MM BRIGHT EN FARDOS DE POLIPROPILENO 100% FIBRA ACRILICA PARA LA ACRYLIC STAPLE FIBER DTEX 1,3 / 038 MM BRIGHT EN FARDOS DE POLIPROPILENO 100% FIBRA ACRILICA PARA LA ACRYLIC STAPLE FIBER DTEX 1,3 / 038 MM BRIGHT EN FARDOS DE POLIPROPILENO 100% FIBRA ACRILICA PARA LA ACRYLIC STAPLE FIBER DTEX 1,3 / 038 MM BRIGHT EN FARDOS DE POLIPROPILENO 100% FIBRA ACRILICA PARA LA",---,SUDAMERICANA DE FIBRAS S.A.,21945.30,21945.30,50196.93,China,Peru,收藏,31_keyword,104,措施范围候选
秘鲁,出口,2026-02-19,5503309000,"ACRYLIC STAPLE FIBER DTEX 1,3 / 038 MM BRIGHT EN FARDOS DE POLIPROPILENO 100% FIBRA ACRILICA PARA LA ACRYLIC STAPLE FIBER DTEX 1,3 / 038 MM BRIGHT EN FARDOS DE POLIPROPILENO 100% FIBRA ACRILICA PARA LA ACRYLIC STAPLE FIBER DTEX 1,3 / 038 MM BRIGHT EN FARDOS DE POLIPROPILENO 100% FIBRA ACRILICA PARA LA ACRYLIC STAPLE FIBER DTEX 1,3 / 038 MM BRIGHT EN FARDOS DE POLIPROPILENO 100% FIBRA ACRILICA PARA LA ACRYLIC STAPLE FIBER DTEX 1,3 / 038 MM BRIGHT EN FARDOS DE POLIPROPILENO 100% FIBRA ACRILICA PARA LA",---,SUDAMERICANA DE FIBRAS S.A.,21173.60,21173.60,48426.45,China,Peru,收藏,31_keyword,105,措施范围候选
秘鲁,出口,2026-02-19,5503309000,"ACRYLIC STAPLE FIBER DTEX 1,3 / 038 MM BRIGHT EN FARDOS DE POLIPROPILENO 100% FIBRA ACRILICA PARA LA ACRYLIC STAPLE FIBER DTEX 1,3 / 038 MM BRIGHT EN FARDOS DE POLIPROPILENO 100% FIBRA ACRILICA PARA LA ACRYLIC STAPLE FIBER DTEX 1,3 / 038 MM BRIGHT EN FARDOS DE POLIPROPILENO 100% FIBRA ACRILICA PARA LA ACRYLIC STAPLE FIBER DTEX 1,3 / 038 MM BRIGHT EN FARDOS DE POLIPROPILENO 100% FIBRA ACRILICA PARA LA ACRYLIC STAPLE FIBER DTEX 1,3 / 038 MM BRIGHT EN FARDOS DE POLIPROPILENO 100% FIBRA ACRILICA PARA LA",---,SUDAMERICANA DE FIBRAS S.A.,21808.10,21808.10,49877.77,China,Peru,收藏,31_keyword,106,措施范围候选
秘鲁,出口,2026-02-19,5503309000,"ACRYLIC STAPLE FIBER DTEX 1,3 / 038 MM BRIGHT EN FARDOS DE POLIPROPILENO 100% FIBRA ACRILICA PARA LA ACRYLIC STAPLE FIBER DTEX 1,3 / 038 MM BRIGHT EN FARDOS DE POLIPROPILENO 100% FIBRA ACRILICA PARA LA ACRYLIC STAPLE FIBER DTEX 1,3 / 038 MM BRIGHT EN FARDOS DE POLIPROPILENO 100% FIBRA ACRILICA PARA LA ACRYLIC STAPLE FIBER DTEX 1,3 / 038 MM BRIGHT EN FARDOS DE POLIPROPILENO 100% FIBRA ACRILICA PARA LA ACRYLIC STAPLE FIBER DTEX 1,3 / 038 MM BRIGHT EN FARDOS DE POLIPROPILENO 100% FIBRA ACRILICA PARA LA",---,SUDAMERICANA DE FIBRAS S.A.,21775.80,21775.80,49807.21,China,Peru,收藏,31_keyword,107,措施范围候选
秘鲁,出口,2026-02-19,5503309000,"ACRYLIC STAPLE FIBER DTEX 1,3 / 038 MM BRIGHT EN FARDOS DE POLIPROPILENO 100% FIBRA ACRILICA PARA LA ACRYLIC STAPLE FIBER DTEX 1,3 / 038 MM BRIGHT EN FARDOS DE POLIPROPILENO 100% FIBRA ACRILICA PARA LA ACRYLIC STAPLE FIBER DTEX 1,3 / 038 MM BRIGHT EN FARDOS DE POLIPROPILENO 100% FIBRA ACRILICA PARA LA ACRYLIC STAPLE FIBER DTEX 1,3 / 038 MM BRIGHT EN FARDOS DE POLIPROPILENO 100% FIBRA ACRILICA PARA LA ACRYLIC STAPLE FIBER DTEX 1,3 / 038 MM BRIGHT EN FARDOS DE POLIPROPILENO 100% FIBRA ACRILICA PARA LA",---,SUDAMERICANA DE FIBRAS S.A.,21778.30,21778.30,49813.03,China,Peru,收藏,31_keyword,108,措施范围候选
秘鲁,出口,2026-02-10,5503309000,"ACRYLIC STAPLE FIBER DTEX 1,3 / 038 MM BRIGHT EN FARDOS DE POLIPROPILENO 100% FIBRA ACRILICA PARA LA ACRYLIC STAPLE FIBER DTEX 1,3 / 038 MM BRIGHT EN FARDOS DE POLIPROPILENO 100% FIBRA ACRILICA PARA LA ACRYLIC STAPLE FIBER DTEX 1,3 / 038 MM BRIGHT EN FARDOS DE POLIPROPILENO 100% FIBRA ACRILICA PARA LA ACRYLIC STAPLE FIBER DTEX 1,3 / 038 MM BRIGHT EN FARDOS DE POLIPROPILENO 100% FIBRA ACRILICA PARA LA ACRYLIC STAPLE FIBER DTEX 1,3 / 038 MM BRIGHT EN FARDOS DE POLIPROPILENO 100% FIBRA ACRILICA PARA LA",---,SUDAMERICANA DE FIBRAS S.A.,21531.20,21531.20,49229.46,China,Peru,收藏,31_keyword,109,措施范围候选
秘鲁,出口,2026-02-10,5503309000,"ACRYLIC STAPLE FIBER DTEX 1,3 / 038 MM BRIGHT EN FARDOS DE POLIPROPILENO 100% FIBRA ACRILICA PARA LA ACRYLIC STAPLE FIBER DTEX 1,3 / 038 MM BRIGHT EN FARDOS DE POLIPROPILENO 100% FIBRA ACRILICA PARA LA ACRYLIC STAPLE FIBER DTEX 1,3 / 038 MM BRIGHT EN FARDOS DE POLIPROPILENO 100% FIBRA ACRILICA PARA LA ACRYLIC STAPLE FIBER DTEX 1,3 / 038 MM BRIGHT EN FARDOS DE POLIPROPILENO 100% FIBRA ACRILICA PARA LA ACRYLIC STAPLE FIBER DTEX 1,3 / 038 MM BRIGHT EN FARDOS DE POLIPROPILENO 100% FIBRA ACRILICA PARA LA",---,SUDAMERICANA DE FIBRAS S.A.,21476.00,21476.00,49095.27,China,Peru,收藏,31_keyword,110,措施范围候选
秘鲁,出口,2026-02-10,5503309000,"ACRYLIC STAPLE FIBER DTEX 1,3 / 038 MM BRIGHT EN FARDOS DE POLIPROPILENO 100% FIBRA ACRILICA PARA LA ACRYLIC STAPLE FIBER DTEX 1,3 / 038 MM BRIGHT EN FARDOS DE POLIPROPILENO 100% FIBRA ACRILICA PARA LA ACRYLIC STAPLE FIBER DTEX 1,3 / 038 MM BRIGHT EN FARDOS DE POLIPROPILENO 100% FIBRA ACRILICA PARA LA ACRYLIC STAPLE FIBER DTEX 1,3 / 038 MM BRIGHT EN FARDOS DE POLIPROPILENO 100% FIBRA ACRILICA PARA LA ACRYLIC STAPLE FIBER DTEX 1,3 / 038 MM BRIGHT EN FARDOS DE POLIPROPILENO 100% FIBRA ACRILICA PARA LA",---,SUDAMERICANA DE FIBRAS S.A.,21075.40,21075.40,48179.58,China,Peru,收藏,31_keyword,111,措施范围候选
秘鲁,出口,2026-02-10,5503309000,"ACRYLIC STAPLE FIBER DTEX 1,3 / 038 MM BRIGHT EN FARDOS DE POLIPROPILENO 100% FIBRA ACRILICA PARA LA ACRYLIC STAPLE FIBER DTEX 1,3 / 038 MM BRIGHT EN FARDOS DE POLIPROPILENO 100% FIBRA ACRILICA PARA LA ACRYLIC STAPLE FIBER DTEX 1,3 / 038 MM BRIGHT EN FARDOS DE POLIPROPILENO 100% FIBRA ACRILICA PARA LA ACRYLIC STAPLE FIBER DTEX 1,3 / 038 MM BRIGHT EN FARDOS DE POLIPROPILENO 100% FIBRA ACRILICA PARA LA ACRYLIC STAPLE FIBER DTEX 1,3 / 038 MM BRIGHT EN FARDOS DE POLIPROPILENO 100% FIBRA ACRILICA PARA LA",---,SUDAMERICANA DE FIBRAS S.A.,21107.30,21107.30,48250.89,China,Peru,收藏,31_keyword,112,措施范围候选
秘鲁,出口,2026-02-10,5503309000,"ACRYLIC STAPLE FIBER DTEX 1,3 / 038 MM BRIGHT EN FARDOS DE POLIPROPILENO 100% FIBRA ACRILICA PARA LA ACRYLIC STAPLE FIBER DTEX 1,3 / 038 MM BRIGHT EN FARDOS DE POLIPROPILENO 100% FIBRA ACRILICA PARA LA ACRYLIC STAPLE FIBER DTEX 1,3 / 038 MM BRIGHT EN FARDOS DE POLIPROPILENO 100% FIBRA ACRILICA PARA LA ACRYLIC STAPLE FIBER DTEX 1,3 / 038 MM BRIGHT EN FARDOS DE POLIPROPILENO 100% FIBRA ACRILICA PARA LA ACRYLIC STAPLE FIBER DTEX 1,3 / 038 MM BRIGHT EN FARDOS DE POLIPROPILENO 100% FIBRA ACRILICA PARA LA",---,SUDAMERICANA DE FIBRAS S.A.,21227.60,21227.60,48526.67,China,Peru,收藏,31_keyword,113,措施范围候选
秘鲁,出口,2026-02-10,5503309000,"ACRYLIC STAPLE FIBER DTEX 1,3 / 038 MM BRIGHT EN FARDOS DE POLIPROPILENO 100% FIBRA ACRILICA PARA LA ACRYLIC STAPLE FIBER DTEX 1,3 / 038 MM BRIGHT EN FARDOS DE POLIPROPILENO 100% FIBRA ACRILICA PARA LA ACRYLIC STAPLE FIBER DTEX 1,3 / 038 MM BRIGHT EN FARDOS DE POLIPROPILENO 100% FIBRA ACRILICA PARA LA ACRYLIC STAPLE FIBER DTEX 1,3 / 038 MM BRIGHT EN FARDOS DE POLIPROPILENO 100% FIBRA ACRILICA PARA LA ACRYLIC STAPLE FIBER DTEX 1,3 / 038 MM BRIGHT EN FARDOS DE POLIPROPILENO 100% FIBRA ACRILICA PARA LA",---,SUDAMERICANA DE FIBRAS S.A.,21204.40,21204.40,48473.70,China,Peru,收藏,31_keyword,114,措施范围候选
秘鲁,出口,2026-02-10,5503309000,"ACRYLIC STAPLE FIBER DTEX 1,3 / 038 MM BRIGHT EN FARDOS DE POLIPROPILENO 100% FIBRA ACRILICA PARA LA ACRYLIC STAPLE FIBER DTEX 1,3 / 038 MM BRIGHT EN FARDOS DE POLIPROPILENO 100% FIBRA ACRILICA PARA LA ACRYLIC STAPLE FIBER DTEX 1,3 / 038 MM BRIGHT EN FARDOS DE POLIPROPILENO 100% FIBRA ACRILICA PARA LA ACRYLIC STAPLE FIBER DTEX 1,3 / 038 MM BRIGHT EN FARDOS DE POLIPROPILENO 100% FIBRA ACRILICA PARA LA ACRYLIC STAPLE FIBER DTEX 1,3 / 038 MM BRIGHT EN FARDOS DE POLIPROPILENO 100% FIBRA ACRILICA PARA LA",---,SUDAMERICANA DE FIBRAS S.A.,22249.10,22249.10,50870.91,China,Peru,收藏,31_keyword,115,措施范围候选
秘鲁,出口,2026-02-10,5503309000,"ACRYLIC STAPLE FIBER DTEX 1,3 / 038 MM BRIGHT EN FARDOS DE POLIPROPILENO 100% FIBRA ACRILICA PARA LA ACRYLIC STAPLE FIBER DTEX 1,3 / 038 MM BRIGHT EN FARDOS DE POLIPROPILENO 100% FIBRA ACRILICA PARA LA ACRYLIC STAPLE FIBER DTEX 1,3 / 038 MM BRIGHT EN FARDOS DE POLIPROPILENO 100% FIBRA ACRILICA PARA LA ACRYLIC STAPLE FIBER DTEX 1,3 / 038 MM BRIGHT EN FARDOS DE POLIPROPILENO 100% FIBRA ACRILICA PARA LA ACRYLIC STAPLE FIBER DTEX 1,3 / 038 MM BRIGHT EN FARDOS DE POLIPROPILENO 100% FIBRA ACRILICA PARA LA",---,SUDAMERICANA DE FIBRAS S.A.,21205.60,21205.60,48475.57,China,Peru,收藏,31_keyword,116,措施范围候选
秘鲁,出口,2026-02-05,5503309000,"ACRYLIC STAPLE FIBER DTEX 0,9 / 038MM SEMIDULL EN FARDOS DE POLIPROPILENO 100% FIBRA ACRILICA PARA L ACRYLIC STAPLE FIBER DTEX 0,9 / 038MM SEMIDULL EN FARDOS DE POLIPROPILENO 100% FIBRA ACRILICA PARA L ACRYLIC STAPLE FIBER DTEX 0,9 / 038MM SEMIDULL EN FARDOS DE POLIPROPILENO 100% FIBRA ACRILICA PARA L ACRYLIC STAPLE FIBER DTEX 0,9 / 038MM SEMIDULL EN FARDOS DE POLIPROPILENO 100% FIBRA ACRILICA PARA L ACRYLIC STAPLE FIBER DTEX 0,9 / 038MM SEMIDULL EN FARDOS DE POLIPROPILENO 100% FIBRA ACRILICA PARA L",---,SUDAMERICANA DE FIBRAS S.A.,21168.25,21168.25,74426.31,China,Peru,收藏,31_keyword,117,措施范围候选
秘鲁,出口,2026-02-05,5503309000,"ACRYLIC STAPLE FIBER DTEX 1,3 / 038 MM BRIGHT EN FARDOS DE POLIPROPILENO 100% FIBRA ACRILICA PARA LA ACRYLIC STAPLE FIBER DTEX 1,3 / 038 MM BRIGHT EN FARDOS DE POLIPROPILENO 100% FIBRA ACRILICA PARA LA ACRYLIC STAPLE FIBER DTEX 1,3 / 038 MM BRIGHT EN FARDOS DE POLIPROPILENO 100% FIBRA ACRILICA PARA LA ACRYLIC STAPLE FIBER DTEX 1,3 / 038 MM BRIGHT EN FARDOS DE POLIPROPILENO 100% FIBRA ACRILICA PARA LA ACRYLIC STAPLE FIBER DTEX 1,3 / 038 MM BRIGHT EN FARDOS DE POLIPROPILENO 100% FIBRA ACRILICA PARA LA",---,SUDAMERICANA DE FIBRAS S.A.,21610.70,21610.70,49406.51,China,Peru,收藏,31_keyword,118,措施范围候选
秘鲁,出口,2026-02-05,5503309000,"ACRYLIC STAPLE FIBER DTEX 0,9 / 038MM SEMIDULL EN FARDOS DE POLIPROPILENO 100% FIBRA ACRILICA PARA L ACRYLIC STAPLE FIBER DTEX 0,9 / 038MM SEMIDULL EN FARDOS DE POLIPROPILENO 100% FIBRA ACRILICA PARA L ACRYLIC STAPLE FIBER DTEX 0,9 / 038MM SEMIDULL EN FARDOS DE POLIPROPILENO 100% FIBRA ACRILICA PARA L ACRYLIC STAPLE FIBER DTEX 0,9 / 038MM SEMIDULL EN FARDOS DE POLIPROPILENO 100% FIBRA ACRILICA PARA L ACRYLIC STAPLE FIBER DTEX 0,9 / 038MM SEMIDULL EN FARDOS DE POLIPROPILENO 100% FIBRA ACRILICA PARA L",---,SUDAMERICANA DE FIBRAS S.A.,21157.97,21157.97,74272.31,China,Peru,收藏,31_keyword,119,措施范围候选
秘鲁,出口,2026-02-05,5503309000,"ACRYLIC STAPLE FIBER DTEX 1,3 / 038 MM BRIGHT EN FARDOS DE POLIPROPILENO 100% FIBRA ACRILICA PARA LA ACRYLIC STAPLE FIBER DTEX 1,3 / 038 MM BRIGHT EN FARDOS DE POLIPROPILENO 100% FIBRA ACRILICA PARA LA ACRYLIC STAPLE FIBER DTEX 1,3 / 038 MM BRIGHT EN FARDOS DE POLIPROPILENO 100% FIBRA ACRILICA PARA LA ACRYLIC STAPLE FIBER DTEX 1,3 / 038 MM BRIGHT EN FARDOS DE POLIPROPILENO 100% FIBRA ACRILICA PARA LA ACRYLIC STAPLE FIBER DTEX 1,3 / 038 MM BRIGHT EN FARDOS DE POLIPROPILENO 100% FIBRA ACRILICA PARA LA",---,SUDAMERICANA DE FIBRAS S.A.,21441.10,21441.10,49018.87,China,Peru,收藏,31_keyword,120,措施范围候选
秘鲁,出口,2026-02-05,5503309000,"ACRYLIC STAPLE FIBER DTEX 0,9 / 038MM SEMIDULL EN FARDOS DE POLIPROPILENO 100% FIBRA ACRILICA PARA L ACRYLIC STAPLE FIBER DTEX 0,9 / 038MM SEMIDULL EN FARDOS DE POLIPROPILENO 100% FIBRA ACRILICA PARA L ACRYLIC STAPLE FIBER DTEX 0,9 / 038MM SEMIDULL EN FARDOS DE POLIPROPILENO 100% FIBRA ACRILICA PARA L ACRYLIC STAPLE FIBER DTEX 0,9 / 038MM SEMIDULL EN FARDOS DE POLIPROPILENO 100% FIBRA ACRILICA PARA L ACRYLIC STAPLE FIBER DTEX 0,9 / 038MM SEMIDULL EN FARDOS DE POLIPROPILENO 100% FIBRA ACRILICA PARA L",---,SUDAMERICANA DE FIBRAS S.A.,21052.42,21052.42,74010.41,China,Peru,收藏,31_keyword,121,措施范围候选
秘鲁,出口,2026-02-05,5503309000,"ACRYLIC STAPLE FIBER DTEX 0,9 / 038MM SEMIDULL OMS EN FARDOS DE POLIPROPILENO 100% FIBRA ACRILICA PA ACRYLIC STAPLE FIBER DTEX 0,9 / 038MM SEMIDULL OMS EN FARDOS DE POLIPROPILENO 100% FIBRA ACRILICA PA ACRYLIC STAPLE FIBER DTEX 0,9 / 038MM SEMIDULL OMS EN FARDOS DE POLIPROPILENO 100% FIBRA ACRILICA PA ACRYLIC STAPLE FIBER DTEX 0,9 / 038MM SEMIDULL OMS EN FARDOS DE POLIPROPILENO 100% FIBRA ACRILICA PA ACRYLIC STAPLE FIBER DTEX 0,9 / 038MM SEMIDULL OMS EN FARDOS DE POLIPROPILENO 100% FIBRA ACRILICA PA",---,SUDAMERICANA DE FIBRAS S.A.,20833.87,20833.87,46687.41,China,Peru,收藏,31_keyword,122,措施范围候选
秘鲁,出口,2026-01-30,5503309000,"ACRYLIC STAPLE FIBER DTEX 1,3 / 038 MM BRIGHT EN FARDOS DE POLIPROPILENO 100% FIBRA ACRILICA PARA LA ACRYLIC STAPLE FIBER DTEX 1,3 / 038 MM BRIGHT EN FARDOS DE POLIPROPILENO 100% FIBRA ACRILICA PARA LA ACRYLIC STAPLE FIBER DTEX 1,3 / 038 MM BRIGHT EN FARDOS DE POLIPROPILENO 100% FIBRA ACRILICA PARA LA ACRYLIC STAPLE FIBER DTEX 1,3 / 038 MM BRIGHT EN FARDOS DE POLIPROPILENO 100% FIBRA ACRILICA PARA LA ACRYLIC STAPLE FIBER DTEX 1,3 / 038 MM BRIGHT EN FARDOS DE POLIPROPILENO 100% FIBRA ACRILICA PARA LA",---,SUDAMERICANA DE FIBRAS S.A.,20776.50,20776.50,47128.89,China,Peru,收藏,31_keyword,123,措施范围候选
秘鲁,出口,2026-01-30,5503309000,"ACRYLIC STAPLE FIBER DTEX 1,3 / 038 MM BRIGHT EN FARDOS DE POLIPROPILENO 100% FIBRA ACRILICA PARA LA ACRYLIC STAPLE FIBER DTEX 1,3 / 038 MM BRIGHT EN FARDOS DE POLIPROPILENO 100% FIBRA ACRILICA PARA LA ACRYLIC STAPLE FIBER DTEX 1,3 / 038 MM BRIGHT EN FARDOS DE POLIPROPILENO 100% FIBRA ACRILICA PARA LA ACRYLIC STAPLE FIBER DTEX 1,3 / 038 MM BRIGHT EN FARDOS DE POLIPROPILENO 100% FIBRA ACRILICA PARA LA ACRYLIC STAPLE FIBER DTEX 1,3 / 038 MM BRIGHT EN FARDOS DE POLIPROPILENO 100% FIBRA ACRILICA PARA LA",---,SUDAMERICANA DE FIBRAS S.A.,21376.00,21376.00,48488.86,China,Peru,收藏,31_keyword,124,措施范围候选
秘鲁,出口,2026-01-28,5503309000,"ACRYLIC STAPLE FIBER DTEX 1,3 / 038 MM BRIGHT EN FARDOS DE POLIPROPILENO 100% FIBRA ACRILICA PARA LA ACRYLIC STAPLE FIBER DTEX 1,3 / 038 MM BRIGHT EN FARDOS DE POLIPROPILENO 100% FIBRA ACRILICA PARA LA ACRYLIC STAPLE FIBER DTEX 1,3 / 038 MM BRIGHT EN FARDOS DE POLIPROPILENO 100% FIBRA ACRILICA PARA LA ACRYLIC STAPLE FIBER DTEX 1,3 / 038 MM BRIGHT EN FARDOS DE POLIPROPILENO 100% FIBRA ACRILICA PARA LA ACRYLIC STAPLE FIBER DTEX 1,3 / 038 MM BRIGHT EN FARDOS DE POLIPROPILENO 100% FIBRA ACRILICA PARA LA",---,SUDAMERICANA DE FIBRAS S.A.,21105.00,21105.00,48232.57,China,Peru,收藏,31_keyword,125,措施范围候选
秘鲁,出口,2026-01-28,5503309000,"ACRYLIC STAPLE FIBER DTEX 1,3 / 038 MM BRIGHT EN FARDOS DE POLIPROPILENO 100% FIBRA ACRILICA PARA LA ACRYLIC STAPLE FIBER DTEX 1,3 / 038 MM BRIGHT EN FARDOS DE POLIPROPILENO 100% FIBRA ACRILICA PARA LA ACRYLIC STAPLE FIBER DTEX 1,3 / 038 MM BRIGHT EN FARDOS DE POLIPROPILENO 100% FIBRA ACRILICA PARA LA ACRYLIC STAPLE FIBER DTEX 1,3 / 038 MM BRIGHT EN FARDOS DE POLIPROPILENO 100% FIBRA ACRILICA PARA LA ACRYLIC STAPLE FIBER DTEX 1,3 / 038 MM BRIGHT EN FARDOS DE POLIPROPILENO 100% FIBRA ACRILICA PARA LA",---,SUDAMERICANA DE FIBRAS S.A.,19895.60,19895.60,45444.27,China,Peru,收藏,31_keyword,126,措施范围候选
秘鲁,出口,2026-01-28,5503309000,"ACRYLIC STAPLE FIBER DTEX 1,3 / 038 MM BRIGHT EN FARDOS DE POLIPROPILENO 100% FIBRA ACRILICA PARA LA ACRYLIC STAPLE FIBER DTEX 1,3 / 038 MM BRIGHT EN FARDOS DE POLIPROPILENO 100% FIBRA ACRILICA PARA LA ACRYLIC STAPLE FIBER DTEX 1,3 / 038 MM BRIGHT EN FARDOS DE POLIPROPILENO 100% FIBRA ACRILICA PARA LA ACRYLIC STAPLE FIBER DTEX 1,3 / 038 MM BRIGHT EN FARDOS DE POLIPROPILENO 100% FIBRA ACRILICA PARA LA ACRYLIC STAPLE FIBER DTEX 1,3 / 038 MM BRIGHT EN FARDOS DE POLIPROPILENO 100% FIBRA ACRILICA PARA LA",---,SUDAMERICANA DE FIBRAS S.A.,22202.70,22202.70,50741.15,China,Peru,收藏,31_keyword,127,措施范围候选
秘鲁,出口,2026-01-28,5503309000,"ACRYLIC STAPLE FIBER DTEX 1,3 / 038 MM BRIGHT EN FARDOS DE POLIPROPILENO 100% FIBRA ACRILICA PARA LA ACRYLIC STAPLE FIBER DTEX 1,3 / 038 MM BRIGHT EN FARDOS DE POLIPROPILENO 100% FIBRA ACRILICA PARA LA ACRYLIC STAPLE FIBER DTEX 1,3 / 038 MM BRIGHT EN FARDOS DE POLIPROPILENO 100% FIBRA ACRILICA PARA LA ACRYLIC STAPLE FIBER DTEX 1,3 / 038 MM BRIGHT EN FARDOS DE POLIPROPILENO 100% FIBRA ACRILICA PARA LA ACRYLIC STAPLE FIBER DTEX 1,3 / 038 MM BRIGHT EN FARDOS DE POLIPROPILENO 100% FIBRA ACRILICA PARA LA",---,SUDAMERICANA DE FIBRAS S.A.,21736.10,21736.10,49696.01,China,Peru,收藏,31_keyword,128,措施范围候选
环球提单,进口,2026-01-26,550330,100% ACRYLIC STAPLE FIBER AK200 R01 BRIGHT 1.1 DTEX 38MM,HANGZHOU YONGFANG TEXTILE CO. LTD,AK-PA TEKSTIL IHRACAT PAZARLAMA A.S,40974.00,0.00,,China,Turkey,收藏,31_keyword,129,措施范围候选
秘鲁,出口,2026-01-21,5503309000,"ACRYLIC STAPLE FIBER DTEX 1,3 / 038 MM BRIGHT EN FARDOS DE POLIPROPILENO 100% FIBRA ACRILICA PARA LA ACRYLIC STAPLE FIBER DTEX 1,3 / 038 MM BRIGHT EN FARDOS DE POLIPROPILENO 100% FIBRA ACRILICA PARA LA ACRYLIC STAPLE FIBER DTEX 1,3 / 038 MM BRIGHT EN FARDO",---,SUDAMERICANA DE FIBRAS S.A.,21397.10,21397.10,48916.56,China,Peru,收藏,31_keyword,130,措施范围候选
秘鲁,出口,2026-01-20,5503309000,"ACRYLIC STAPLE FIBER DTEX 1,3 / 038 MM BR EN FARDOS DE POLIPROPILENO 100% FIBRA ACRILICA PARA LA ELA ACRYLIC STAPLE FIBER DTEX 1,3 / 038 MM BR EN FARDOS DE POLIPROPILENO 100% FIBRA ACRILICA PARA LA ELA ACRYLIC STAPLE FIBER DTEX 1,3 / 038 MM BR EN FARDOS DE",---,SUDAMERICANA DE FIBRAS S.A.,21338.20,21338.20,48412.57,China,Peru,收藏,31_keyword,131,措施范围候选
秘鲁,出口,2026-01-20,5503309000,"ACRYLIC STAPLE FIBER DTEX 1,3 / 038 MM BR EN FARDOS DE POLIPROPILENO 100% FIBRA ACRILICA PARA LA ELA ACRYLIC STAPLE FIBER DTEX 1,3 / 038 MM BR EN FARDOS DE POLIPROPILENO 100% FIBRA ACRILICA PARA LA ELA ACRYLIC STAPLE FIBER DTEX 1,3 / 038 MM BR EN FARDOS DE",---,SUDAMERICANA DE FIBRAS S.A.,21521.40,21521.40,48827.37,China,Peru,收藏,31_keyword,132,措施范围候选
秘鲁,出口,2026-01-20,5503309000,"ACRYLIC STAPLE FIBER DTEX 1,3 / 038 MM BR EN FARDOS DE POLIPROPILENO 100% FIBRA ACRILICA PARA LA ELA ACRYLIC STAPLE FIBER DTEX 1,3 / 038 MM BR EN FARDOS DE POLIPROPILENO 100% FIBRA ACRILICA PARA LA ELA ACRYLIC STAPLE FIBER DTEX 1,3 / 038 MM BR EN FARDOS DE",---,SUDAMERICANA DE FIBRAS S.A.,21193.20,21193.20,48082.75,China,Peru,收藏,31_keyword,133,措施范围候选
秘鲁,出口,2026-01-20,5503309000,"ACRYLIC STAPLE FIBER DTEX 1,3 / 038 MM BR EN FARDOS DE POLIPROPILENO 100% FIBRA ACRILICA PARA LA ELA ACRYLIC STAPLE FIBER DTEX 1,3 / 038 MM BR EN FARDOS DE POLIPROPILENO 100% FIBRA ACRILICA PARA LA ELA ACRYLIC STAPLE FIBER DTEX 1,3 / 038 MM BR EN FARDOS DE",---,SUDAMERICANA DE FIBRAS S.A.,21433.00,21433.00,48627.57,China,Peru,收藏,31_keyword,134,措施范围候选
秘鲁,出口,2026-01-20,5503309000,"ACRYLIC STAPLE FIBER DTEX 1,3 / 038 MM BR EN FARDOS DE POLIPROPILENO 100% FIBRA ACRILICA PARA LA ELA ACRYLIC STAPLE FIBER DTEX 1,3 / 038 MM BR EN FARDOS DE POLIPROPILENO 100% FIBRA ACRILICA PARA LA ELA ACRYLIC STAPLE FIBER DTEX 1,3 / 038 MM BR EN FARDOS DE",---,SUDAMERICANA DE FIBRAS S.A.,21070.30,21070.30,47791.44,China,Peru,收藏,31_keyword,135,措施范围候选
秘鲁,出口,2026-01-20,5503309000,"ACRYLIC STAPLE FIBER DTEX 1,3 / 038 MM BR EN FARDOS DE POLIPROPILENO 100% FIBRA ACRILICA PARA LA ELA ACRYLIC STAPLE FIBER DTEX 1,3 / 038 MM BR EN FARDOS DE POLIPROPILENO 100% FIBRA ACRILICA PARA LA ELA ACRYLIC STAPLE FIBER DTEX 1,3 / 038 MM BR EN FARDOS DE",---,SUDAMERICANA DE FIBRAS S.A.,20833.30,20833.30,47253.93,China,Peru,收藏,31_keyword,136,措施范围候选
印度尼西亚,出口,2026-01-13,61103000,"WASHABLE KNITTED STRIPED T-SHIRT/HALFSLV(BODY : 79% ACRYLIC, 21% POLYESTER (USING 100% RECYCLED POLYESTER FIBERS)CUFF & HEM: 83% ACRYLIC, 15% NYLON, 2% SPANDEX)ITEM CODE : 351-360280 (62-03)SAMPLE NO : 61356N012AREFF NO : NEA-GC25-148",GU (SHANGHAI) TRADING CO LTD,LEETEX GARMENT INDONESIA,32.00,120.00,567.60,China,Indonesia,收藏,31_keyword,137,待规格/税号复核
印度尼西亚,出口,2026-01-13,61103000,WASHABLE KNITTED T-SHIRT/HALFSLV(MAIN FABRIC: 79% ACRYLIC 21% POLYESTER (USING 100% RECYCLED POLYESTER FIBERS)CUFFS & HEM : 82% ACRYLIC 17% NYLON 1% POLYURETHANE)ITEM CODE : 351-359672 (62-02)SAMPLE NO : 61356N007BREFF NO : NEA-GC25-172,GU (SHANGHAI) TRADING CO LTD,LEETEX GARMENT INDONESIA,134.20,504.00,2268.00,China,Indonesia,收藏,31_keyword,138,待规格/税号复核
印度尼西亚,出口,2026-01-13,61103000,"WASHABLE KNITTED POLO SHIRT/HALFSLV(BODY: 79% ACRYLIC, 21% POLYESTER (USING 100% RECYCLED POLYESTER FIBERS)CUFF & HEM: 83% ACRYLIC, 15% NYLON 2% SPANDEX )ITEM CODE : 351-359987 (62-03)SAMPLE NO : 61356N002BREFF NO : NEA-GC25-152",GU (SHANGHAI) TRADING CO LTD,LEETEX GARMENT INDONESIA,117.50,408.00,2080.80,China,Indonesia,收藏,31_keyword,139,待规格/税号复核
印度尼西亚,出口,2026-01-13,61103000,WASHABLE KNITTED STRIPED POLO SHIRT/HALFSLV(MAIN BODY : 79% ACRYLIC 21% POLYESTER (MADE WITH 100% RECYCLED POLYESTER FIBERS)CUFF AND HEM : 83% ACRYLIC 15% NYLON 2% POLYURETHANE)ITEM CODE : 351-360165 (62-03)SAMPLE NO : 61356N010AREFF NO : NEA-GC25-158,GU (SHANGHAI) TRADING CO LTD,LEETEX GARMENT INDONESIA,58.20,204.00,1060.80,China,Indonesia,收藏,31_keyword,140,待规格/税号复核
秘鲁,出口,2026-01-12,5503309000,"ACRYLIC STAPLE FIBER DTEX 1,3 / 038 MM BRIGHT EN FARDOS DE POLIPROPILENO 100% FIBRA ACRILICA PARA LA ACRYLIC STAPLE FIBER DTEX 1,3 / 038 MM BRIGHT EN FARDOS DE POLIPROPILENO 100% FIBRA ACRILICA PARA LA ACRYLIC STAPLE FIBER DTEX 1,3 / 038 MM BRIGHT EN FARDO",---,SUDAMERICANA DE FIBRAS S.A.,21482.10,21482.10,49090.82,China,Peru,收藏,31_keyword,141,措施范围候选
秘鲁,出口,2026-01-12,5503309000,"ACRYLIC STAPLE FIBER DTEX 1,3 / 038 MM BRIGHT EN FARDOS DE POLIPROPILENO 100% FIBRA ACRILICA PARA LA ACRYLIC STAPLE FIBER DTEX 1,3 / 038 MM BRIGHT EN FARDOS DE POLIPROPILENO 100% FIBRA ACRILICA PARA LA ACRYLIC STAPLE FIBER DTEX 1,3 / 038 MM BRIGHT EN FARDO",---,SUDAMERICANA DE FIBRAS S.A.,20982.40,20982.40,47941.81,China,Peru,收藏,31_keyword,142,措施范围候选
秘鲁,出口,2026-01-12,5503309000,"ACRYLIC STAPLE FIBER DTEX 1,3 / 038 MM BRIGHT EN FARDOS DE POLIPROPILENO 100% FIBRA ACRILICA PARA LA ACRYLIC STAPLE FIBER DTEX 1,3 / 038 MM BRIGHT EN FARDOS DE POLIPROPILENO 100% FIBRA ACRILICA PARA LA ACRYLIC STAPLE FIBER DTEX 1,3 / 038 MM BRIGHT EN FARDO",---,SUDAMERICANA DE FIBRAS S.A.,21326.10,21326.10,48734.42,China,Peru,收藏,31_keyword,143,措施范围候选
秘鲁,出口,2026-01-12,5503309000,"ACRYLIC STAPLE FIBER DTEX 1,3 / 038 MM BRIGHT EN FARDOS DE POLIPROPILENO 100% FIBRA ACRILICA PARA LA ACRYLIC STAPLE FIBER DTEX 1,3 / 038 MM BRIGHT EN FARDOS DE POLIPROPILENO 100% FIBRA ACRILICA PARA LA ACRYLIC STAPLE FIBER DTEX 1,3 / 038 MM BRIGHT EN FARDO",---,SUDAMERICANA DE FIBRAS S.A.,21848.10,21848.10,49930.96,China,Peru,收藏,31_keyword,144,措施范围候选
秘鲁,出口,2026-01-12,5503309000,"ACRYLIC STAPLE FIBER DTEX 1,3 / 038 MM BRIGHT EN FARDOS DE POLIPROPILENO 100% FIBRA ACRILICA PARA LA ACRYLIC STAPLE FIBER DTEX 1,3 / 038 MM BRIGHT EN FARDOS DE POLIPROPILENO 100% FIBRA ACRILICA PARA LA ACRYLIC STAPLE FIBER DTEX 1,3 / 038 MM BRIGHT EN FARDO",---,SUDAMERICANA DE FIBRAS S.A.,21480.00,21480.00,49089.71,China,Peru,收藏,31_keyword,145,措施范围候选
秘鲁,出口,2026-01-12,5503309000,"ACRYLIC STAPLE FIBER DTEX 1,3 / 038 MM BRIGHT EN FARDOS DE POLIPROPILENO 100% FIBRA ACRILICA PARA LA ACRYLIC STAPLE FIBER DTEX 1,3 / 038 MM BRIGHT EN FARDOS DE POLIPROPILENO 100% FIBRA ACRILICA PARA LA ACRYLIC STAPLE FIBER DTEX 1,3 / 038 MM BRIGHT EN FARDO",---,SUDAMERICANA DE FIBRAS S.A.,20800.80,20800.80,47526.82,China,Peru,收藏,31_keyword,146,措施范围候选
秘鲁,出口,2026-01-12,5503309000,"ACRYLIC STAPLE FIBER DTEX 0,9 / 038 MM SEMIDULL EN FARDOS DE POLIPROPILENO 100% FIBRA ACRILICA PARA ACRYLIC STAPLE FIBER DTEX 0,9 / 038 MM SEMIDULL EN FARDOS DE POLIPROPILENO 100% FIBRA ACRILICA PARA ACRYLIC STAPLE FIBER DTEX 0,9 / 038 MM SEMIDULL EN FARDO",---,SUDAMERICANA DE FIBRAS S.A.,21042.50,21042.50,73953.13,China,Peru,收藏,31_keyword,147,措施范围候选
秘鲁,出口,2026-01-12,5503309000,"ACRYLIC STAPLE FIBER DTEX 1,3 / 038 MM BRIGHT EN FARDOS DE POLIPROPILENO 100% FIBRA ACRILICA PARA LA ACRYLIC STAPLE FIBER DTEX 1,3 / 038 MM BRIGHT EN FARDOS DE POLIPROPILENO 100% FIBRA ACRILICA PARA LA ACRYLIC STAPLE FIBER DTEX 1,3 / 038 MM BRIGHT EN FARDO",---,SUDAMERICANA DE FIBRAS S.A.,21209.10,21209.10,48464.42,China,Peru,收藏,31_keyword,148,措施范围候选
秘鲁,出口,2026-01-12,5503309000,"ACRYLIC STAPLE FIBER DTEX 0,9 / 038 MM SEMIDULL EN FARDOS DE POLIPROPILENO 100% FIBRA ACRILICA PARA ACRYLIC STAPLE FIBER DTEX 0,9 / 038 MM SEMIDULL EN FARDOS DE POLIPROPILENO 100% FIBRA ACRILICA PARA ACRYLIC STAPLE FIBER DTEX 0,9 / 038 MM SEMIDULL EN FARDO",---,SUDAMERICANA DE FIBRAS S.A.,21264.60,21264.60,74733.91,China,Peru,收藏,31_keyword,149,措施范围候选
秘鲁,出口,2026-01-12,5503309000,"ACRYLIC STAPLE FIBER DTEX 1,3 / 038 MM BRIGHT EN FARDOS DE POLIPROPILENO 100% FIBRA ACRILICA PARA LA ACRYLIC STAPLE FIBER DTEX 1,3 / 038 MM BRIGHT EN FARDOS DE POLIPROPILENO 100% FIBRA ACRILICA PARA LA ACRYLIC STAPLE FIBER DTEX 1,3 / 038 MM BRIGHT EN FARDO",---,SUDAMERICANA DE FIBRAS S.A.,21229.40,21229.40,48510.84,China,Peru,收藏,31_keyword,150,措施范围候选
秘鲁,出口,2026-01-12,5503309000,"ACRYLIC STAPLE FIBER DTEX 0,9 / 038 MM SEMIDULL EN FARDOS DE POLIPROPILENO 100% FIBRA ACRILICA PARA ACRYLIC STAPLE FIBER DTEX 0,9 / 038 MM SEMIDULL EN FARDOS DE POLIPROPILENO 100% FIBRA ACRILICA PARA ACRYLIC STAPLE FIBER DTEX 0,9 / 038 MM SEMIDULL EN FARDO",---,SUDAMERICANA DE FIBRAS S.A.,20630.10,20630.10,72503.98,China,Peru,收藏,31_keyword,151,措施范围候选
秘鲁,出口,2026-01-12,5503309000,"ACRYLIC STAPLE FIBER DTEX 0,9 / 038 MM SEMIDULL EN FARDOS DE POLIPROPILENO 100% FIBRA ACRILICA PARA ACRYLIC STAPLE FIBER DTEX 0,9 / 038 MM SEMIDULL EN FARDOS DE POLIPROPILENO 100% FIBRA ACRILICA PARA ACRYLIC STAPLE FIBER DTEX 0,9 / 038 MM SEMIDULL EN FARDO",---,SUDAMERICANA DE FIBRAS S.A.,20822.60,20822.60,73180.30,China,Peru,收藏,31_keyword,152,措施范围候选
越南全港,出口,2026-01-08,56039400,05V-BQ#&Vải không dệt -Polyester staple fiber 70%+polyester filament 15%+styrene acrylic lotion 15% không nhãn hiệu có nhãn hàng hóa mới 100%#&CN,BOQUN TEXTILE TECHNOLOGY COMPANY LIMITED/CONG TY TNHH PATEL(VN),Công ty TNHH PATEL (VN),,5191.70,116430206.37,China,Vietnam,收藏,31_keyword,153,待规格/税号复核
秘鲁,出口,2025-12-30,5503309000,"ACRYLIC STAPLE FIBER DTEX 1,3 / 038 MM BRIGHT EN FARDOS DE POLIPROPILENO 100% FIBRA ACRILICA PARA LA ACRYLIC STAPLE FIBER DTEX 1,3 / 038 MM BRIGHT EN FARDOS DE POLIPROPILENO 100% FIBRA ACRILICA PARA LA ACRYLIC STAPLE FIBER DTEX 1,3 / 038 MM BRIGHT EN FARDO",---,SUDAMERICANA DE FIBRAS S.A.,20763.70,20763.70,47435.90,China,Peru,收藏,31_keyword,154,措施范围候选
秘鲁,出口,2025-12-30,5503309000,"ACRYLIC STAPLE FIBER DTEX 1,3 / 038 MM BRIGHT EN FARDOS DE POLIPROPILENO 100% FIBRA ACRILICA PARA LA ACRYLIC STAPLE FIBER DTEX 1,3 / 038 MM BRIGHT EN FARDOS DE POLIPROPILENO 100% FIBRA ACRILICA PARA LA ACRYLIC STAPLE FIBER DTEX 1,3 / 038 MM BRIGHT EN FARDO",---,SUDAMERICANA DE FIBRAS S.A.,20176.30,20176.30,46093.91,China,Peru,收藏,31_keyword,155,措施范围候选
秘鲁,出口,2025-12-30,5503309000,"ACRYLIC STAPLE FIBER DTEX 1,3 / 038 MM BRIGHT EN FARDOS DE POLIPROPILENO 100% FIBRA ACRILICA PARA LA ACRYLIC STAPLE FIBER DTEX 1,3 / 038 MM BRIGHT EN FARDOS DE POLIPROPILENO 100% FIBRA ACRILICA PARA LA ACRYLIC STAPLE FIBER DTEX 1,3 / 038 MM BRIGHT EN FARDO",---,SUDAMERICANA DE FIBRAS S.A.,20894.30,20894.30,47743.27,China,Peru,收藏,31_keyword,156,措施范围候选
秘鲁,出口,2025-12-30,5503309000,"ACRYLIC STAPLE FIBER DTEX 1,3 / 038 MM BRIGHT EN FARDOS DE POLIPROPILENO 100% FIBRA ACRILICA PARA LA ACRYLIC STAPLE FIBER DTEX 1,3 / 038 MM BRIGHT EN FARDOS DE POLIPROPILENO 100% FIBRA ACRILICA PARA LA ACRYLIC STAPLE FIBER DTEX 1,3 / 038 MM BRIGHT EN FARDO",---,SUDAMERICANA DE FIBRAS S.A.,21284.00,21284.00,48633.77,China,Peru,收藏,31_keyword,157,措施范围候选
秘鲁,出口,2025-12-30,5503309000,"ACRYLIC STAPLE FIBER DTEX 1,3 / 038 MM BRIGHT EN FARDOS DE POLIPROPILENO 100% FIBRA ACRILICA PARA LA ACRYLIC STAPLE FIBER DTEX 1,3 / 038 MM BRIGHT EN FARDOS DE POLIPROPILENO 100% FIBRA ACRILICA PARA LA ACRYLIC STAPLE FIBER DTEX 1,3 / 038 MM BRIGHT EN FARDO",---,SUDAMERICANA DE FIBRAS S.A.,21501.40,21501.40,49134.84,China,Peru,收藏,31_keyword,158,措施范围候选
秘鲁,出口,2025-12-30,5503309000,"ACRYLIC STAPLE FIBER DTEX 1,3 / 038 MM BRIGHT EN FARDOS DE POLIPROPILENO 100% FIBRA ACRILICA PARA LA ACRYLIC STAPLE FIBER DTEX 1,3 / 038 MM BRIGHT EN FARDOS DE POLIPROPILENO 100% FIBRA ACRILICA PARA LA ACRYLIC STAPLE FIBER DTEX 1,3 / 038 MM BRIGHT EN FARDO",---,SUDAMERICANA DE FIBRAS S.A.,21290.70,21290.70,48653.39,China,Peru,收藏,31_keyword,159,措施范围候选
秘鲁,出口,2025-12-30,5503309000,"ACRYLIC STAPLE FIBER DTEX 1,3 / 038 MM BRIGHT EN FARDOS DE POLIPROPILENO 100% FIBRA ACRILICA PARA LA ACRYLIC STAPLE FIBER DTEX 1,3 / 038 MM BRIGHT EN FARDOS DE POLIPROPILENO 100% FIBRA ACRILICA PARA LA ACRYLIC STAPLE FIBER DTEX 1,3 / 038 MM BRIGHT EN FARDO",---,SUDAMERICANA DE FIBRAS S.A.,21412.00,21412.00,48929.65,China,Peru,收藏,31_keyword,160,措施范围候选
秘鲁,出口,2025-12-30,5503309000,"ACRYLIC STAPLE FIBER DTEX 1,3 / 038 MM BRIGHT EN FARDOS DE POLIPROPILENO 100% FIBRA ACRILICA PARA LA ACRYLIC STAPLE FIBER DTEX 1,3 / 038 MM BRIGHT EN FARDOS DE POLIPROPILENO 100% FIBRA ACRILICA PARA LA ACRYLIC STAPLE FIBER DTEX 1,3 / 038 MM BRIGHT EN FARDO",---,SUDAMERICANA DE FIBRAS S.A.,21251.10,21251.10,48562.00,China,Peru,收藏,31_keyword,161,措施范围候选
越南全港,出口,2025-12-25,54079200,"NL193#&Vải 59% polyester 23% rayon 10% linen 6%acrylic 2% other fiber, dệt thoi đã nhuộm chiều rộng 1.42 m, trọng lượng 100g/m2-1 cuộn#&CN",HEDERA INTERNATIONAL TRADING LIMITED/VIETNAM STYLE FASHION ACCESSORIES,CôNG TY TNHH THIếT Kế PHụ KIệN THờI TRANG VIệT NAM,,225.64,5150398.62,China,Vietnam,收藏,31_keyword,162,待规格/税号复核
越南全港,出口,2025-12-25,51112000,NL101#&Vải 55%wool 28%Polyester 8%acrylic 9%other fibers dệt thoi. đã nhuộm. chiều rộng 1.48m. trọng lượng 450g/m2. dạng cuộn-2cuộn#&CN,HEDERA INTERNATIONAL TRADING LIMITED/VIETNAM STYLE FASHION ACCESSORIES,CôNG TY TNHH THIếT Kế PHụ KIệN THờI TRANG VIệT NAM,,161.41,22165234.57,China,Vietnam,收藏,31_keyword,163,待规格/税号复核
秘鲁,出口,2025-12-24,5503309000,"ACRYLIC STAPLE FIBER DTEX 1,3 / 038 MM BRIGHT EN FARDOS DE POLIPROPILENO 100% FIBRA ACRILICA PARA LA ACRYLIC STAPLE FIBER DTEX 1,3 / 038 MM BRIGHT EN FARDOS DE POLIPROPILENO 100% FIBRA ACRILICA PARA LA ACRYLIC STAPLE FIBER DTEX 1,3 / 038 MM BRIGHT EN FARDO",---,SUDAMERICANA DE FIBRAS S.A.,21650.10,21650.10,49478.28,China,Peru,收藏,31_keyword,164,措施范围候选
秘鲁,出口,2025-12-24,5503309000,"ACRYLIC STAPLE FIBER DTEX 1,3 / 038 MM BRIGHT EN FARDOS DE POLIPROPILENO 100% FIBRA ACRILICA PARA LA ACRYLIC STAPLE FIBER DTEX 1,3 / 038 MM BRIGHT EN FARDOS DE POLIPROPILENO 100% FIBRA ACRILICA PARA LA ACRYLIC STAPLE FIBER DTEX 1,3 / 038 MM BRIGHT EN FARDO",---,SUDAMERICANA DE FIBRAS S.A.,21391.80,21391.80,48882.92,China,Peru,收藏,31_keyword,165,措施范围候选
秘鲁,出口,2025-12-24,5503309000,"ACRYLIC STAPLE FIBER DTEX 1,3 / 038 MM BRIGHT EN FARDOS DE POLIPROPILENO 100% FIBRA ACRILICA PARA LA ACRYLIC STAPLE FIBER DTEX 1,3 / 038 MM BRIGHT EN FARDOS DE POLIPROPILENO 100% FIBRA ACRILICA PARA LA ACRYLIC STAPLE FIBER DTEX 1,3 / 038 MM BRIGHT EN FARDO",---,SUDAMERICANA DE FIBRAS S.A.,21187.40,21187.40,48415.83,China,Peru,收藏,31_keyword,166,措施范围候选
秘鲁,出口,2025-12-24,5503309000,"ACRYLIC STAPLE FIBER DTEX 1,3 / 038 MM BRIGHT EN FARDOS DE POLIPROPILENO 100% FIBRA ACRILICA PARA LA ACRYLIC STAPLE FIBER DTEX 1,3 / 038 MM BRIGHT EN FARDOS DE POLIPROPILENO 100% FIBRA ACRILICA PARA LA ACRYLIC STAPLE FIBER DTEX 1,3 / 038 MM BRIGHT EN FARDO",---,SUDAMERICANA DE FIBRAS S.A.,21540.90,21540.90,49228.25,China,Peru,收藏,31_keyword,167,措施范围候选
秘鲁,出口,2025-12-24,5503309000,"ACRYLIC STAPLE FIBER DTEX 1,3 / 038 MM BRIGHT EN FARDOS DE POLIPROPILENO 100% FIBRA ACRILICA PARA LA ACRYLIC STAPLE FIBER DTEX 1,3 / 038 MM BRIGHT EN FARDOS DE POLIPROPILENO 100% FIBRA ACRILICA PARA LA ACRYLIC STAPLE FIBER DTEX 1,3 / 038 MM BRIGHT EN FARDO",---,SUDAMERICANA DE FIBRAS S.A.,21709.30,21709.30,49613.29,China,Peru,收藏,31_keyword,168,措施范围候选
美国,出口,2025-12-09,,ACRYLIC FIBER,---,LAVINSTAR AMERICA INC,7342.00,36.00,,China,United States,收藏,31_keyword,169,待规格/税号复核
秘鲁,出口,2025-12-08,5503309000,"ACRYLIC STAPLE FIBER DTEX 1,3 / 038 MM BRIGHT EN FARDOS DE POLIPROPILENO 100% FIBRA ACRILICA PARA LA ACRYLIC STAPLE FIBER DTEX 1,3 / 038 MM BRIGHT EN FARDOS DE POLIPROPILENO 100% FIBRA ACRILICA PARA LA ACRYLIC STAPLE FIBER DTEX 1,3 / 038 MM BRIGHT EN FARDO",---,SUDAMERICANA DE FIBRAS S.A.,20984.90,20984.90,47948.74,China,Peru,收藏,31_keyword,170,措施范围候选
秘鲁,出口,2025-12-08,5503309000,"ACRYLIC STAPLE FIBER DTEX 1,3 / 038 MM BRIGHT EN FARDOS DE POLIPROPILENO 100% FIBRA ACRILICA PARA LA ACRYLIC STAPLE FIBER DTEX 1,3 / 038 MM BRIGHT EN FARDOS DE POLIPROPILENO 100% FIBRA ACRILICA PARA LA ACRYLIC STAPLE FIBER DTEX 1,3 / 038 MM BRIGHT EN FARDO",---,SUDAMERICANA DE FIBRAS S.A.,21259.30,21259.30,48579.68,China,Peru,收藏,31_keyword,171,措施范围候选
秘鲁,出口,2025-12-08,5503309000,"ACRYLIC STAPLE FIBER DTEX 1,3 / 038 MM BRIGHT EN FARDOS DE POLIPROPILENO 100% FIBRA ACRILICA PARA LA ACRYLIC STAPLE FIBER DTEX 1,3 / 038 MM BRIGHT EN FARDOS DE POLIPROPILENO 100% FIBRA ACRILICA PARA LA ACRYLIC STAPLE FIBER DTEX 1,3 / 038 MM BRIGHT EN FARDO",---,SUDAMERICANA DE FIBRAS S.A.,21005.80,21005.80,47996.83,China,Peru,收藏,31_keyword,172,措施范围候选
美国,出口,2025-12-06,,"CRATES CARNET CN/- BOX : PIECES, OIL AND ACRYLIC PAINTINGS BOX : PIECES, OIL AND ACRYLIC PAINTINGS BOX : PIECES, OIL AND ACRYLIC PAINTINGS BOX : PIECES, OIL AND ACRYLIC PAINTINGS BOX : PIECES, OIL AND ACRYLIC PAINTINGS BOX : PIECES, OIL AND ACRYLIC PAINTINGS CARNET US/ BOX A: PIECES - PAINTINGS, MIXED MEDIA AND ONE QUILT BOX B: PIECES PAINTINGS AND ONE QUILT BOX C: PIECES: PAINTINGS, PHOTO, AND PRINTS BOX D: PIEVES: PAINTINGS, PHOTOGRAPHY, AND PRINTS BOX E: PIECES: PAINTINGS OF VARIOUS MEDIA, FIBER ART AND PHOTOGRAPH BOX F: PIECES: SCULPTURES OF VARIOUS ME",---,KALAMA COLLECTION,2552.00,12.00,,China,United States,收藏,31_keyword,173,待规格/税号复核
秘鲁,出口,2025-12-06,5503309000,"ACRYLIC STAPLE FIBER DTEX 1,3 / 038 MM BRIGHT EN FARDOS DE POLIPROPILENO 100% FIBRA ACRILICA PARA LA ACRYLIC STAPLE FIBER DTEX 1,3 / 038 MM BRIGHT EN FARDOS DE POLIPROPILENO 100% FIBRA ACRILICA PARA LA ACRYLIC STAPLE FIBER DTEX 1,3 / 038 MM BRIGHT EN FARDO",---,SUDAMERICANA DE FIBRAS S.A.,20213.20,20213.20,46172.98,China,Peru,收藏,31_keyword,174,措施范围候选
秘鲁,出口,2025-12-06,5503309000,"ACRYLIC STAPLE FIBER DTEX 1,3 / 038 MM BRIGHT EN FARDOS DE POLIPROPILENO 100% FIBRA ACRILICA PARA LA ACRYLIC STAPLE FIBER DTEX 1,3 / 038 MM BRIGHT EN FARDOS DE POLIPROPILENO 100% FIBRA ACRILICA PARA LA ACRYLIC STAPLE FIBER DTEX 1,3 / 038 MM BRIGHT EN FARDO",---,SUDAMERICANA DE FIBRAS S.A.,20081.50,20081.50,45872.19,China,Peru,收藏,31_keyword,175,措施范围候选
秘鲁,出口,2025-12-06,5503309000,"ACRYLIC STAPLE FIBER DTEX 1,3 / 038 MM BRIGHT EN FARDOS DE POLIPROPILENO 100% FIBRA ACRILICA PARA LA ACRYLIC STAPLE FIBER DTEX 1,3 / 038 MM BRIGHT EN FARDOS DE POLIPROPILENO 100% FIBRA ACRILICA PARA LA ACRYLIC STAPLE FIBER DTEX 1,3 / 038 MM BRIGHT EN FARDO",---,SUDAMERICANA DE FIBRAS S.A.,20051.00,20051.00,45802.57,China,Peru,收藏,31_keyword,176,措施范围候选
印度全港,出口,2025-12-06,55033090,ACRYLIC STAPLE FIBER 1 2 DX 38 MM BRIGHTNON SHRINKABLE,SHANGHAI LIN MING CORP.LTD.,INDIAN ACRYLICS LIMITED,,275.60,551.20,China,India,收藏,31_keyword,177,措施范围候选
印度全港,出口,2025-12-06,55033090,ACRYLIC STAPLE FIBER 1 2 DX 38 MM BRIGHTSHRINKABLE,SHANGHAI LIN MING CORP.LTD.,INDIAN ACRYLICS LIMITED,,216.60,433.20,China,India,收藏,31_keyword,178,措施范围候选
秘鲁,出口,2025-12-05,5503309000,"ACRYLIC STAPLE FIBER DTEX 1,3 / 038 MM BRIGHT EN FARDOS DE POLIPROPILENO 100% FIBRA ACRILICA PARA LA ACRYLIC STAPLE FIBER DTEX 1,3 / 038 MM BRIGHT EN FARDOS DE POLIPROPILENO 100% FIBRA ACRILICA PARA LA ACRYLIC STAPLE FIBER DTEX 1,3 / 038 MM BRIGHT EN FARDO",---,SUDAMERICANA DE FIBRAS S.A.,21273.70,21273.70,48612.83,China,Peru,收藏,31_keyword,179,措施范围候选
秘鲁,出口,2025-12-05,5503309000,"ACRYLIC STAPLE FIBER DTEX 1,3 / 038 MM BRIGHT EN FARDOS DE POLIPROPILENO 100% FIBRA ACRILICA PARA LA ACRYLIC STAPLE FIBER DTEX 1,3 / 038 MM BRIGHT EN FARDOS DE POLIPROPILENO 100% FIBRA ACRILICA PARA LA ACRYLIC STAPLE FIBER DTEX 1,3 / 038 MM BRIGHT EN FARDO",---,SUDAMERICANA DE FIBRAS S.A.,21343.70,21343.70,48775.13,China,Peru,收藏,31_keyword,180,措施范围候选
秘鲁,出口,2025-12-05,5503309000,"ACRYLIC STAPLE FIBER DTEX 1,3 / 038 MM BRIGHT EN FARDOS DE POLIPROPILENO 100% FIBRA ACRILICA PARA LA ACRYLIC STAPLE FIBER DTEX 1,3 / 038 MM BRIGHT EN FARDOS DE POLIPROPILENO 100% FIBRA ACRILICA PARA LA ACRYLIC STAPLE FIBER DTEX 1,3 / 038 MM BRIGHT EN FARDO",---,SUDAMERICANA DE FIBRAS S.A.,21543.30,21543.30,49231.30,China,Peru,收藏,31_keyword,181,措施范围候选
秘鲁,出口,2025-12-04,5503309000,"ACRYLIC STAPLE FIBER DTEX 1,3 / 038 MM BRIGHT EN FARDOS DE POLIPROPILENO 100% FIBRA ACRILICA PARA LA ACRYLIC STAPLE FIBER DTEX 1,3 / 038 MM BRIGHT EN FARDOS DE POLIPROPILENO 100% FIBRA ACRILICA PARA LA ACRYLIC STAPLE FIBER DTEX 1,3 / 038 MM BRIGHT EN FARDO",---,SUDAMERICANA DE FIBRAS S.A.,21422.00,21422.00,48953.81,China,Peru,收藏,31_keyword,182,措施范围候选
秘鲁,出口,2025-12-04,5503309000,"ACRYLIC STAPLE FIBER DTEX 1,3 / 038 MM BRIGHT EN FARDOS DE POLIPROPILENO 100% FIBRA ACRILICA PARA LA ACRYLIC STAPLE FIBER DTEX 1,3 / 038 MM BRIGHT EN FARDOS DE POLIPROPILENO 100% FIBRA ACRILICA PARA LA ACRYLIC STAPLE FIBER DTEX 1,3 / 038 MM BRIGHT EN FARDO",---,SUDAMERICANA DE FIBRAS S.A.,21363.90,21363.90,48820.25,China,Peru,收藏,31_keyword,183,措施范围候选
秘鲁,出口,2025-12-04,5503309000,"ACRYLIC STAPLE FIBER DTEX 1,3 / 038 MM BRIGHT EN FARDOS DE POLIPROPILENO 100% FIBRA ACRILICA PARA LA ACRYLIC STAPLE FIBER DTEX 1,3 / 038 MM BRIGHT EN FARDOS DE POLIPROPILENO 100% FIBRA ACRILICA PARA LA ACRYLIC STAPLE FIBER DTEX 1,3 / 038 MM BRIGHT EN FARDO",---,SUDAMERICANA DE FIBRAS S.A.,21315.80,21315.80,48709.63,China,Peru,收藏,31_keyword,184,措施范围候选
秘鲁,出口,2025-11-26,5503309000,"ACRYLIC STAPLE FIBER DTEX 1,3 / 038 MM BRIGHT EN FARDOS DE POLIPROPILENO 100% FIBRA ACRILICA PARA LA ACRYLIC STAPLE FIBER DTEX 1,3 / 038 MM BRIGHT EN FARDOS DE POLIPROPILENO 100% FIBRA ACRILICA PARA LA ACRYLIC STAPLE FIBER DTEX 1,3 / 038 MM BRIGHT EN FARDO",---,SUDAMERICANA DE FIBRAS S.A.,20860.90,20860.90,47667.47,China,Peru,收藏,31_keyword,185,措施范围候选
秘鲁,出口,2025-11-26,5503309000,"ACRYLIC STAPLE FIBER DTEX 1,3 / 038 MM BRIGHT EN FARDOS DE POLIPROPILENO 100% FIBRA ACRILICA PARA LA ACRYLIC STAPLE FIBER DTEX 1,3 / 038 MM BRIGHT EN FARDOS DE POLIPROPILENO 100% FIBRA ACRILICA PARA LA ACRYLIC STAPLE FIBER DTEX 1,3 / 038 MM BRIGHT EN FARDO",---,SUDAMERICANA DE FIBRAS S.A.,21395.60,21395.60,48889.26,China,Peru,收藏,31_keyword,186,措施范围候选
秘鲁,出口,2025-11-26,5506300000,"ACRYLIC FIBER TOPS N DTEX 2,2 SEMIDULL EN FARDOS DE POLIPROPILENO 100% FIBRA ACRÍLICA PARA LA ELABOR ACRYLIC FIBER TOPS N DTEX 2,2 SEMIDULL EN FARDOS DE POLIPROPILENO 100% FIBRA ACRÍLICA PARA LA ELABOR ACRYLIC FIBER TOPS N DTEX 2,2 SEMIDULL EN FARDOS DE PO",---,SUDAMERICANA DE FIBRAS S.A.,5198.20,5198.20,12147.28,China,Peru,收藏,31_keyword,187,措施范围候选
秘鲁,出口,2025-11-26,5506300000,"ACRYLIC FIBER TOPS N DTEX 1,6 BRIGHT EN FARDOS DE POLIPROPILENO 100% FIBRA ACRÍLICA PARA LA ELABORAC ACRYLIC FIBER TOPS N DTEX 1,6 BRIGHT EN FARDOS DE POLIPROPILENO 100% FIBRA ACRÍLICA PARA LA ELABORAC ACRYLIC FIBER TOPS N DTEX 1,6 BRIGHT EN FARDOS DE POLI",---,SUDAMERICANA DE FIBRAS S.A.,1954.60,1954.60,4761.91,China,Peru,收藏,31_keyword,188,措施范围候选
秘鲁,出口,2025-11-26,5506300000,"ACRYLIC FIBER TOPS N DTEX 1,3 SEMIDULL EN FARDOS DE POLIPROPILENO 100% FIBRA ACRÍLICA PARA LA ELABOR ACRYLIC FIBER TOPS N DTEX 1,3 SEMIDULL EN FARDOS DE POLIPROPILENO 100% FIBRA ACRÍLICA PARA LA ELABOR ACRYLIC FIBER TOPS N DTEX 1,3 SEMIDULL EN FARDOS DE PO",---,SUDAMERICANA DE FIBRAS S.A.,2050.90,2050.90,5098.47,China,Peru,收藏,31_keyword,189,措施范围候选
秘鲁,出口,2025-11-26,5503309000,"ACRYLIC STAPLE FIBER DTEX 1,3 / 038 MM BRIGHT EN FARDOS DE POLIPROPILENO 100% FIBRA ACRILICA PARA LA ACRYLIC STAPLE FIBER DTEX 1,3 / 038 MM BRIGHT EN FARDOS DE POLIPROPILENO 100% FIBRA ACRILICA PARA LA ACRYLIC STAPLE FIBER DTEX 1,3 / 038 MM BRIGHT EN FARDO",---,SUDAMERICANA DE FIBRAS S.A.,20650.20,20650.20,47179.22,China,Peru,收藏,31_keyword,190,措施范围候选
秘鲁,出口,2025-11-26,5503309000,"ACRYLIC STAPLE FIBER DTEX 1,3 / 038 MM BRIGHT EN FARDOS DE POLIPROPILENO 100% FIBRA ACRILICA PARA LA ACRYLIC STAPLE FIBER DTEX 1,3 / 038 MM BRIGHT EN FARDOS DE POLIPROPILENO 100% FIBRA ACRILICA PARA LA ACRYLIC STAPLE FIBER DTEX 1,3 / 038 MM BRIGHT EN FARDO",---,SUDAMERICANA DE FIBRAS S.A.,20643.30,20643.30,47163.50,China,Peru,收藏,31_keyword,191,措施范围候选
秘鲁,出口,2025-11-26,5503309000,"ACRYLIC STAPLE FIBER DTEX 1,3 / 038 MM BRIGHT EN FARDOS DE POLIPROPILENO 100% FIBRA ACRILICA PARA LA ACRYLIC STAPLE FIBER DTEX 1,3 / 038 MM BRIGHT EN FARDOS DE POLIPROPILENO 100% FIBRA ACRILICA PARA LA ACRYLIC STAPLE FIBER DTEX 1,3 / 038 MM BRIGHT EN FARDO",---,SUDAMERICANA DE FIBRAS S.A.,21363.40,21363.40,48816.91,China,Peru,收藏,31_keyword,192,措施范围候选
秘鲁,出口,2025-11-26,5503309000,"ACRYLIC STAPLE FIBER DTEX 1,3 / 038 MM BRIGHT EN FARDOS DE POLIPROPILENO 100% FIBRA ACRILICA PARA LA ACRYLIC STAPLE FIBER DTEX 1,3 / 038 MM BRIGHT EN FARDOS DE POLIPROPILENO 100% FIBRA ACRILICA PARA LA ACRYLIC STAPLE FIBER DTEX 1,3 / 038 MM BRIGHT EN FARDO",---,SUDAMERICANA DE FIBRAS S.A.,21059.40,21059.40,48122.15,China,Peru,收藏,31_keyword,193,措施范围候选
美国,出口,2025-11-23,,"SYN STP FIB NT CRD, CMB OR PRSD SPNG, ACRY/MO SYN STP FIB NT CRD, CMB OR PRSD SPNG, ACRY/MO POLYETHYLENE YARN, DENIER ORG PARA ARAMID, DENIER RED PARA ARAMID, DENIER BLU PARA ARAMID, DENIER Q TAN PARA ARAMID, POLYETHYLENE YARN POLYETHYLENE YARN, ACRYLIC STAPLE FIBER . DTEX X MM, ACRYLIC FILAMENT",---,WILLIAM BARNET SON LLC,30497.00,92.00,,China,United States,收藏,31_keyword,194,待规格/税号复核
美国,出口,2025-11-17,,"SYN FIL YN EXSEW NO RT TEXT NESOI SYN FIL YN EXSEW NO RT TEXT NESOI POLYETHYLENE YARN, ACRYLIC STAPLE FIBER . DTEX X MM, ACRYLIC FILAMENT FREIGHT PREPAID YSUNBARNET-PACIFIC.COM",---,WILLIAM BARNET SON LLC,78237.00,256.00,,China,United States,收藏,31_keyword,195,待规格/税号复核
越南全港,出口,2025-11-08,61103000,"25UQ843#&Áo len dài tay nữ các loại (dệt kim, làm từ sợi nhân tạo, tp:57% ACRYLIC 32% POLYESTER (USES RECYCLED POLYESTER FIBER) 8% WOOL 3% SPANDEX), mới 100%, nhãn hiệu UNIQLO, ggc 4.1 usd/pc#&VN","NAMESON INDUSTRIAL LIMITED/FAST RETAILING (CHINA) TRADING.CO.,LTD.",Công ty TNHH May mặc FIRST TEAM Việt Nam,,10000.00,3117905500.00,China,Vietnam,收藏,31_keyword,196,待规格/税号复核
越南全港,出口,2025-11-07,61103000,"25UQ843#&Áo len dài tay nữ các loại (dệt kim, làm từ sợi nhân tạo, tp:57% ACRYLIC 32% POLYESTER (USES RECYCLED POLYESTER FIBER) 8% WOOL 3% SPANDEX), mới 100%, nhãn hiệu UNIQLO, ggc 4.1 usd/pc#&VN","NAMESON INDUSTRIAL LIMITED/FAST RETAILING (CHINA) TRADING.CO.,LTD.",Công ty TNHH May mặc FIRST TEAM Việt Nam,,5104.00,1591378967.20,China,Vietnam,收藏,31_keyword,197,待规格/税号复核
越南全港,出口,2025-11-07,61103000,"25UQ843#&Áo len dài tay nữ các loại (dệt kim, làm từ sợi nhân tạo, tp:57% ACRYLIC 32% POLYESTER (USES RECYCLED POLYESTER FIBER) 8% WOOL 3% SPANDEX), mới 100%, nhãn hiệu UNIQLO, ggc 4.1 usd/pc#&VN","NAMESON INDUSTRIAL LIMITED/FAST RETAILING (CHINA) TRADING.CO.,LTD.",Công ty TNHH May mặc FIRST TEAM Việt Nam,,624.00,194557303.20,China,Vietnam,收藏,31_keyword,198,待规格/税号复核
秘鲁,出口,2025-11-04,5503309000,"ACRYLIC STAPLE FIBER DTEX 4,1/096 MM BRIGHT EN FARDOS DE POLIPROPILENO 100% FIBRA ACRÍLICA PARA LA E ACRYLIC STAPLE FIBER DTEX 4,1/096 MM BRIGHT EN FARDOS DE POLIPROPILENO 100% FIBRA ACRÍLICA PARA LA E ACRYLIC STAPLE FIBER DTEX 4,1/096 MM BRIGHT EN FARDOS",---,SUDAMERICANA DE FIBRAS S.A.,5.00,5.00,5.00,China,Peru,收藏,31_keyword,199,措施范围候选
秘鲁,出口,2025-11-04,5503309000,"ACRYLIC STAPLE FIBER DTEX 1,3 / 038 MM BRIGHT EN FARDOS DE POLIPROPILENO 100% FIBRA ACRILICA PARA LA ACRYLIC STAPLE FIBER DTEX 1,3 / 038 MM BRIGHT EN FARDOS DE POLIPROPILENO 100% FIBRA ACRILICA PARA LA ACRYLIC STAPLE FIBER DTEX 1,3 / 038 MM BRIGHT EN FARDO",---,SUDAMERICANA DE FIBRAS S.A.,20817.60,20817.60,47547.20,China,Peru,收藏,31_keyword,200,措施范围候选
秘鲁,出口,2025-10-31,5503309000,"ACRYLIC STAPLE FIBER DTEX 1,3 / 038 MM BRIGHT EN FARDOS DE POLIPROPILENO 100% FIBRA ACRILICA PARA LA ACRYLIC STAPLE FIBER DTEX 1,3 / 038 MM BRIGHT EN FARDOS DE POLIPROPILENO 100% FIBRA ACRILICA PARA LA ACRYLIC STAPLE FIBER DTEX 1,3 / 038 MM BRIGHT EN FARDO",---,SUDAMERICANA DE FIBRAS S.A.,20088.20,20088.20,45867.07,China,Peru,收藏,31_keyword,201,措施范围候选
秘鲁,出口,2025-10-31,5503309000,"ACRYLIC STAPLE FIBER DTEX 1,3 / 038 MM BRIGHT EN FARDOS DE POLIPROPILENO 100% FIBRA ACRILICA PARA LA ACRYLIC STAPLE FIBER DTEX 1,3 / 038 MM BRIGHT EN FARDOS DE POLIPROPILENO 100% FIBRA ACRILICA PARA LA ACRYLIC STAPLE FIBER DTEX 1,3 / 038 MM BRIGHT EN FARDO",---,SUDAMERICANA DE FIBRAS S.A.,20194.10,20194.10,46108.72,China,Peru,收藏,31_keyword,202,措施范围候选
秘鲁,出口,2025-10-31,5503309000,"ACRYLIC STAPLE FIBER DTEX 1,3 / 038 MM BRIGHT EN FARDOS DE POLIPROPILENO 100% FIBRA ACRILICA PARA LA ACRYLIC STAPLE FIBER DTEX 1,3 / 038 MM BRIGHT EN FARDOS DE POLIPROPILENO 100% FIBRA ACRILICA PARA LA ACRYLIC STAPLE FIBER DTEX 1,3 / 038 MM BRIGHT EN FARDO",---,SUDAMERICANA DE FIBRAS S.A.,20144.10,20144.10,45994.45,China,Peru,收藏,31_keyword,203,措施范围候选
秘鲁,出口,2025-10-31,5503309000,"ACRYLIC STAPLE FIBER DTEX 1,3 / 038 MM BRIGHT EN FARDOS DE POLIPROPILENO 100% FIBRA ACRILICA PARA LA ACRYLIC STAPLE FIBER DTEX 1,3 / 038 MM BRIGHT EN FARDOS DE POLIPROPILENO 100% FIBRA ACRILICA PARA LA ACRYLIC STAPLE FIBER DTEX 1,3 / 038 MM BRIGHT EN FARDO",---,SUDAMERICANA DE FIBRAS S.A.,20207.10,20207.10,46138.63,China,Peru,收藏,31_keyword,204,措施范围候选
秘鲁,出口,2025-10-31,5503309000,"ACRYLIC STAPLE FIBER DTEX 1,3 / 038 MM BRIGHT EN FARDOS DE POLIPROPILENO 100% FIBRA ACRILICA PARA LA ACRYLIC STAPLE FIBER DTEX 1,3 / 038 MM BRIGHT EN FARDOS DE POLIPROPILENO 100% FIBRA ACRILICA PARA LA ACRYLIC STAPLE FIBER DTEX 1,3 / 038 MM BRIGHT EN FARDO",---,SUDAMERICANA DE FIBRAS S.A.,19980.80,19980.80,45621.99,China,Peru,收藏,31_keyword,205,措施范围候选
秘鲁,出口,2025-10-31,5503309000,"ACRYLIC STAPLE FIBER DTEX 1,3 / 038 MM BRIGHT EN FARDOS DE POLIPROPILENO 100% FIBRA ACRILICA PARA LA ACRYLIC STAPLE FIBER DTEX 1,3 / 038 MM BRIGHT EN FARDOS DE POLIPROPILENO 100% FIBRA ACRILICA PARA LA ACRYLIC STAPLE FIBER DTEX 1,3 / 038 MM BRIGHT EN FARDO",---,SUDAMERICANA DE FIBRAS S.A.,19698.50,19698.50,44971.15,China,Peru,收藏,31_keyword,206,措施范围候选
秘鲁,出口,2025-10-31,5503309000,"ACRYLIC STAPLE FIBER DTEX 1,3 / 038 MM BRIGHT EN FARDOS DE POLIPROPILENO 100% FIBRA ACRILICA PARA LA ACRYLIC STAPLE FIBER DTEX 1,3 / 038 MM BRIGHT EN FARDOS DE POLIPROPILENO 100% FIBRA ACRILICA PARA LA ACRYLIC STAPLE FIBER DTEX 1,3 / 038 MM BRIGHT EN FARDO",---,SUDAMERICANA DE FIBRAS S.A.,19874.30,19874.30,45378.41,China,Peru,收藏,31_keyword,207,措施范围候选
秘鲁,出口,2025-10-21,5503309000,"ACRYLIC STAPLE FIBER DTEX 1,3 / 038 MM BRIGHT EN FARDOS DE POLIPROPILENO 100% FIBRA ACRILICA PARA LA ACRYLIC STAPLE FIBER DTEX 1,3 / 038 MM BRIGHT EN FARDOS DE POLIPROPILENO 100% FIBRA ACRILICA PARA LA ACRYLIC STAPLE FIBER DTEX 1,3 / 038 MM BRIGHT EN FARDO",---,SUDAMERICANA DE FIBRAS S.A.,20715.90,20715.90,46716.10,China,Peru,收藏,31_keyword,208,措施范围候选
美国,出口,2025-09-18,,ACRYLIC FIBER LOT: X,---,LAVINSTAR AMERICA INC,4697.00,8.00,,China,United States,收藏,31_keyword,209,待规格/税号复核
美国,出口,2025-09-14,,ACRYLIC FIBER,---,LAVINSTAR AMERICA INC,18793.00,32.00,,China,United States,收藏,31_keyword,210,待规格/税号复核
菲律宾新版,出口,2025-09-10,97012100000,"HISTORY IS A JUNGLE, BAMBOO, RATTAN, WOOD, PLASTIC LEAVES, PINEAPPLE FIBER, WIRE, ACRYLIC BY PATRICIA PEREZ EUSTAQUIO, 2022",SSF/SINOTRANS SHANGHAI,LANE MOVING AND STORAGE INC.,15.00,1.00,15000.00,China,Philippines,收藏,31_keyword,211,待规格/税号复核
美国,出口,2025-09-08,,ACRYLIC FIBER,---,LAVINSTAR AMERICA INC,18647.00,32.00,,China,United States,收藏,31_keyword,212,待规格/税号复核
秘鲁,出口,2025-08-27,5503309000,"ACRYLIC STAPLE FIBER DTEX 1,3 / 038 MM BRIGHT EN FARDOS DE POLIPROPILENO 100% FIBRA ACRILICA PARA LA ACRYLIC STAPLE FIBER DTEX 1,3 / 038 MM BRIGHT EN FARDOS DE POLIPROPILENO 100% FIBRA ACRILICA PARA LA ACRYLIC STAPLE FIBER DTEX 1,3 / 038 MM BRIGHT EN FARDO",---,SUDAMERICANA DE FIBRAS S.A.,21196.80,21196.80,47812.15,China,Peru,收藏,31_keyword,213,措施范围候选
秘鲁,出口,2025-08-27,5503309000,"ACRYLIC STAPLE FIBER DTEX 1,3 / 038 MM BRIGHT EN FARDOS DE POLIPROPILENO 100% FIBRA ACRILICA PARA LA ACRYLIC STAPLE FIBER DTEX 1,3 / 038 MM BRIGHT EN FARDOS DE POLIPROPILENO 100% FIBRA ACRILICA PARA LA ACRYLIC STAPLE FIBER DTEX 1,3 / 038 MM BRIGHT EN FARDO",---,SUDAMERICANA DE FIBRAS S.A.,21128.80,21128.80,47657.23,China,Peru,收藏,31_keyword,214,措施范围候选
秘鲁,出口,2025-08-27,5503309000,"ACRYLIC STAPLE FIBER DTEX 1,3 / 038 MM BRIGHT EN FARDOS DE POLIPROPILENO 100% FIBRA ACRILICA PARA LA ACRYLIC STAPLE FIBER DTEX 1,3 / 038 MM BRIGHT EN FARDOS DE POLIPROPILENO 100% FIBRA ACRILICA PARA LA ACRYLIC STAPLE FIBER DTEX 1,3 / 038 MM BRIGHT EN FARDO",---,SUDAMERICANA DE FIBRAS S.A.,21061.80,21061.80,47504.49,China,Peru,收藏,31_keyword,215,措施范围候选
秘鲁,出口,2025-08-20,5503309000,"ACRYLIC STAPLE FIBER DTEX 0,9 / 038 MM SEMIDULL EN FARDOS DE POLIPROPILENO 100% FIBRA ACRILICA PARA ACRYLIC STAPLE FIBER DTEX 0,9 / 038 MM SEMIDULL EN FARDOS DE POLIPROPILENO 100% FIBRA ACRILICA PARA ACRYLIC STAPLE FIBER DTEX 0,9 / 038 MM SEMIDULL EN FARDO",---,SUDAMERICANA DE FIBRAS S.A.,21362.30,21362.30,54432.46,China,Peru,收藏,31_keyword,216,措施范围候选
秘鲁,出口,2025-08-19,5503309000,"ACRYLIC STAPLE FIBER DTEX 0,9 / 038 MM SEMIDULL EN FARDOS DE POLIPROPILENO 100% FIBRA ACRILICA PARA ACRYLIC STAPLE FIBER DTEX 0,9 / 038 MM SEMIDULL EN FARDOS DE POLIPROPILENO 100% FIBRA ACRILICA PARA ACRYLIC STAPLE FIBER DTEX 0,9 / 038 MM SEMIDULL EN FARDO",---,SUDAMERICANA DE FIBRAS S.A.,21361.40,21361.40,47543.20,China,Peru,收藏,31_keyword,217,措施范围候选
秘鲁,出口,2025-08-19,5503309000,"ACRYLIC STAPLE FIBER DTEX 0,9 / 038 MM SEMIDULL EN FARDOS DE POLIPROPILENO 100% FIBRA ACRILICA PARA ACRYLIC STAPLE FIBER DTEX 0,9 / 038 MM SEMIDULL EN FARDOS DE POLIPROPILENO 100% FIBRA ACRILICA PARA ACRYLIC STAPLE FIBER DTEX 0,9 / 038 MM SEMIDULL EN FARDO",---,SUDAMERICANA DE FIBRAS S.A.,16734.90,16734.90,37246.25,China,Peru,收藏,31_keyword,218,措施范围候选
秘鲁,出口,2025-08-19,5503309000,"ACRYLIC STAPLE FIBER DTEX 1,3 / 038 MM BRIGHT EN FARDOS DE POLIPROPILENO 100% FIBRA ACRILICA PARA LA ACRYLIC STAPLE FIBER DTEX 1,3 / 038 MM BRIGHT EN FARDOS DE POLIPROPILENO 100% FIBRA ACRILICA PARA LA ACRYLIC STAPLE FIBER DTEX 1,3 / 038 MM BRIGHT EN FARDO",---,SUDAMERICANA DE FIBRAS S.A.,4242.40,4242.40,8597.47,China,Peru,收藏,31_keyword,219,措施范围候选
秘鲁,出口,2025-08-19,5503309000,MUESTRA ACRYLIC STAPLE FIBER 0.9 DTEX 25 MM SEMIDULL - EN FARDOS DE POLIPROPILENO 100% FIBRA ACRILIC MUESTRA ACRYLIC STAPLE FIBER 0.9 DTEX 25 MM SEMIDULL - EN FARDOS DE POLIPROPILENO 100% FIBRA ACRILIC MUESTRA ACRYLIC STAPLE FIBER 0.9 DTEX 25 MM SEMIDULL -,---,SUDAMERICANA DE FIBRAS S.A.,3.00,3.00,0.01,China,Peru,收藏,31_keyword,220,措施范围候选
美国,出口,2025-08-15,,ACRYLIC FIBER,---,LAVINSTAR AMERICA INC,19189.00,32.00,,China,United States,收藏,31_keyword,221,待规格/税号复核
美国,出口,2025-08-14,,"ACRYLIC FIBER, NON-HAZARDOUS - HS C",---,LAVINSTAR AMERICA INC,1580.00,8.00,,China,United States,收藏,31_keyword,222,待规格/税号复核
印度尼西亚,出口,2025-07-21,54076990,91% POLYESTER 6%ACRYLIC 1%WOOL 2%OTHER FIBER,UNITEDTEX,SAM KYUNG JAYA GARMENTS,1.50,8.00,8.00,China,Indonesia,收藏,31_keyword,223,待规格/税号复核
美国,进口,2025-07-17,,LADIES SWEATER KNIT DRESS (100% ACRYLIC) LADIES SWEATER KNIT DRESS (43% VISCOSE 39% ACRYLIC 17% NYLON 1% OTHER FIBER) LADIES SWEATER KNIT SKIRT (97% ACRYLIC 3% OTHER FIBERS EXCLUSIVE OF DECORATION) LADIES SWEATER KN IT PULLOVER (100% ACRYLIC LADIES SWEATER KNIT DRESS (SWEATER: 68% VISCOSE 32% POLYESTER PLEATHER: 55% RAYON 45% POLYURETHANE),"SUN TEX CO.,LTD","SUN TEX CO.,LTD",6400.00,723.00,,China,China,收藏,31_keyword,224,待规格/税号复核
秘鲁,出口,2025-07-14,5503309000,"ACRYLIC STAPLE FIBER DTEX 1,3 / 038 MM BRIGHT EN FARDOS 100% FIBRA ACRÍLICA PARA LA ELABORACIÓN DE H ACRYLIC STAPLE FIBER DTEX 1,3 / 038 MM BRIGHT EN FARDOS 100% FIBRA ACRÍLICA PARA LA ELABORACIÓN DE H ACRYLIC STAPLE FIBER DTEX 1,3 / 038 MM BRIGHT EN FARDO",---,SUDAMERICANA DE FIBRAS S.A.,21045.50,21045.50,47669.67,China,Peru,收藏,31_keyword,225,措施范围候选
秘鲁,出口,2025-07-14,5503309000,"ACRYLIC STAPLE FIBER DTEX 0,9 / 038 MM SEMIDULL EN FARDOS 100% FIBRA ACRÍLICA PARA LA ELABORACIÓN DE ACRYLIC STAPLE FIBER DTEX 0,9 / 038 MM SEMIDULL EN FARDOS 100% FIBRA ACRÍLICA PARA LA ELABORACIÓN DE ACRYLIC STAPLE FIBER DTEX 0,9 / 038 MM SEMIDULL EN FAR",---,SUDAMERICANA DE FIBRAS S.A.,252.20,252.20,375.83,China,Peru,收藏,31_keyword,226,措施范围候选
秘鲁,出口,2025-07-02,5503309000,"ACRYLIC STAPLE FIBER DTEX 0,9 / 038 MM SEMIDULL EN FARDOS DE POLIPROPILENO 100% FIBRA ACRILICA PARA ACRYLIC STAPLE FIBER DTEX 0,9 / 038 MM SEMIDULL EN FARDOS DE POLIPROPILENO 100% FIBRA ACRILICA PARA ACRYLIC STAPLE FIBER DTEX 0,9 / 038 MM SEMIDULL EN FARDO",---,SUDAMERICANA DE FIBRAS S.A.,20946.90,20946.90,53394.94,China,Peru,收藏,31_keyword,227,措施范围候选
秘鲁,出口,2025-07-02,5503309000,"ACRYLIC STAPLE FIBER DTEX 0,9 / 038 MM SEMIDULL EN FARDOS DE POLIPROPILENO 100% FIBRA ACRILICA PARA ACRYLIC STAPLE FIBER DTEX 0,9 / 038 MM SEMIDULL EN FARDOS DE POLIPROPILENO 100% FIBRA ACRILICA PARA ACRYLIC STAPLE FIBER DTEX 0,9 / 038 MM SEMIDULL EN FARDO",---,SUDAMERICANA DE FIBRAS S.A.,20911.80,20911.80,53305.32,China,Peru,收藏,31_keyword,228,措施范围候选
秘鲁,出口,2025-06-09,5503309000,"ACRYLIC STAPLE FIBER DTEX 2,2 / 045 MM BRIGHT EN FARDOS DE POLIPROPILENO 100% FIBRA ACRILICA PARA LA ACRYLIC STAPLE FIBER DTEX 2,2 / 045 MM BRIGHT EN FARDOS DE POLIPROPILENO 100% FIBRA ACRILICA PARA LA ACRYLIC STAPLE FIBER DTEX 2,2 / 045 MM BRIGHT EN FARDO",---,SUDAMERICANA DE FIBRAS S.A.,20526.40,20526.40,58705.55,China,Peru,收藏,31_keyword,229,措施范围候选
秘鲁,出口,2025-06-06,5503309000,"ACRYLIC STAPLE FIBER DTEX 1,3 / 038 MM BRIGHT EN FARDOS DE POLIPROPILENO 100% FIBRA ACRÍLICA PARA LA ACRYLIC STAPLE FIBER DTEX 1,3 / 038 MM BRIGHT EN FARDOS DE POLIPROPILENO 100% FIBRA ACRÍLICA PARA LA ACRYLIC STAPLE FIBER DTEX 1,3 / 038 MM BRIGHT EN FARDO",---,SUDAMERICANA DE FIBRAS S.A.,21143.40,21143.40,47830.80,China,Peru,收藏,31_keyword,230,措施范围候选
秘鲁,出口,2025-06-06,5503309000,"ACRYLIC STAPLE FIBER DTEX 1,3 / 038 MM BRIGHT EN FARDOS DE POLIPROPILENO 100% FIBRA ACRÍLICA PARA LA ACRYLIC STAPLE FIBER DTEX 1,3 / 038 MM BRIGHT EN FARDOS DE POLIPROPILENO 100% FIBRA ACRÍLICA PARA LA ACRYLIC STAPLE FIBER DTEX 1,3 / 038 MM BRIGHT EN FARDO",---,SUDAMERICANA DE FIBRAS S.A.,21183.10,21183.10,47920.56,China,Peru,收藏,31_keyword,231,措施范围候选
美国,出口,2025-06-01,550330,ACRYLIC FIBER HS 5503.30.0000 HS CODE: 5503300000,---,OL USA LLC,21614.95,26.00,,China,United States,收藏,31_keyword,232,措施范围候选
美国,出口,2025-05-31,,ACRYLIC FIBER,---,LAVINSTAR AMERICA INC,4790.00,8.00,,China,United States,收藏,31_keyword,233,待规格/税号复核
秘鲁,出口,2025-05-22,5503309000,"ACRYLIC STAPLE FIBER DTEX 2,2 / 045 MM BRIGHT EN FARDOS DE POLIPROPILENO 100% FIBRA ACRÍLICA PARA LA ACRYLIC STAPLE FIBER DTEX 2,2 / 045 MM BRIGHT EN FARDOS DE POLIPROPILENO 100% FIBRA ACRÍLICA PARA LA ACRYLIC STAPLE FIBER DTEX 2,2 / 045 MM BRIGHT EN FARDO",---,SUDAMERICANA DE FIBRAS S.A.,20269.30,20269.30,57970.20,China,Peru,收藏,31_keyword,234,措施范围候选
秘鲁,出口,2025-05-22,5503309000,"ACRYLIC STAPLE FIBER DTEX 2,2 /045 MM BRIGHT EN FARDOS DE POLIPROPILENO 100% FIBRA ACRÍLICA PARA LA ACRYLIC STAPLE FIBER DTEX 2,2 /045 MM BRIGHT EN FARDOS DE POLIPROPILENO 100% FIBRA ACRÍLICA PARA LA ACRYLIC STAPLE FIBER DTEX 2,2 /045 MM BRIGHT EN FARDOS D",---,SUDAMERICANA DE FIBRAS S.A.,20245.30,20245.30,57901.56,China,Peru,收藏,31_keyword,235,措施范围候选
秘鲁,出口,2025-05-22,5503309000,"ACRYLIC STAPLE FIBER DTEX 2,2 / 045 MM BRIGHT EN FARDOS DE POLIPROPILENO 100% FIBRA ACRÍLICA PARA LA ACRYLIC STAPLE FIBER DTEX 2,2 / 045 MM BRIGHT EN FARDOS DE POLIPROPILENO 100% FIBRA ACRÍLICA PARA LA ACRYLIC STAPLE FIBER DTEX 2,2 / 045 MM BRIGHT EN FARDO",---,SUDAMERICANA DE FIBRAS S.A.,20478.80,20478.80,58569.35,China,Peru,收藏,31_keyword,236,措施范围候选
秘鲁,出口,2025-05-12,5503309000,"ACRYLIC STAPLE FIBER DTEX 0,9 / 038 MM SEMI DULL EN FARDOS DE POLIPROPILENO 100% FIBRA ACRILICA PARA ACRYLIC STAPLE FIBER DTEX 0,9 / 038 MM SEMI DULL EN FARDOS DE POLIPROPILENO 100% FIBRA ACRILICA PARA ACRYLIC STAPLE FIBER DTEX 0,9 / 038 MM SEMI DULL EN FA",---,SUDAMERICANA DE FIBRAS S.A.,20520.50,20520.50,52303.21,China,Peru,收藏,31_keyword,237,措施范围候选
秘鲁,出口,2025-05-12,5503309000,"ACRYLIC STAPLE FIBER DTEX 0,9 / 038 MM SEMI DULL EN FARDOS DE POLIPROPILENO 100% FIBRA ACRILICA PARA ACRYLIC STAPLE FIBER DTEX 0,9 / 038 MM SEMI DULL EN FARDOS DE POLIPROPILENO 100% FIBRA ACRILICA PARA ACRYLIC STAPLE FIBER DTEX 0,9 / 038 MM SEMI DULL EN FA",---,SUDAMERICANA DE FIBRAS S.A.,20851.30,20851.30,53146.22,China,Peru,收藏,31_keyword,238,措施范围候选
印度全港,出口,2025-03-27,61099020,RMG - 95% VISCOSE 4 % ACRYLIC 1 % METALISED FIBER BLENDED KNITTED WOMENS T-SHIRT,DKH - THE DRAGON (WAREHOUSE DC) SHA,ELEGANT OVERSEAS,,162.00,719.70,China,India,收藏,31_keyword,239,待规格/税号复核
秘鲁,出口,2025-03-20,5503309000,"ACRYLIC STAPLE FIBER DTEX 1,3 / 038 MM BRIGHT EN FARDOS 100% FIBRA ACRÍLICA PARA LA ELABORACIÓN DE H ACRYLIC STAPLE FIBER DTEX 1,3 / 038 MM BRIGHT EN FARDOS 100% FIBRA ACRÍLICA PARA LA ELABORACIÓN DE H ACRYLIC STAPLE FIBER DTEX 1,3 / 038 MM BRIGHT EN FARDO",---,SUDAMERICANA DE FIBRAS S.A.,21282.60,21282.60,48154.47,China,Peru,收藏,31_keyword,240,措施范围候选
秘鲁,出口,2025-03-20,5503309000,"ACRYLIC STAPLE FIBER DTEX 1,3 / 038 MM BRIGHT EN FARDOS 100% FIBRA ACRÍLICA PARA LA ELABORACIÓN DE H ACRYLIC STAPLE FIBER DTEX 1,3 / 038 MM BRIGHT EN FARDOS 100% FIBRA ACRÍLICA PARA LA ELABORACIÓN DE H ACRYLIC STAPLE FIBER DTEX 1,3 / 038 MM BRIGHT EN FARDO",---,SUDAMERICANA DE FIBRAS S.A.,20555.40,20555.40,46509.13,China,Peru,收藏,31_keyword,241,措施范围候选
秘鲁,出口,2025-03-20,5503309000,"ACRYLIC STAPLE FIBER DTEX 1,3 / 038 MM BRIGHT EN FARDOS 100% FIBRA ACRÍLICA PARA LA ELABORACIÓN DE H ACRYLIC STAPLE FIBER DTEX 1,3 / 038 MM BRIGHT EN FARDOS 100% FIBRA ACRÍLICA PARA LA ELABORACIÓN DE H ACRYLIC STAPLE FIBER DTEX 1,3 / 038 MM BRIGHT EN FARDO",---,SUDAMERICANA DE FIBRAS S.A.,21422.50,21422.50,48471.06,China,Peru,收藏,31_keyword,242,措施范围候选
美国,出口,2025-03-17,,"BOXES MAIN GOODS IN THE BOX: STEEL FRAME, GALVANIZED STEEL PLANTING TROUGH, IMITATION WOOD PILE FOAM, ACRYLIC PLATE, ACRYLIC SIGN, IRON PLATE IMITATION WOOD PILE, GLASS FIBER REINFORCED PLASTIC BAMBOO WOVEN, GLASS FIBER REINFORCED PLASTIC STONE, GLASS FIB",---,CONTINENT SOLUTIONS SYSTEM INC,10280.00,11.00,,China,United States,收藏,31_keyword,243,待规格/税号复核
秘鲁,出口,2025-02-28,5503309000,"ACRYLIC STAPLE FIBER 38 MM 0,9 DTEX SEMIMATE EN FARDOS DE POLIPROPILENO 100% FIBRA ACRILICA PARA LA ACRYLIC STAPLE FIBER 38 MM 0,9 DTEX SEMIMATE EN FARDOS DE POLIPROPILENO 100% FIBRA ACRILICA PARA LA ACRYLIC STAPLE FIBER 38 MM 0,9 DTEX SEMIMATE EN FARDOS D",---,SUDAMERICANA DE FIBRAS S.A.,20189.90,20189.90,51524.26,China,Peru,收藏,31_keyword,244,措施范围候选
秘鲁,出口,2025-02-28,5503309000,"ACRYLIC STAPLE FIBER DTEX 0,9 / 038 MM SEMIDULL EN FARDOS DE POLIPROPILENO 100% FIBRA ACRÍLICA PARA ACRYLIC STAPLE FIBER DTEX 0,9 / 038 MM SEMIDULL EN FARDOS DE POLIPROPILENO 100% FIBRA ACRÍLICA PARA ACRYLIC STAPLE FIBER DTEX 0,9 / 038 MM SEMIDULL EN FARDO",---,SUDAMERICANA DE FIBRAS S.A.,21498.80,21498.80,54822.52,China,Peru,收藏,31_keyword,245,措施范围候选
秘鲁,出口,2025-02-28,5503309000,"ACRYLIC STAPLE FIBER DTEX 0,9 / 038 MM SEMIDULL EN FARDOS DE POLIPROPILENO 100% FIBRA ACRÍLICA PARA ACRYLIC STAPLE FIBER DTEX 0,9 / 038 MM SEMIDULL EN FARDOS DE POLIPROPILENO 100% FIBRA ACRÍLICA PARA ACRYLIC STAPLE FIBER DTEX 0,9 / 038 MM SEMIDULL EN FARDO",---,SUDAMERICANA DE FIBRAS S.A.,21522.70,21522.70,54883.49,China,Peru,收藏,31_keyword,246,措施范围候选
秘鲁,出口,2025-02-28,5503309000,"ACRYLIC STAPLE FIBER DTEX 0,9 / 038 MM SEMIDULL EN FARDOS DE POLIPROPILENO 100% FIBRA ACRÍLICA PARA ACRYLIC STAPLE FIBER DTEX 0,9 / 038 MM SEMIDULL EN FARDOS DE POLIPROPILENO 100% FIBRA ACRÍLICA PARA ACRYLIC STAPLE FIBER DTEX 0,9 / 038 MM SEMIDULL EN FARDO",---,SUDAMERICANA DE FIBRAS S.A.,21455.90,21455.90,54576.45,China,Peru,收藏,31_keyword,247,措施范围候选
秘鲁,出口,2025-02-28,5503309000,"ACRYLIC STAPLE FIBER DTEX 0,9 / 038 MM SEMIDULL EN FARDOS DE POLIPROPILENO 100% FIBRA ACRÍLICA PARA ACRYLIC STAPLE FIBER DTEX 0,9 / 038 MM SEMIDULL EN FARDOS DE POLIPROPILENO 100% FIBRA ACRÍLICA PARA ACRYLIC STAPLE FIBER DTEX 0,9 / 038 MM SEMIDULL EN FARDO",---,SUDAMERICANA DE FIBRAS S.A.,21417.70,21417.70,54479.38,China,Peru,收藏,31_keyword,248,措施范围候选
秘鲁,出口,2025-02-28,5503309000,"ACRYLIC STAPLE FIBER DTEX 0,9 / 038 MM SEMIDULL EN FARDOS DE POLIPROPILENO 100% FIBRA ACRÍLICA PARA ACRYLIC STAPLE FIBER DTEX 0,9 / 038 MM SEMIDULL EN FARDOS DE POLIPROPILENO 100% FIBRA ACRÍLICA PARA ACRYLIC STAPLE FIBER DTEX 0,9 / 038 MM SEMIDULL EN FARDO",---,SUDAMERICANA DE FIBRAS S.A.,14140.80,14140.80,36059.42,China,Peru,收藏,31_keyword,249,措施范围候选
印度尼西亚,出口,2025-01-15,42022210,84% POLYESTER 7% ACRYLIC 9% OTHER FIBERS HANDBAGS- PO: 11311222- STYLE: AS874874,SHI DAO NA LIMITED,DELTA MATE MAJALENGKA,8.00,20.00,104.36,China,Indonesia,收藏,31_keyword,250,待规格/税号复核
越南全港,出口,2025-01-03,62114390,"SFJKF1201S00#&ÁO JACKET NỮ (BEIGE), 33%ACRYLIC 24%POLYESTER 24%WOOL 16%POLYAMIDE 2%POLYESTER FILM FIBER 1%RABBIT HAIR, NHÃN HIỆU SCOFIELD, HÀNG MỚI 100%#&VN",ELAND WORLD LTD,CôNG TY TNHH E.LAND VIệT NAM,,745.00,198825972.50,China,Vietnam,收藏,31_keyword,251,待规格/税号复核
越南全港,出口,2025-01-03,62114390,"SFJKF1201S 00#&ÁO JACKET NỮ (LAVENDER), 30%ACRYLIC 26%POLYESTER 25%WOOL 16%POLYAMIDE 2%POLYESTER FILM FIBER 1%RABBIT HAIR, NHÃN HIỆU SCOFIELD, HÀNG MỚI 100%#&VN",ELAND WORLD LTD,CôNG TY TNHH E.LAND VIệT NAM,,296.00,78996628.00,China,Vietnam,收藏,31_keyword,252,待规格/税号复核
美国,出口,2024-12-31,,ACRYLIC FIBER - DSIMPACT MODIFIER,---,SOBEL NETWORK INTERNATIONAL CO IN,17459.00,850.00,,China,United States,收藏,31_keyword,253,待规格/税号复核
美国,出口,2024-12-31,,ACRYLIC FIBER,---,SOBEL NETWORK INTERNATIONAL CO IN,36972.00,1800.00,,China,United States,收藏,31_keyword,254,待规格/税号复核
越南全港,出口,2024-12-24,62045300,"SFWHF12010 00#&VÁY NỮ (LAVENDER), 30%ACRYLIC 26%POLYESTER 25%WOOL 16%POLYAMIDE 2%POLYESTER FILM FIBER 1%RABBIT HAIR, NHÃN HIỆU SCOFIELD, HÀNG MỚI 100%#&VN",ELAND WORLD LTD,CôNG TY TNHH E.LAND VIệT NAM,,195.00,28522689.00,China,Vietnam,收藏,31_keyword,255,待规格/税号复核
越南全港,出口,2024-12-24,62045300,"SFWHF1201000#&VÁY NỮ (BEIGE), 33%ACRYLIC 24%POLYESTER 24%WOOL 16%POLYAMIDE 2%POLYESTER FILM FIBER 1%RABBIT HAIR, NHÃN HIỆU SCOFIELD, HÀNG MỚI 100%#&VN",ELAND WORLD LTD,CôNG TY TNHH E.LAND VIệT NAM,,548.00,80156069.60,China,Vietnam,收藏,31_keyword,256,待规格/税号复核
美国,出口,2024-12-06,,ACRYLIC FIBER 5503.30.0000,---,LAVINSTAR AMERICA INC,18625.00,102.00,,China,United States,收藏,31_keyword,257,待规格/税号复核
美国,出口,2024-11-17,,ACRYLIC FIBER,---,LAVINSTAR AMERICA INC,7212.00,36.00,,China,United States,收藏,31_keyword,258,待规格/税号复核
印度尼西亚,出口,2024-11-12,61109000,M'S BRUSHY KNITTED SKIPPER POLO SHIRT(39% NYLON 30% POLYESTER* (*USING RECYCLED POLYESTER FIBER) 28% ACRYLIC 3% SPANDEX)ITEM CODE : 351-352390(44-03)SAMPLE NO : 61354F046AREF NO : NEA-GC24-106,NORTH EAST ASIA LIMITED,LEETEX GARMENT INDONESIA,133.50,252.00,1796.76,China,Indonesia,收藏,31_keyword,259,待规格/税号复核
印度尼西亚,出口,2024-11-12,61109000,M'S BRUSHY KNITTED SKIPPER POLO SHIRT(29% POLYESTER* (*USING RECYCLED POLYESTER FIBER) 28% ACRYLIC 22% NYLON 21% POLYESTER)ITEM CODE : 351-352390(44-07)SAMPLE NO : 61354F046CREF NO : NEA-GC24-107,NORTH EAST ASIA LIMITED,LEETEX GARMENT INDONESIA,123.60,252.00,1955.52,China,Indonesia,收藏,31_keyword,260,待规格/税号复核
印度尼西亚,出口,2024-11-12,61109000,M'S BRUSHY KNITTED V NECK CARDIGAN(39% NYLON 30% POLYESTER* (*USING RECYCLED POLYESTER FIBER) 28% ACRYLIC 3% SPANDEX)ITEM CODE : 351-352238(44-11)SAMPLE NO : 61354F011AREF NO : NEA-GC24-104,NORTH EAST ASIA LIMITED,LEETEX GARMENT INDONESIA,230.80,396.00,2874.96,China,Indonesia,收藏,31_keyword,261,待规格/税号复核
印度尼西亚,出口,2024-11-12,61109000,M'S BRUSHY KNITTED V NECK CARDIGAN(29% POLYESTER* (*USING RECYCLED POLYESTER FIBER) 28% ACRYLIC 22% NYLON 21% POLYESTER)ITEM CODE : 351-352238(44-12)SAMPLE NO : 61354F011CREF NO : NEA-GC24-105,NORTH EAST ASIA LIMITED,LEETEX GARMENT INDONESIA,53.80,96.00,780.48,China,Indonesia,收藏,31_keyword,262,待规格/税号复核
美国,出口,2024-10-26,,ACRYLIC FIBER / 5503.30.0000,---,LAVINSTAR AMERICA INC,9997.00,57.00,,China,United States,收藏,31_keyword,263,待规格/税号复核
环球提单,进口,2024-10-26,,ACRYLIC FIBER / 5503.30.0000,"LavinStar America, Inc.","LAVINSTAR AMERICA, INC.",13696.83,,,China,United States,收藏,31_keyword,264,待规格/税号复核
环球提单,进口,2024-10-26,,ACRYLIC FIBER / 5503.30.0000,"LavinStar America, Inc.","LAVINSTAR AMERICA, INC.",13696.83,,,China,United States,收藏,31_keyword,265,待规格/税号复核
美国,进口,2024-09-29,,MEN'S 100% POLYESTER WOVEN SHIRT JACKET MEN'S73% POLYESTER 10% ACRYLIC 7%VISCOSE 5% NYLON 3% WOOL 2% OTHERFIBERS WOVEN SHIRT JACKETMEN 'S 76% POLYESTER 19% ACRYLIC 2% WOOL3% OTHER FIBERS WOVEN SHIRT JACKET THIS SHIPMENT CONTAINS NO WOOD PACKAGING MATERIAL.,QIAO YILU CLOTHING,HEZE QINGLU CLOTHING CO LTD,8292.00,350.00,,China,China,收藏,31_keyword,266,待规格/税号复核
美国,进口,2024-09-29,,MEN'S 81% POLYESTER 8% ACRYLIC 5%VISCOSE 3% WOOL 3% OTHER FIBERS WOVENJACKET MEN'S 100% COTTON WOVEN VESTTHIS SHIPMENT CONTAINS NO WOODPACKAGING MATERIAL.,QIAO YILU CLOTHING,HEZE QINGLU CLOTHING CO LTD,8796.00,541.00,,China,China,收藏,31_keyword,267,待规格/税号复核
美国,进口,2024-09-29,,MEN'S 100% POLYESTER WOVEN SHIRT JACKET MEN'S73% POLYESTER 10% ACRYLIC 7%VISCOSE 5% NYLON 3% WOOL 2% OTHERFIBERS WOVEN SHIRT JACKET ME N'S 81% POLYESTER 8% ACRYLIC 5%VISCOSE 3% WOOL 3% OTHER FIBERS WOVENJACKETTHIS SHIPMENT CONTAINS NO WOOD PACKAGING MATERIAL.,QIAO YILU CLOTHING,HEZE QINGLU CLOTHING CO LTD,8888.00,361.00,,China,China,收藏,31_keyword,268,待规格/税号复核
环球提单,进口,2024-09-10,,ACRYLIC FIBER,NATIONAL CUSTOM BROKERS& FORWARDERS ASSOCIATION OF AMERICA,"SOBEL NETWORK INTERNATIONAL CO., INC.",19270.67,,,China,United States,收藏,31_keyword,269,待规格/税号复核
环球提单,进口,2024-09-10,,ACRYLIC FIBER,NATIONAL CUSTOM BROKERS& FORWARDERS ASSOCIATION OF AMERICA,"SOBEL NETWORK INTERNATIONAL CO., INC.",9635.33,,,China,United States,收藏,31_keyword,270,待规格/税号复核
环球提单,进口,2024-09-10,,ACRYLIC FIBER,NATIONAL CUSTOM BROKERS& FORWARDERS ASSOCIATION OF AMERICA,"SOBEL NETWORK INTERNATIONAL CO., INC.",19270.67,,,China,United States,收藏,31_keyword,271,待规格/税号复核
环球提单,进口,2024-09-10,,ACRYLIC FIBER,NATIONAL CUSTOM BROKERS& FORWARDERS ASSOCIATION OF AMERICA,"SOBEL NETWORK INTERNATIONAL CO., INC.",9635.33,,,China,United States,收藏,31_keyword,272,待规格/税号复核
美国,出口,2024-09-09,,ACRYLIC FIBER,---,SOBEL NETWORK INTERNATIONAL CO IN,22911.00,27.00,,China,United States,收藏,31_keyword,273,待规格/税号复核
美国,进口,2024-09-05,,MEN'S 60% COTTON 40% POLYESTER WOVENSHIRT JACKETMEN'S 75% POLYESTER 13% ACRYLIC 6%NYLON 1%WOOL 5% OTHER FIBERS WOVENSHIRTMEN'S 100% PO LYESTER WOVEN SHIRT JACKET WITH WATER RESISTENT MEN'S 100% POLYESTER KNITTED SHIRTJACKETTHIS SHIPMENT CONTAINS NO WOOD PACKAGING MATERIAL.,QIAO YILU CLOTHING,HEZE QINGLU CLOTHING CO LTD,8860.00,561.00,,China,China,收藏,31_keyword,274,待规格/税号复核
美国,出口,2024-09-01,,ACRYLIC FIBER / 5503.30.0000,---,LAVINSTAR AMERICA INC,10288.00,57.00,,China,United States,收藏,31_keyword,275,待规格/税号复核
环球提单,进口,2024-09-01,,ACRYLIC FIBER / 5503.30.0000,"LavinStar America, Inc.","LAVINSTAR AMERICA, INC.",14118.03,,,China,United States,收藏,31_keyword,276,待规格/税号复核
环球提单,进口,2024-09-01,,ACRYLIC FIBER / 5503.30.0000,"LavinStar America, Inc.","LAVINSTAR AMERICA, INC.",14118.03,,,China,United States,收藏,31_keyword,277,待规格/税号复核
美国,进口,2024-08-14,,MEN'S 100% COTTON WOVEN VESTMEN'S 64% POLYESTER 12% ACRYLIC 12%VISCOSE 6% NYLON 3% WOOL 3%OTHERFIBERS WOVEN JACKETMEN'S 70% POLYESTER 24% ACRYLIC 3% WOOL3% OTHER FIBERS WOVEN SHIRT JACKETTHIS SHIPMENT CONTAINS NO WOOD PACKAGING MATERIAL.,QIAO YILU CLOTHING,HEZE QINGLU CLOTHING CO LTD,8680.00,537.00,,China,China,收藏,31_keyword,278,待规格/税号复核
