risk_score,case_id,package_name,case_type,date_hint,relative_path,page_or_sheet,message_like,emails,matched_groups,matched_terms,evidence_snippets
9,GDRM26-307,2026/GDRM26-307回覆39號粵查詢35協查需求(五家企業及貨物在香港的報關紀錄及兩家企業在香港的注冊信息).zip,查詢,2026年6月22日,raw_cases/GDRM26-307/GDRM26-307附件二該五家企業在香港的空路及海路報關紀錄.xlsx,workbook,否,0205564025464mhcimport66@gmail.com; 1-786-536-5572forwarding@pazinc.com; 20220mhcimport66@gmail.com; 243808769@qq.com; 2922054039@qq.com; 303181974@qq.com; 442330000@qq.com; 64231840kemai19926634219@163.com; 757580603@qq.co; 85235425013charmmy_lee@awotglobal.com; 85235425013hkg_oci@awotglobal.com; 8992awotsgn.oi@awotglobal.com; alwaysylsh@126.com; annie_tsang@awotglobal.com; apple@cnfshxy.com; awotbkk.oi@awotglobal.com; awotsgn.oi@awotglobal.com; awotsgn.oi@awotglobal.commst; axt2022uu@outlook.com; baojianghong1990@gmail.com; candy1379407@163.com; charmmy_lee@awotglobal.com; christal_huang@awotglobal.com; chujacky1688@gmail.com; cs2@galaila.com; docs@nbpenta.com; dragon_li@awotglobal.com; emailmhcexport1@gmail.com; emily.pkl@pavilionlogistics.com; endre.vas@cargomind.com; fcfungchun88@outlook.com; fengzaijin@longdalvye.co; frank_wu@awotglobal.com; fsbst999@126.com; fsjkl2025@126.com; fsjkl2025@126.comattn; fszc6722@163.com; fzx11235@qq.com; gigi_yip@awotglobal.com; gt.op1@gotrans.com.cn; hc.smarti@gmail.com; he17124474639@126.com; hkchengyue@gmail.com; hkg_oci@awotglobal.co; hkg_oci@awotglobal.com; hkg_oci@awotglobal.comattn; hkg_oci@awotglobal.comtel; hkg_oci@awotglobal.ctel; hkgoci@awotglobal.com; hkgoci@awotglobal.comtel; import_ngb@awotglobal.com; infinityimport8@gmail.com; infinityshipping9@gmail.com; info@elegant-rich.com; info@forwarding.gr; international@speedgs.com; jason_li@awotglobal.com; jimmy@aeroforwarder.comtel; kelvin_cheung@awotglobal.com; kimocean2018@163.comcontact; kitty@topwayocean.net; kokr430@gmail.com; kong.hkg_oci@awotglobal.com; kongcharmmy_lee@awotglobal.com; l1217125427@163.com; lee@awotglobal.com; lmiranda@cbufalo.com.cobarranquilla; logistics@goldenlinkvietnam.co; logistics@goldenlinkvietnam.com; maxkk22@163.com; mhc-hk@outlook.com; mhc.smarti@gmail.com; mhc.smarti@gmail.comtax; mhcexport1@gmail.com; mhcimport66@gmail.co; mhcimport66@gmail.com; mhcimport66@gmail.comtel.office; mrwv398@163.com; mtl2008@yahoo.com; nhi.hcm@pavilionlogistics.com.vn; oci@awotglobal.com; ops@asgwind.eu; ou@woodbridgegroup.comtel; sales@intercargo.co.uk; sawadika888@hotmail.co; sea.dk@freja.com; seabookings@wiseway.com.au; serena_wang@awotglobal.com; sungo888@outlook.com; teamspiritmcl@gmail.com; thailand0960650404@gmail.co; thailand0960650404@gmail.com; tobias.wolf@mbslogistics.com; wht1688@hotmail.com; wht1688@hotmail.comusci; xingxuanyu.com@gmail.com; yijiangmetals@163.com; yongmai2021@126.com; zongwei@xichunyutu.cn; zxcasd202509@126.com,管制或两用物项; 型号参数可核查字段; 明确藏匿或未申报; 通讯字段; 普通拼箱分票字段,"{""管制或两用物项"": [""EXPORT LICENSE"", ""TELLURIUM""], ""型号参数可核查字段"": [""POWER"", ""SPEC"", ""MODEL"", ""GRADE""], ""明确藏匿或未申报"": [""CONCEAL""], ""通讯字段"": [""EMAIL"", ""CONTACT"", ""E-MAIL"", ""联系人"", ""聯絡""], ""普通拼箱分票字段"": [""CONSOLIDAT"", ""LCL""]}","{""管制或两用物项"": [""NGGANG MIDDLE ROAD,QINGDAO, SHANDONG, P.R.CHINA(266071) TEL:+86-532-8907 9300 | 26 PALLETS ( 803 CTNS ) ELECTRONIC COMPONENTS (NO HONG KONG EXPORT LICENSE IS REQUIRED) **ATTN:ELSA/LISA USCI91370202579796908R | 7182 | 26 | HKHKG | HK | HKHKG | HK | CNTAO | CN | CNTAO | CN | T.S. LINES LIMITED 2"", ""GGANG MIDDLE ROAD,QINGDAO, SHANDONG, P.R.CHINA(266071) TEL:+86-532-8907 9300 | 31 PALLETS ( 1000 CTNS ) ELECTRONIC COMPONENTS (NO HONG KONG EXPORT LICENSE IS REQUIRED) | 9002 | 31 | HKHKG | HK | HKHKG | HK | CNTAO | CN | CNTAO | CN | T.S. LINES LIMITED 2025-10-26 00:00:00 | O | 大船 | 2105104816""], ""型号参数可核查字段"": [""ARD, HAI PHONG CITY,VIET NAM TEL: +84.225.3979566 TAXCODE: 0200994849 EMAIL:LOGISTICS@GOLDENLINKVIETNAM.COM | 11 PALLETS S.T.C. 271 CARTONS POWER SUPPLY INVOICE NO: 0081551202,0081551203,0081551204 HS CODE: 850440 | 3901 | 11 | HKHKG | HK | HKHKG | HK | VNHPH | VN | VNHPH | VN | T.S."", ""D) | CO.,LTD 36/135-137 RK BIZ CENTERVILLAGE,MOTORWAY ROAD,KLONG SONGTON NOON,LAD KRABANG, BANGKOK10520 BANGKOK ,TH ,10520 TEL: | 222448600 POWER CORD *ATTN: AWOTHKG **ATTN: AWOTBKK | 5910 | 10 | HKHKG | HK | HKHKG | HK | THLCH | TH | THLCH | TH | T.S. LINES (HK) LIMITED 2026-05-24 00""], ""明确藏匿或未申报"": [""N NO 6 SHA TSUI ROADHONG KONG00000HK | CHROMAVIS SPA EDWIN POWELL | VIA FRANCESCO SFORZA 19SFORZA 19MILANOMI20122IT | TRUE TO MYSELF LIQUID CONCEALER CAP | 628 | 4 | VBS | IT | MXP | IT | MSC AIR S.P.A. 2026-04-22 00:00:00 | O | 空运 | 233-10398920 | CP166 | C O AWOT GLOBAL EXPRESS HK LTD"", ""C O AWOT GLOBAL EXPRESS HK LTD | 33 F THE OCTAGON NO 6 SHA TSUI ROADHONG KONG00000HK | BOLOGNA FIERA | VIALE DELLA FIERA 20BOLOGNA40128IT | CONCEALER FOUNDATION LIP GLOSS EYESHADOW MASCARA SETTING SPRAY | 100 | 1 | MXP | IT | MXP | IT | MSC AIR S.P.A. 2026-03-20 00:00:00 | I | 大船 | 3206""], ""通讯字段"": [""** | YAMAHA SURFACE MOUNTER YRM20-2 8 SETS AND YRM10 8SETS AND ACCESSORIESAND PARTS * FAX: 03-5860-1939 SHIPPER ID: 9999 + 4012701012475 ** EMAIL: HKG_OCI@AWOTGLOBAL.COM TRADE REGISTER NUMBER : 52936479000 36 SKIDS | 31070 | 36 | SKID | JPSMZ | JP | JPSMZ | JP | HKHKG | HK | HKHKG | H"", ""GAOU6771520 | 2606N | KMTC TOKYO | MHC GROUP FREEZONE CO., LTD. 200/2 | MOO.5 NONG IRUN, BAN BUENG,CHONBURI 20220 THAILAND TEL :0924139534 EMAIL :MHC.SMARTI@GMAIL.COM* | FOSHAN JIECHUANGYING RENEWABLE | RESOURCES RECYCLING CO, LTD DODE:USCI+91440605MABTC5UF6W ADD:NO1 OFXINGHONG SOUTH""], ""普通拼箱分票字段"": [""CX690 | AWOT GLOBAL LOGISTICS S PTE LTD | 7 AIRLINE ROAD 01-07 CARGO AGENTS | AWOT GLOBAL EXPRESS HK LTD | 33 F THE OCTAGON NO 6 SHA TSUI | CONSOLIDATION | 758 | 21 | HKG | HK | SIN | SG | CATHAY PACIFIC AIRWAYS 2026-03-17 00:00:00 | O | 空运 | 369-98339312 | 5Y8050 | AWOT GLOBAL EXPRESS HK"", ""S HK LTD | 33F NO 6 SHA TSUI RDHONGKONGHK | ORPHEE BEINOGLOU INTERNATIONAL FORW | 27TH KM OLD NATIONAL ROAD ATHENSKORINTH ELEFSINA19200GR | CONSOLIDATION | 721 | 4 | DWC | AE | ATH | GR | EMIRATES 2025-05-23 00:00:00 | O | 空运 | 176-05374320 | EK9283 | AWOT GLOBAL EXPRESS HK LTD | 33F NO 6""]}"
6,GDRM26-037,2026/GDRM26-037 回覆2號 粵查詢70(有關兩用物項貨物流向).zip,查詢,2025-03-05,raw_cases/GDRM26-037/GDRM26-037【附件一】：两用出口管制货物报关纪录.xlsx,workbook,否,linda@nfclines.com.tw; tkhb@yangming.com; ts2@hk.lllcn.com; y1.kanno@sankyu.co.jp,管制或两用物项; 型号参数可核查字段; 通讯字段,"{""管制或两用物项"": [""锑"", ""ANTIMONY"", ""鎢"", ""GALLIUM"", ""銻"", ""GRAPHITE"", ""石墨""], ""型号参数可核查字段"": [""MODEL"", ""POWER""], ""通讯字段"": [""E-MAIL"", ""EMAIL""]}","{""管制或两用物项"": [""2037501870 | 2037501870 | CSLU1765403 | 250304N | 方舟35 | 东方海外货柜航运香港分行 OOCL HONG KONG BRANCH | . | ORIENT OVERSEAS CONTAINER LINE (CH | . | 锑的氧化物 | 20640 | 20 | CTNS | CNQZH | CN | HKHKG | HK | CNSHK | CN | JPYOK | JP | COSCO SHIPPING CONTAINER LINE. 2025-03-05 00:00:00 | I | 小船 |"", ""iner Line Lim | 50/F,SHUN HING SQUARE,DI WANG COMMERCIAL CENTRE,5002 SHEN NAN DONG R | OOCL(HK)LIMITED | 东方海外货柜航运香港分行 OOCL HONG KONG BRAN | 锑的氧化物 | 20640 | 20 | CTNS | CNQZH | CN | CNQZH | CN | HKHKG | HK | JPYOK | JP | COSCO SHIPPING CONTAINER LINE. 2025-03-21 00:00:00 | O | 大船 |""], ""型号参数可核查字段"": [""ASIA 5-3, KACHIDOKI 6-CHOME, CHUO-KU TOKYO, JAPAN 104-0054 PIC: MR.KANNO 9999+7290801005328 TEL: 03-3536-4019** | AUTONOMOUS AERIAL VEHICLE MODEL: EH216L-200 *PIC: MR. VINCENT WONG TEL: 86-20-38772171 ** FAX: 03-3536-4460 E-MAIL: Y1.KANNO@SANKYU.CO.JP | 936 | 6 | PACKAGE | XXXXX | CN"", ""LIMITED 2025-12-09 00:00:00 | I | 小船 | 04GT251208052 | EGHU9821057 | 251208000000 | 悅平68 | 三潤紡織服裝（中山市）有限公司 | 中山市沙溪鎮樂群村厚德街10號2樓3樓 | UNIFORM POWER LIMITED | 荔枝角青山道489-491號，香港工業中心A座4樓13室TEL:2785 5633 ATTN:容小姐 | 女長褲，男長褲，女長袖襯衫 | 1029 | KGM | 99 | 箱 | XXXXX | CN | XXXXX | CN | XXXXX | HK |""], ""通讯字段"": [""801005328 TEL: 03-3536-4019** | AUTONOMOUS AERIAL VEHICLE MODEL: EH216L-200 *PIC: MR. VINCENT WONG TEL: 86-20-38772171 ** FAX: 03-3536-4460 E-MAIL: Y1.KANNO@SANKYU.CO.JP | 936 | 6 | PACKAGE | XXXXX | CN | HKHKG | HK | JPUKB | JP | JPUKB | JP | WAN HAI LINES (HK) LIMITED 2025-06-29 00:0"", ""YIAN EASTROAD,FENGGANG TOWN,DG * | NAVIGATOR FORWARDING CO.,LTD. | 5F, NO 46, LANE 11, GUANG FU NORTHROAD,TAIPEI 105410, TAIWAN ATTN: LINDA E-MAIL : LINDA@NFCLINES.COM.TW** | ISOSTATIC PRESS *ATTN:ZORA TEL:0769-82613952 **TEL: 886-2-27483311 EXT. 142 KAOHSIUNG OFFICE YANG MING MARINE T""]}"
6,GDRM26-037,2026/GDRM26-037 回覆2號 粵查詢70(有關兩用物項貨物流向).zip,查詢,2025-03-05,raw_cases/GDRM26-037/GDRM26-037【附件二】：两用出口管制货物陆路报关纪录.xlsx,workbook,否,729161388@qq.com; hgarcia@performair.com; khaziniuk.pavel@beckman.com; qianzi202211@163.com; sujeewan@masholdings.com,管制或两用物项; 型号参数可核查字段; 通讯字段; 普通拼箱分票字段,"{""管制或两用物项"": [""石墨"", ""钨"", ""EXPORT LICENSE"", ""TUNGSTEN"", ""GRAPHITE"", ""RARE EARTH""], ""型号参数可核查字段"": [""SPEC"", ""POWER"", ""grade"", ""成分"", ""型号"", ""功率"", ""MODEL"", ""规格"", ""牌号""], ""通讯字段"": [""Contact""], ""普通拼箱分票字段"": [""CONSOLIDAT""]}","{""管制或两用物项"": [""-252506 | 10PK 2025-11-26 09:53:11 | XB8337 | I | 香园围 | PORTEVER SHIPPING (HONG KONG) LIM | 深圳市盐田区东海道422号恒盛辉仓 | 八达（香港）物流有限公 | 香港葵涌永得利广场4楼 | 石墨胶带、PC膜、酒店电子锁等 | 118A 2025-11-25 13:36:34 | LL2098 | I | 落马洲 | 愛法金屬(深圳)有限公司 | 深圳市寶安區松崗鎮塘下涌村深圳, 深圳 518105 | ALPHA ASSEMBLY SOLUTIONS | 8/F,TWO"", ""深圳分公司 | 深圳 | 香港TNT公司 | 香港 | 标签等一批 | 2815 | KGM 2025-11-18 14:52:04 | LX6392 | I | 落马洲 | 苏州市达昇电子材料有限公司 | 广东深圳 | 晟高国际物流香港有限公司 | 香港九龙观塘兴业街 | 天然石墨模切片 | 15BD 2025-11-18 10:09:51 | LX6392 | I | 落马洲 | 东莞得升电子机械有限公司 | 东莞市大朗镇云莲路一街18号 | Amphenol Tel-Ad Ltd | Amphenol Tel-Ad Ltd | 连接线 | 2PX 20""], ""型号参数可核查字段"": ["":07 | VN6213 | I | 深圳湾 | PUTIAN XUFA IMPORT & EXPORT TRADE C | BUILDING 2, SHUNTIANTONG INDUSTRY Z LONSHAN ZHENXIA VILLAGE,XITIANWEI | ADCO SPECIALTIES | 4331 E. BELTLINE NE MICHIGAN MI GRAND RAPIDS | polyester dungarees | 1CT 2025-12-13 01:49:07 | VN6213 | I | 深圳湾 | ZHANGZHOU TONY O"", "".A. | VIALE FERMI 5, 31011 ASOLO (TV) ITALY ASOLO | HELMET PARTS 1640PCS | 1CT 2025-12-13 01:49:07 | VN6213 | I | 深圳湾 | XIAMEN GOLDEN EGRET SPECIAL ALLOY | NO 1601-1629 JICHENG ROAD TONG AN INDUSTRICAL AREA XIAMEN CHINA | LINK GRUPPO SPA | MARGHERITA VISCARDI VIA MAZZINI 6 40010 BENT""], ""通讯字段"": [""39-3 2nd Ring Tongj i South Road, Tongji Tech Inn | ESCATEC MEDICAL SDN BHD | Plot 107,Hilir Sungai Keluang 5,Phase 4, Bayan Lepas Penang | Contact Pad | 1CT 2025-12-11 01:53:46 | VN6213 | I | 深圳湾 | SIGNIFY ELECTRONICS(XIAMEN)CO.,LTD. | NO. 999-3, NORTH QISHAN 2ND ROAD XLAMEN, CHINA 361"", "", FUJIAN PROVINCE | ALFANAR ELECTRICAL SYSTEMS - BRANCHOF ALFANA | 3RD INDUSTRIAL CITY RIYADH 11383 KINGDOM OF SAUDI ARABIA RING MAIN UNI | CONTACT PRESSURE TESTER HVC-TX-YL08 | 1CT 2025-10-28 01:50:54 | VP5551 | I | 深圳湾 | XIAMEN FUSTE RUBBER & PLASTIC CO.,LTD. | No.96 Jinyuan East Road""], ""普通拼箱分票字段"": [""EN ) CO., LTD | NO.2 FACTORY BUILDING, MALONG DEVELOPMENT DISTRICT,HULI, XIAMEN 361006 | NIDEC MOTOR CORPORATION DBA CONTROLTECHNIQUE | 110 CONSOLIDATION POINT LAREDO, TX 78045 USA | PLASTICS PARTS FOR COVER/1080PCS | 30CT 2025-03-04 01:52:48 | XA6231 | I | 深圳湾 | QUANZHOU SMARTS ELECTRONIC""]}"
6,GDRM26-167,2026/GDRM26-167 查詢106號 1票懷疑兩用物項陸路貨物.zip,查詢,,raw_cases/GDRM26-167/GDRM26-167貨運文件.pdf,page 13,否,seongkyu.kim@lgensol.com,型号参数可核查字段; 第三国转口或主体替换; 通讯字段,"{""型号参数可核查字段"": [""spec"", ""Specification""], ""第三国转口或主体替换"": [""Transship""], ""通讯字段"": [""E-Mail"", ""email""]}","{""型号参数可核查字段"": [""rtificate of origin. If the product is subject to FTA tax reduction, Seller must provide all necessary original documents required by the respective countries for such tax reduction. In accordance with the article 18 of the Enforcement Decree of the Law on 「Act on the Promotion of Sa"", ""on 「Act on the Promotion of Saving and Recyling of Resources 」, the use of PVC packaging materials is prohibited in your supply materials. Specification : BTR New Material Group Sales Co.,Ltd. LG Energy Solution, Ltd. Please give us your order acknowledgement by returning this order within 3""], ""第三国转口或主体替换"": [""0 900.00 2026-03-02 Total Amount : USD 900.00 Shipment (ETA) : Origin: China Packing: STANDARD EXPORT PACKING Partial shipment: Not Allowed Transshipment: Not Allowed Payment: T/T_60 Days from B/L Date Port of Loading: Incoterms: Free on board, FOB China Destination: Remarks : Upon the sh""], ""通讯字段"": [""se order Supplier : BTR New Material Group Sales Co.,Ltd. PO No. : 4570188860 Supplier Code: CN03335200 PO Date : 2026-02-13 No.8,Guangyuan E-Mail : seongkyu.kim@lgensol.com Representative : SEONGKYU KIM4th Road,Guangming DistrictNo.8,Guangyuan CN LG Energy Solution as Buyer, hearby co"", ""oard, FOB China Destination: Remarks : Upon the shipment of the Products, Seller shall immediately forward copies of shipping documents via email to buyer. Original shipping documents shall be sent to buyer by express courier service within 7 days from the bill of ladings date. Follow""]}"
6,GDRM26-203,2026/GDRM26-203 通讯7号 风险联合研判简报.zip,情报,"2026年3月
",raw_cases/GDRM26-203/GDRM26-203 通讯7号 风险联合研判简报.pdf,page 13,否,,管制或两用物项; 第三国转口或主体替换,"{""管制或两用物项"": [""两用物项""], ""第三国转口或主体替换"": [""转运"", ""转口""]}","{""管制或两用物项"": [""内港两用物项数据对碰  对碰内地137条出口及转运香港的货运记录，並查核香港 报关资料后发现： 1. 132条有对应进口或出口记录 2. 其中 14 条同时具进出口记录，涉及转口至其他国家 12""], ""第三国转口或主体替换"": [""内港两用物项数据对碰  对碰内地137条出口及转运香港的货运记录，並查核香港 报关资料后发现： 1. 132条有对应进口或出口记录 2. 其中 14 条同时具进出口记录，涉及转口至其他国家 12""]}"
6,GDRM26-203,2026/GDRM26-203 通讯7号 风险联合研判简报.zip,情报,"2026年3月
",raw_cases/GDRM26-203/GDRM26-203 通讯7号 风险联合研判简报.pdf,page 14,否,,管制或两用物项; 第三国转口或主体替换,"{""管制或两用物项"": [""两用物项"", ""锑"", ""钨""], ""第三国转口或主体替换"": [""转口""]}","{""管制或两用物项"": [""13 内港两用物项数据对碰转口至其他国家的纪录 13 目的地国家目的地港口来源地港口报关货物名称 (香港)报关货物名称 (中国 内地) 出口运输 日期 进口运输 日期 出口 运输 方式 进口 运输 方式 集装箱号/ 副提单编号 日本横滨港钦州港锑的氧化物锑的氧化物5/3/25 5/3/25 小船小"", ""13 内港两用物项数据对碰转口至其他国家的纪录 13 目的地国家目的地港口来源地港口报关货物名称 (香港)报关货物名称 (中国 内地) 出口运输 日期 进口运输 日期 出口 运输 方式 进口 运输 方式 集装箱号/ 副提单编号 日本横滨港钦州港锑的氧化物锑的氧化物5/3/25 5/3/25 小船小船CSLU1765403 韩国仁川港黄埔港锑的氧化物锑的氧化物21/3/25 14/3/25 大船小船SEGU3833709 台湾高雄港南沙港 高压喷涂管，喷油嘴回 油管，气门导管，碳化 钨，香精，护目镜 碳化钨6/8/25 3""], ""第三国转口或主体替换"": [""13 内港两用物项数据对碰转口至其他国家的纪录 13 目的地国家目的地港口来源地港口报关货物名称 (香港)报关货物名称 (中国 内地) 出口运输 日期 进口运输 日期 出口 运输 方式 进口 运输 方式 集装箱号/ 副提单编号 日本横滨港钦州港锑的氧化物锑的氧化物5/3/25 5/3/25 小船小船CSLU1""]}"
6,GDRM26-203,2026/GDRM26-203 通讯7号 风险联合研判简报.zip,情报,"2026年3月
",raw_cases/GDRM26-203/GDRM26-203 通讯7号 风险联合研判简报.pdf,page 15,否,,管制或两用物项; 第三国转口或主体替换,"{""管制或两用物项"": [""GALLIUM"", ""镓"", ""锑"", ""石墨"", ""两用物项""], ""第三国转口或主体替换"": [""转口""]}","{""管制或两用物项"": [""14 目的地国家目的地港口来源地港口报关货物名称 (香港)报关货物名称 (中国 内地) 出口运输 日期 进口运输 日期 出口 运输 方式 进口 运输 方式 集装箱号/ 副提单编号 越南内排上海GALLIUM NITRIDE EPITAXIAL WAFER氮化镓外延片2/8/25 31/7/25 空运空运7673166970 日本东京港高港港钐钻永磁材料钐钴永磁材料1/11/25 22/10/25 大船小船SEGU2347174 韩国光阳港黄埔港未锻轧锑未锻轧锑15/4/25 11/"", ""14 目的地国家目的地港口来源地港口报关货物名称 (香港)报关货物名称 (中国 内地) 出口运输 日期 进口运输 日期 出口 运输 方式 进口 运输 方式 集装箱号/ 副提单编号 越南内排上海GALLIUM NITRIDE EPITAXIAL WAFER氮化镓外延片2/8/25 31/7/25 空运空运7673166970 日本东京港高港港钐钻永磁材料钐钴永磁材料1/11/25 22/10/25 大船小船SEGU2347174 韩国光阳港黄埔港未锻轧锑未锻轧锑15/4/25 11/4/25 大船小船FYCU7224576 韩国光阳港黄""], ""第三国转口或主体替换"": [""ATERIAL FOR ALUMINIUM SMELTING PLANT (OUT) 石墨叶轮14/3/25 9/3/25 大船小船WBPU7000440 台湾--ISOSTATIC PRESS等静压压力机5/10/25 -大船-YMMU7263876 14 内港两用物项数据对碰转口至其他国家的纪录""]}"
6,GDRM26-210,2026/GDRM26-210 情報60號 一宗陸路貨車走私雪茄案件.zip,情報,2026-03-09,raw_cases/GDRM26-210/GDRM26-210附件三涉案報關紀錄.xlsx,workbook,否,californiajennifer.floresplata@gmail.com; casillas@jabil.com; mnchristilea2@gmail.com; ohiobobjs@yahoo.com; sttus8803@foxmail.com; tus8803@foxmail.com,管制或两用物项; 型号参数可核查字段; 通讯字段,"{""管制或两用物项"": [""EXPORT LICENSE""], ""型号参数可核查字段"": [""POWER"", ""composition"", ""SPEC"", ""MODEL"", ""ACCURACY""], ""通讯字段"": [""CONTACT"", ""WECHAT""]}","{""管制或两用物项"": [""T 3170 LAU FAU SHANPING HA ROAD YUEN LONG | TERAHOP (THAILAND) CO. LTD. | 198 NONG PRA KA DI VILLAGEMOO.7 NONG PLAMOH SUB-DISTRICT | IC (NO EXPORT LICENSE REQUIRE) | 6PK 2026-03-08 16:30:43 | WB952 | O | SBC | LEO PAPER PRODUCTS LTD | LEVEL 9.TELFORD HOUSE16 WANG HOI ROAD | HARPER COLLINS PUBL""], ""型号参数可核查字段"": [""PK 2026-03-09 21:16:24 | WB952 | O | SBC | DHL GLOBAL FORWARDING (HK) LTD | DD118 LOT 1120RP YAU CHA PO VILLAGETAI SHA HA WEST ROAD | ASTEC POWER PHILIPPINES INC | MAIN AVENUE CORNERROAD J CAVITE ECONOMIC | BRACKET: PART OF POWER SUPPLY BUSBAR CHASSIS: PARTS OF POWER SUPPLY COVER: PAR"", ""T 1120RP YAU CHA PO VILLAGETAI SHA HA WEST ROAD | ASTEC POWER PHILIPPINES INC | MAIN AVENUE CORNERROAD J CAVITE ECONOMIC | BRACKET: PART OF POWER SUPPLY BUSBAR CHASSIS: PARTS OF POWER SUPPLY COVER: PART OF POWER SUPPLY | 2PK 2026-03-09 21:16:24 | WB952 | O | SBC | FEDERAL EXPRESS HK L""], ""通讯字段"": [""GONE HUNG YEN CO. LTD | TA THUONG HAMLET LUONG BANGCOMMUNE | 100 POLYESTER WOVEN LABEL | 4PK 2026-03-08 16:30:43 | WB952 | O | SBC | C.C.P. CONTACT PROBES CO. LTD. | D.D.104 LOT 1515 1516 CHUKYAU ROAD SHEUNG CHUK YUEN | HNT MEDICAL CO. LTD. | #2005 70 GASAN DIGITAL 2ROGEUMCHEON-GU SEOUL"", ""IMITED | ROOM B358 7/F BLOCK BTUEN MUN INDUSTRIAL CENTRE 2 SAN | HI-TECH DAIRY SUPPLY INC | 9975 56TH AVEALLENDALE MI 49401 | normally open contact plastic control | 1PK 2026-03-08 16:30:43 | WB952 | O | SBC | C/O SINOTECH INT TRANS CO. LTD | FLAT C 5/F WAYLEE INDUSTRIAL CENTRE30-38 TSU""]}"
6,GDRM26-254,2026/GDRM26-254 回覆27號 粵查詢24協查需求(10個商品從內地到香港紀錄) (以此為準).zip,查詢,2025-04-01,raw_cases/GDRM26-254/GDRM26-254附件一該批商品在香港的空路及海路進出口紀錄.xlsx,workbook,否,37673ykimj@rist.re.kr; 7283sungouk@samsung.com; dusiyi@btrchina.com; glg_ocean@kao.ofscoltd.com; impop3@charter-link.com.hk; import.ar@rhenus.com; info@daygard.comtel; info@sharafnigeria.com; jiangheping@btrchina.com; nurul.amirah@cjcentury.com; pactrausa@pglus.com; szhenstc@gmail.com,管制或两用物项; 型号参数可核查字段; 通讯字段; 普通拼箱分票字段,"{""管制或两用物项"": [""GRAPHITE"", ""GALLIUM"", ""石墨""], ""型号参数可核查字段"": [""MODEL"", ""POWER"", ""GRADE"", ""SPEC"", ""PURITY""], ""通讯字段"": [""EMAIL"", ""E-MAIL"", ""CONTACT""], ""普通拼箱分票字段"": [""CONSOLIDAT""]}","{""管制或两用物项"": [""INC. | (DBA PACTRA USA)2700 N BERKELEY LAKE RD NW SUITE.120. DULUTH, GA 30096TEL : 1-770-807-3989 | 20 PACKAGES OF SURFACE TREATED SPHERICALGRAPHITE N.W : 16,000.00 KGSHS CODE : 38019000 INV NO. : AB20250808-1P/O NO. : 4290022240-50 NAMED ACCOUNT : SK BATTERYAMERICA * TAX ID: | 16300 | 2"", ""SUITE 120 DULUTH, GA 30096TEL:1-770-807-3989E-MAIL:PACTRAUSA@PGLUS.COM | 201 PACKAGES CONSIST OF - 200 PACKAGES OFSURFACE TREATED SPHERICAL GRAPHITEN.W : 160,000.00 KGS INV NO. : AB20251217-1P/O NO. : 4290025656-20 - 1 PACKAGE OFSURFACE TREATED SPHERICAL GRAPHITE(SAMPLE) | 163025 | 201 |""], ""型号参数可核查字段"": [""HKHKG | HK | USSAV | US | EVERGREEN MARINE (HONG KONG) LTD 2026-01-21 00:00:00 | O | 大船 | EGLV082500249772 | BSIU8044321 | 1341-002E | EVER MODEL | PT. PRIME FREIGHT INDONESIA | GEDUNG MENARA GLOBAL LT 8 SUITEC&D, JL JENDERAL GATOT SUBROTOKAV. 27, KUNINGAN TIMUR,SETIA BUDI, JAKARTA SE"", ""USSAV | US | USSAV | US | EVERGREEN MARINE (HONG KONG) LTD 2026-01-21 00:00:00 | O | 大船 | EGLV082500249772 | CAAU6890214 | 1341-002E | EVER MODEL | PT. PRIME FREIGHT INDONESIA | GEDUNG MENARA GLOBAL LT 8 SUITEC&D, JL JENDERAL GATOT SUBROTOKAV. 27, KUNINGAN TIMUR,SETIA BUDI, JAKARTA SE""], ""通讯字段"": [""AL FREIGHT SERVICES CO., | LTD. 6F-1, NO.10, SIWEI 4TH RD.,LINGYA DIST., KAOHSIUNG CITY80247, TAIWAN TEL: 886-7-535-2918FAX: 886-7-535-2928 EMAIL: | * DANGEROUS CARGOES * CLASS :8(6.1) UN NO.:1790 PACKING GROUP:II FLASHPOINT:NIL EMS:F-A,S-B * SHIPPER' S OWN CONTAINER * DOCUMENT NUMBER"", ""AL FREIGHT SERVICES CO., | LTD. 6F-1, NO.10, SIWEI 4TH RD.,LINGYA DIST., KAOHSIUNG CITY80247, TAIWAN TEL: 886-7-535-2918FAX: 886-7-535-2928 EMAIL: | ** DANGEROUS CARGOES ** CLASS: 8 (6.1) UN NO.: 1790 PACKING GROUP: IIFLASH POINT: NIL EMS: F-A, S-B DOCUMENT NUMBER 1810-3-CG-2400022 HY""], ""普通拼箱分票字段"": [""| CHARTER LINK LOGISTICS(HK) LIMITED | FLAT 1905-1910, 19/F, EVER GAIN PLAZA, TOWER 1, 88CONTAINER PORT ROAD, KWAI CHUNG, N.T.H.K. | PILOT CONSOLIDATOR CO.,LTD. | 2024/164-168 RIMTHANG ROTFAI SAI PAKNAM ROAD.,PRAKANONG, KLONGTOEY,BANGKOK 10260 THAILAND | ADHESIVE,INJECTION MOLD,ARTWOR;KS;"", ""| RM1905 EVER GAIN PLAZA TOWER 188 CONTAINER PORT ROAD KWAI CHUNG HK TEL:85228516765 FAX:00852-2626 3030EMAIL:IMPOP3@CHARTER-LINK.COM.HK | CONSOLIDATION CARGO - FLUTE ROLLER, SINTERING FURNACE, RUIFENG VACUUMCLEANER, DENTURE PROCESSING MACHINE, PIPETTE, EXPANDED GRAPHITE POWDER, STEEL WIR""]}"
6,GDRM26-269,2026/GDRM26-269情報91號香港進出口銀情況.zip,情報,2026-03-31,raw_cases/GDRM26-269/GDRM26-269附件2025年至2026年''銀''在香港的貿易紀錄.xlsx,workbook,否,6e-323zamil@silverine.comus,管制或两用物项; 型号参数可核查字段; 通讯字段,"{""管制或两用物项"": [""铟"", ""TUNGSTEN""], ""型号参数可核查字段"": [""牌号"", ""纯度"", ""Purity"", ""grade"", ""MODEL"", ""SPEC"", ""純度"", ""COMPOSITION"", ""成分"", ""POWER"", ""型号""], ""通讯字段"": [""CONTACT""]}","{""管制或两用物项"": [""ISTICS (HONG KONG) | COMPANY LIMITED | Flat A30, 9/F, Silvercorp Intl Twr, 707-713 Nathan Rd, Mong Kok KLN HK | 银合金粒，百分比：银50%, 铜27%, 锌:15%, 铟:8% | 7106 | 71069100 | 銀，未鍛造，未列明或未包括在其他編號（銀粉除外） | 122518.7 | 219.48 | KG | 3 | 托盘 | 意大利 | 深圳湾 | 中國內地 | 广州 | 67554575-000 | 75523775163 | 75"", ""5, LIUYUE COMMUNITY, HENGGANG STREET,CN | DORTOO TECHNOLOGY LIMITED | Rm 1206, 12/F, 345 Nathan Rd, HK | 银铜合金（银4-50%铜39-76.15%锌3-19%镍0.1-30%铟0.5-1.5%其他0.25-1.2%铱0.01%） | 7106 | 71069100 | 銀，未鍛造，未列明或未包括在其他編號（銀粉除外） | 299090 | 125 | KG | 9 | CASE | 香港 | 港珠澳大桥 | 中國內地 | China | 7599982""], ""型号参数可核查字段"": [""[工作表] 贸易数据 运输日期 | 入口 / 出口 | 运输方式 | 主提单编号 | 副提单编号 | 集装箱号 | 车牌号码（陆）/ 航班编号（空）/ 航次（海） | 船只名称（海） | 收货人名称 | 收货人名称2 | 收货人地址 | 申报人名称 | 申报人名称2 | 申报人地址 | 报关货物名称 | 海关编码( HS 编码 )首四位数 | 海关编码( HS 编码 ) | 貨物名稱 | 货物价格("", ""中國內地 | 2026 2026-03-30 00:00:00 | 入口 | 陆运 | NA | NA | YN1239 | HONG KONG RUNYING TRADING | COMPANY LIMITED | 同力工業中心A座7樓2室， 啟祥道26號， 九龍灣 HK | 纯度在99.99%及以上的未锻造银 | 7106 | 71069100 | 銀，未鍛造，未列明或未包括在其他編號（銀粉除外） | 208677273.63 | 10036.508 | KG | 9 | BOARD | 中國內地 | 深圳湾 | 中國內地 | 67180564-000""], ""通讯字段"": [""TANG IND. CITYGong MingChinaCN | HOSHO ELECTRONICS (H.K.) LIMITED | RM 12 11/F LANDMARK NORTH 39 LUNG SUM AVENUE SHEUNG SHUI NT HK | SILVER CONTACT STRIP | 7106 | 71069200 | 銀，半製成 | 4991.45 | 0.811 | KG | 60 | 紙箱 | 日本 | WANG KONG | 中國內地 | GONG MING | 22275207-000 | 26702631 | 26709633 |"", ""0 | 入口 | 陆运 | NA | NA | RH2326 | HOSHO ELECTRONICS (H.K.) LIMITED | RM 12 11/F LANDMARK NORTH 39 LUNG SUM AVENUE SHEUNG SHUI NT HK | SILVER CONTACT STRIP | 7106 | 71069200 | 銀，半製成 | 209921.4 | 53.826 | KG | 290 | 紙箱 | 日本 | WANG GONG | 中國內地 | 22275207-000 | 26702631 | 26709633 | 中國內地 |""]}"
6,GDRM26-307,2026/GDRM26-307回覆39號粵查詢35協查需求(五家企業及貨物在香港的報關紀錄及兩家企業在香港的注冊信息).zip,查詢,2026年6月22日,raw_cases/GDRM26-307/GDRM26-307附件四該五家企業在香港的貿易紀錄.xlsx,workbook,否,emailsueli.ching@grupomultilaser.com.brbrvcp; joyceshipping13@shokz.comusjfk; joyshipping38@shokz.comusord; sueli.ching@grupomultilaser..com.br; sueli.ching@grupomultilaser.cbrmao; sueli.ching@grupomultilaser.cbrvcp; sueli.ching@grupomultilaser.com.br,型号参数可核查字段; 明确藏匿或未申报; 通讯字段; 普通拼箱分票字段,"{""型号参数可核查字段"": [""牌号"", ""Power"", ""model"", ""SPEC"", ""功率"", ""成分"", ""GRADE"", ""composition"", ""ACCURACY""], ""明确藏匿或未申报"": [""Conceal""], ""通讯字段"": [""EMAIL"", ""CONTACT"", ""電郵""], ""普通拼箱分票字段"": [""拼箱""]}","{""型号参数可核查字段"": [""[工作表] 數據 运输日期 | 进口(1/1A/1B) /出口(2) | 运输方式 | 主提单编号 | 副提单编号 | 集装箱号 | 车牌号码（陆）/ 航班编号（空）/ 航次（海） | 船只名称（海） | 收货人名称 | 收货人名称2 | 收货人地址 | 申报人名称 | 申报人名称2 | 申报人地址 | 报关货物名称 | 海关编码( HS 编码 )首四位数 | 海关编码( HS 编码 ) | 货物价格(HKD) |"", ""47550 KATO RD.,FREMONTCA 94538-7303,USAUS | AWOT GLOBAL EXPRESS (HK) LIMITED | 33/F., The Octagon, No.6 Sha Tsui Road Tsuen Wan NT HK | DC Power Cable, Signal Cable | 8544 | 85444211 | 8428.68 | 20 | KG | 8 | PALLET | 631 | SFO | 111 | SFO | 52936479-000 | 31026261 | 35425013 2026-06""], ""明确藏匿或未申报"": [""VAILATA 18 TREVIGLIO, | BG24047 ITALYIT | AWOT GLOBAL EXPRESS (HK) LIMITED | 33/F., The Octagon, No.6 Sha Tsui Road Tsuen Wan NT HK | Vial, Concealer, PCR | 3923 | 39233000 | 368596.8 | 0 | 18 | PALLET | 631 | MALPENSA | 225 | MALPENSA | 52936479-000 | 31026261 | 35425013 2025-04-26 00:"", ""REVIGLIO, | BG24047 ITALYIT | AWOT GLOBAL EXPRESS (HK) LIMITED | 33/F., The Octagon, No.6 Sha Tsui Road Tsuen Wan NT HK | Cap + Applicator, Concealer, PCR& Wiper , Concealer, HDPE 4.0 | 3923 | 39235000 | 369101.2 | 0 | 18 | PALLET | 631 | MALPENSA | 225 | MALPENSA | 52936479-000 | 31026""], ""通讯字段"": [""0:00:00 | 2 | 空运 | 172-05288511 | AADGM2650137 | NA | CV5797 | GRUPO MULTI S.A | AV. BURITI,2350, BLOCO G2,DISTINDLI-CEP:69075-903-MANAUS/AMEMAIL:SUELI.CHING@GRUPOMULTILASER.COM.BR TEL:55-11-999120877BRMAO | AWOT GLOBAL EXPRESS (HK) LIMITED | 33/F., The Octagon, No.6 Sha Tsui Road Tsu"", ""0:00:00 | 2 | 空运 | 369-98366096 | AADGM2650106 | NA | 5Y654 | GRUPO MULTI S.A | AV. BURITI,2350, BLOCO G2,DIST INDLI-CEP:69075-903-MANAUS/AMEMAIL:SUELI.CHING@GRUPOMULTILASER.COM.BR TEL:55-11-999120877BRMAO | AWOT GLOBAL EXPRESS (HK) LIMITED | 33/F., The Octagon, No.6 Sha Tsui Road Tsu""], ""普通拼箱分票字段"": [""ARCELONA - SPAINES | AWOT GLOBAL EXPRESS (HK) LIMITED | 33/F., The Octagon, No.6 Sha Tsui Road Tsuen Wan NT HK | MULTI NOTE FLOAT (已發電郵提供發票及拼箱單,提單) | 9031 | 90319000 | 2508480 | 3760 | KG | 9 | PALLET | 631 | BARCELONA | 231 | BARCELONA | 52936479-000 | 31026261 | 35425013 2024-08-""]}"
5,GDRM26-001,2026/GDRM26-001 查詢01號 5票懷疑兩用物項陸路貨物.zip,查詢,2026年1月2日,raw_cases/GDRM26-001/GDRM26-001查詢01號查詢5票懷疑兩用物項陸路貨物.pdf,page 1,否,,管制或两用物项; 通讯字段,"{""管制或两用物项"": [""两用物项"", ""许可证""], ""通讯字段"": [""联络""]}","{""管制或两用物项"": [""理专项联络员 查詢：2026年01号 叶坤先生 叶先生： 我方近日查验附件所列货物， 怀疑属于受内地管制的两用 物项。现将该票货物的货物图片及货运文件载于附件，烦请 贵 方协查以下事项： 一、 附件所列货物于内地出口時申报的货物名称、数量 及重量； 二、 货物是否属于受内地管制的两用物项； 三、 如是，货物于内地出口时有否提供出口许可证。 如 贵方根据相关信息查获案件，或情报分析时发现更多 与案件相关资料，烦请回馈我方。 祝 工作顺利！ 香港海关联络员许志恒 【附件】：货物图片及货运文件 2026年1月2日"", ""生： 我方近日查验附件所列货物， 怀疑属于受内地管制的两用 物项。现将该票货物的货物图片及货运文件载于附件，烦请 贵 方协查以下事项： 一、 附件所列货物于内地出口時申报的货物名称、数量 及重量； 二、 货物是否属于受内地管制的两用物项； 三、 如是，货物于内地出口时有否提供出口许可证。 如 贵方根据相关信息查获案件，或情报分析时发现更多 与案件相关资料，烦请回馈我方。 祝 工作顺利！ 香港海关联络员许志恒 【附件】：货物图片及货运文件 2026年1月2日""], ""通讯字段"": [""se Department 19/F, Customs Headquarters Building, 222 Java Road, North Point, Hong Kong FAX : (852) 3108 3464 海关总署 编号：GDRM26-001 广东分署风险管理专项联络员 查詢：2026年01号 叶坤先生 叶先生： 我方近日查验附件所列货物， 怀疑属于受内地管制的两用 物项。现将该票货物的货物图片及货运文件载于附件，烦请 贵 方协查以下事项： 一、 附件所列货物于内地出口時申报的货物名称、数量 及重量； 二、 货物是否属于受内地管制的两用物项；"", ""方协查以下事项： 一、 附件所列货物于内地出口時申报的货物名称、数量 及重量； 二、 货物是否属于受内地管制的两用物项； 三、 如是，货物于内地出口时有否提供出口许可证。 如 贵方根据相关信息查获案件，或情报分析时发现更多 与案件相关资料，烦请回馈我方。 祝 工作顺利！ 香港海关联络员许志恒 【附件】：货物图片及货运文件 2026年1月2日""]}"
5,GDRM26-002,2026/GDRM26-002 查詢02號 1票懷疑兩用物項空路貨物.zip,查詢,2026年1月2日,raw_cases/GDRM26-002/GDRM26-002查詢02號查詢1票懷疑兩用物項空路貨物.pdf,page 1,否,,管制或两用物项; 通讯字段,"{""管制或两用物项"": [""两用物项"", ""许可证""], ""通讯字段"": [""联络""]}","{""管制或两用物项"": [""理专项联络员 查詢：2026年02号 叶坤先生 叶先生： 我方近日查验附件所列货物， 怀疑属于受内地管制的两用 物项。现将该票货物的货物图片及货运文件载于附件，烦请 贵 方协查以下事项： 一、 附件所列货物于内地出口時申报的货物名称、数量 及重量； 二、 货物是否属于受内地管制的两用物项； 三、 如是，货物于内地出口时有否提供出口许可证。 如 贵方根据相关信息查获案件，或情报分析时发现更多 与案件相关资料，烦请回馈我方。 祝 工作顺利！ 香港海关联络员许志恒 【附件】：货物图片及货运文件 2026年1月2日"", ""生： 我方近日查验附件所列货物， 怀疑属于受内地管制的两用 物项。现将该票货物的货物图片及货运文件载于附件，烦请 贵 方协查以下事项： 一、 附件所列货物于内地出口時申报的货物名称、数量 及重量； 二、 货物是否属于受内地管制的两用物项； 三、 如是，货物于内地出口时有否提供出口许可证。 如 贵方根据相关信息查获案件，或情报分析时发现更多 与案件相关资料，烦请回馈我方。 祝 工作顺利！ 香港海关联络员许志恒 【附件】：货物图片及货运文件 2026年1月2日""], ""通讯字段"": [""se Department 19/F, Customs Headquarters Building, 222 Java Road, North Point, Hong Kong FAX : (852) 3108 3464 海关总署 编号：GDRM26-002 广东分署风险管理专项联络员 查詢：2026年02号 叶坤先生 叶先生： 我方近日查验附件所列货物， 怀疑属于受内地管制的两用 物项。现将该票货物的货物图片及货运文件载于附件，烦请 贵 方协查以下事项： 一、 附件所列货物于内地出口時申报的货物名称、数量 及重量； 二、 货物是否属于受内地管制的两用物项；"", ""方协查以下事项： 一、 附件所列货物于内地出口時申报的货物名称、数量 及重量； 二、 货物是否属于受内地管制的两用物项； 三、 如是，货物于内地出口时有否提供出口许可证。 如 贵方根据相关信息查获案件，或情报分析时发现更多 与案件相关资料，烦请回馈我方。 祝 工作顺利！ 香港海关联络员许志恒 【附件】：货物图片及货运文件 2026年1月2日""]}"
5,GDRM26-003,2026/GDRM26-003 查詢03號 1票懷疑兩用物項陸路貨物.zip,查詢,,raw_cases/GDRM26-003/GDRM26-003查詢03號1票懷疑兩用物項陸路貨物.pdf,page 1,否,,管制或两用物项; 通讯字段,"{""管制或两用物项"": [""两用物项"", ""许可证""], ""通讯字段"": [""联络""]}","{""管制或两用物项"": [""员 查詢：2026 年 03 号 叶坤先生 叶先生： 我方近日查验附件所列货物， 怀疑属于受内地管制的两用 物项。现将该票货物的货物图片及 货运文件载于附件，烦请 贵 方协查以下事项： 一、 附件所列货物于内地出口時 申报的货物名称、数量 及重量； 二、 货物是否属于受内地管制的两用物项； 三、 如是，货物于内地出口时有否提供出口许可证。 如 贵方根据相关信息查获案件，或情报分析时发现更多 与案件相关资料，烦请回馈我方。 祝 工作顺利！ 香港海关联络员许志恒 【附件】：货物图片及 货运文件 2026 年 1 月 2 日"", ""我方近日查验附件所列货物， 怀疑属于受内地管制的两用 物项。现将该票货物的货物图片及 货运文件载于附件，烦请 贵 方协查以下事项： 一、 附件所列货物于内地出口時 申报的货物名称、数量 及重量； 二、 货物是否属于受内地管制的两用物项； 三、 如是，货物于内地出口时有否提供出口许可证。 如 贵方根据相关信息查获案件，或情报分析时发现更多 与案件相关资料，烦请回馈我方。 祝 工作顺利！ 香港海关联络员许志恒 【附件】：货物图片及 货运文件 2026 年 1 月 2 日""], ""通讯字段"": [""se Department 19/F, Customs Headquarters Building, 222 Java Road, North Point, Hong Kong FAX : (852) 3108 3464 海关总署 编号：GDRM26-003 广东分署风险管理专项联络员 查詢：2026 年 03 号 叶坤先生 叶先生： 我方近日查验附件所列货物， 怀疑属于受内地管制的两用 物项。现将该票货物的货物图片及 货运文件载于附件，烦请 贵 方协查以下事项： 一、 附件所列货物于内地出口時 申报的货物名称、数量 及重量； 二、 货物是否属于受内地管制的"", ""协查以下事项： 一、 附件所列货物于内地出口時 申报的货物名称、数量 及重量； 二、 货物是否属于受内地管制的两用物项； 三、 如是，货物于内地出口时有否提供出口许可证。 如 贵方根据相关信息查获案件，或情报分析时发现更多 与案件相关资料，烦请回馈我方。 祝 工作顺利！ 香港海关联络员许志恒 【附件】：货物图片及 货运文件 2026 年 1 月 2 日""]}"
5,GDRM26-004,2026/GDRM26-004 查詢04號 1票懷疑兩用物項陸路貨物.zip,查詢,2026年1月2日,raw_cases/GDRM26-004/GDRM26-004查詢04號查詢1票懷疑兩用物項陸路貨物.pdf,page 1,否,,管制或两用物项; 通讯字段,"{""管制或两用物项"": [""两用物项"", ""许可证""], ""通讯字段"": [""联络""]}","{""管制或两用物项"": [""理专项联络员 查詢：2026年04号 叶坤先生 叶先生： 我方近日查验附件所列货物， 怀疑属于受内地管制的两用 物项。现将该票货物的货物图片及货运文件载于附件，烦请 贵 方协查以下事项： 一、 附件所列货物于内地出口時申报的货物名称、数量 及重量； 二、 货物是否属于受内地管制的两用物项； 三、 如是，货物于内地出口时有否提供出口许可证。 如 贵方根据相关信息查获案件，或情报分析时发现更多 与案件相关资料，烦请回馈我方。 祝 工作顺利！ 香港海关联络员许志恒 【附件】：货物图片及货运文件 2026年1月2日"", ""生： 我方近日查验附件所列货物， 怀疑属于受内地管制的两用 物项。现将该票货物的货物图片及货运文件载于附件，烦请 贵 方协查以下事项： 一、 附件所列货物于内地出口時申报的货物名称、数量 及重量； 二、 货物是否属于受内地管制的两用物项； 三、 如是，货物于内地出口时有否提供出口许可证。 如 贵方根据相关信息查获案件，或情报分析时发现更多 与案件相关资料，烦请回馈我方。 祝 工作顺利！ 香港海关联络员许志恒 【附件】：货物图片及货运文件 2026年1月2日""], ""通讯字段"": [""se Department 19/F, Customs Headquarters Building, 222 Java Road, North Point, Hong Kong FAX : (852) 3108 3464 海关总署 编号：GDRM26-004 广东分署风险管理专项联络员 查詢：2026年04号 叶坤先生 叶先生： 我方近日查验附件所列货物， 怀疑属于受内地管制的两用 物项。现将该票货物的货物图片及货运文件载于附件，烦请 贵 方协查以下事项： 一、 附件所列货物于内地出口時申报的货物名称、数量 及重量； 二、 货物是否属于受内地管制的两用物项；"", ""方协查以下事项： 一、 附件所列货物于内地出口時申报的货物名称、数量 及重量； 二、 货物是否属于受内地管制的两用物项； 三、 如是，货物于内地出口时有否提供出口许可证。 如 贵方根据相关信息查获案件，或情报分析时发现更多 与案件相关资料，烦请回馈我方。 祝 工作顺利！ 香港海关联络员许志恒 【附件】：货物图片及货运文件 2026年1月2日""]}"
5,GDRM26-006,2026/GDRM26-006 查詢06號 1票懷疑兩用物項陸路貨物.zip,查詢,,raw_cases/GDRM26-006/GDRM26-006查詢06號查詢1票懷疑兩用物項陸路貨物.pdf,page 1,否,,管制或两用物项; 通讯字段,"{""管制或两用物项"": [""两用物项"", ""许可证""], ""通讯字段"": [""联络""]}","{""管制或两用物项"": [""查詢：2026 年 06 号 叶坤先生 叶先生 ： 我方近日查验 附件所列货物， 怀疑属于受内地管制的两用 物项。现将该票货物的货物图片及 货运文件载于附件，烦请 贵 方协查以下事项： 一、 附件所列货物于内地出口時申报的货物名称、数量 及重量； 二、 货物是否属于受内地管制的两用物项； 三、 如是，货物于内地出口时有否提供出口许可证。 如 贵方根据相关信息查获案件，或情报分析时发现更多 与案件相关资料，烦请回馈我方。 祝 工作顺利！ 香港海关联络员许志恒 【附件】：货物图片 及 货运文件 2026 年 1 月 2 日"", ""我方近日查验 附件所列货物， 怀疑属于受内地管制的两用 物项。现将该票货物的货物图片及 货运文件载于附件，烦请 贵 方协查以下事项： 一、 附件所列货物于内地出口時申报的货物名称、数量 及重量； 二、 货物是否属于受内地管制的两用物项； 三、 如是，货物于内地出口时有否提供出口许可证。 如 贵方根据相关信息查获案件，或情报分析时发现更多 与案件相关资料，烦请回馈我方。 祝 工作顺利！ 香港海关联络员许志恒 【附件】：货物图片 及 货运文件 2026 年 1 月 2 日""], ""通讯字段"": [""se Department 19/F, Customs Headquarters Building, 222 Java Road, North Point, Hong Kong FAX : (852) 3108 3464 海关总署 编号：GDRM26-006 广东分署风险管理专项联络员 查詢：2026 年 06 号 叶坤先生 叶先生 ： 我方近日查验 附件所列货物， 怀疑属于受内地管制的两用 物项。现将该票货物的货物图片及 货运文件载于附件，烦请 贵 方协查以下事项： 一、 附件所列货物于内地出口時申报的货物名称、数量 及重量； 二、 货物是否属于受内地管制"", ""方协查以下事项： 一、 附件所列货物于内地出口時申报的货物名称、数量 及重量； 二、 货物是否属于受内地管制的两用物项； 三、 如是，货物于内地出口时有否提供出口许可证。 如 贵方根据相关信息查获案件，或情报分析时发现更多 与案件相关资料，烦请回馈我方。 祝 工作顺利！ 香港海关联络员许志恒 【附件】：货物图片 及 货运文件 2026 年 1 月 2 日""]}"
5,GDRM26-010,2026/GDRM26-010 查詢09號 2票懷疑兩用物項空路貨物.zip,查詢,,raw_cases/GDRM26-010/GDRM26-010查詢9號2票懷疑兩用物項空路貨物.pdf,page 1,否,,管制或两用物项; 通讯字段,"{""管制或两用物项"": [""两用物项"", ""许可证""], ""通讯字段"": [""联络""]}","{""管制或两用物项"": [""查詢：2026 年 09 号 叶坤先生 叶先生： 我方近日查验附件所列货物， 怀疑属于受内地管制的两用 物项。现将该票货物的货物图片 及 货运文件载于附件，烦请 贵 方协查以下事项： 一、 附件所列货物于内地 出口時 申报的货物名称、数量 及重量； 二、 货物是否属于受内地管制的两用物项； 三、 如是，货物于内地出口时有否提供出口许可证。 如 贵方根据相关信息查获案件，或情报分析时发现更多 与案件相关资料，烦请回馈我方。 祝 工作顺利！ 香港海关联络员许志恒 【附件】：货物图片及 货运文件 2026 年 1 月 5 日"", ""方近日查验附件所列货物， 怀疑属于受内地管制的两用 物项。现将该票货物的货物图片 及 货运文件载于附件，烦请 贵 方协查以下事项： 一、 附件所列货物于内地 出口時 申报的货物名称、数量 及重量； 二、 货物是否属于受内地管制的两用物项； 三、 如是，货物于内地出口时有否提供出口许可证。 如 贵方根据相关信息查获案件，或情报分析时发现更多 与案件相关资料，烦请回馈我方。 祝 工作顺利！ 香港海关联络员许志恒 【附件】：货物图片及 货运文件 2026 年 1 月 5 日""], ""通讯字段"": [""se Department 19/F, Customs Headquarters Building, 222 Java Road, North Point, Hong Kong FAX : (852) 3108 3464 海关总署 编号：GDRM26-010 广东分署风险管理专项联络员 查詢：2026 年 09 号 叶坤先生 叶先生： 我方近日查验附件所列货物， 怀疑属于受内地管制的两用 物项。现将该票货物的货物图片 及 货运文件载于附件，烦请 贵 方协查以下事项： 一、 附件所列货物于内地 出口時 申报的货物名称、数量 及重量； 二、 货物是否属于受内地管"", ""查以下事项： 一、 附件所列货物于内地 出口時 申报的货物名称、数量 及重量； 二、 货物是否属于受内地管制的两用物项； 三、 如是，货物于内地出口时有否提供出口许可证。 如 贵方根据相关信息查获案件，或情报分析时发现更多 与案件相关资料，烦请回馈我方。 祝 工作顺利！ 香港海关联络员许志恒 【附件】：货物图片及 货运文件 2026 年 1 月 5 日""]}"
5,GDRM26-011,2026/GDRM26-011 查詢10號 4票懷疑兩用物項陸路貨物.zip,查詢,2026年1月5日,raw_cases/GDRM26-011/GDRM26-011查詢10號查詢4票懷疑兩用物項陸路貨物.pdf,page 1,否,,管制或两用物项; 通讯字段,"{""管制或两用物项"": [""两用物项"", ""许可证""], ""通讯字段"": [""联络""]}","{""管制或两用物项"": [""理专项联络员 查詢：2026年10号 叶坤先生 叶先生： 我方近日查验附件所列货物， 怀疑属于受内地管制的两用 物项。现将该票货物的货物图片及货运文件载于附件，烦请 贵 方协查以下事项： 一、 附件所列货物于内地出口時申报的货物名称、数量 及重量； 二、 货物是否属于受内地管制的两用物项； 三、 如是，货物于内地出口时有否提供出口许可证。 如 贵方根据相关信息查获案件，或情报分析时发现更多 与案件相关资料，烦请回馈我方。 祝 工作顺利！ 香港海关联络员许志恒 【附件】：货物图片及货运文件 2026年1月5日"", ""生： 我方近日查验附件所列货物， 怀疑属于受内地管制的两用 物项。现将该票货物的货物图片及货运文件载于附件，烦请 贵 方协查以下事项： 一、 附件所列货物于内地出口時申报的货物名称、数量 及重量； 二、 货物是否属于受内地管制的两用物项； 三、 如是，货物于内地出口时有否提供出口许可证。 如 贵方根据相关信息查获案件，或情报分析时发现更多 与案件相关资料，烦请回馈我方。 祝 工作顺利！ 香港海关联络员许志恒 【附件】：货物图片及货运文件 2026年1月5日""], ""通讯字段"": [""se Department 19/F, Customs Headquarters Building, 222 Java Road, North Point, Hong Kong FAX : (852) 3108 3464 海关总署 编号：GDRM26-011 广东分署风险管理专项联络员 查詢：2026年10号 叶坤先生 叶先生： 我方近日查验附件所列货物， 怀疑属于受内地管制的两用 物项。现将该票货物的货物图片及货运文件载于附件，烦请 贵 方协查以下事项： 一、 附件所列货物于内地出口時申报的货物名称、数量 及重量； 二、 货物是否属于受内地管制的两用物项；"", ""方协查以下事项： 一、 附件所列货物于内地出口時申报的货物名称、数量 及重量； 二、 货物是否属于受内地管制的两用物项； 三、 如是，货物于内地出口时有否提供出口许可证。 如 贵方根据相关信息查获案件，或情报分析时发现更多 与案件相关资料，烦请回馈我方。 祝 工作顺利！ 香港海关联络员许志恒 【附件】：货物图片及货运文件 2026年1月5日""]}"
5,GDRM26-017,2026/GDRM26-017 查詢013號 2票懷疑兩用物項陸路貨物.zip,查詢,,raw_cases/GDRM26-017/GDRM26-017查詢013號2票懷疑兩用物項陸路貨物.pdf,page 1,否,,管制或两用物项; 通讯字段,"{""管制或两用物项"": [""两用物项"", ""许可证""], ""通讯字段"": [""联络""]}","{""管制或两用物项"": [""员 查詢：2026 年 13 号 叶坤先生 叶先生： 我方近日查验附件所列货物， 怀疑属于受内地管制的两用 物项。现将该票货物的货物图片及 货运文件载于附件，烦请 贵 方协查以下事项： 一、 附件所列货物于内地出口時 申报的货物名称、数量 及重量； 二、 货物是否属于受内地管制的两用物项； 三、 如是，货物于内地出口时有否提供出口许可证。 如 贵方根据相关信息查获案件，或情报分析时发现更多 与案件相关资料，烦请回馈我方。 祝 工作顺利！ 香港海关联络员许志恒 【附件】：货物图片及 货运文件 2026 年 1 月 6 日"", ""我方近日查验附件所列货物， 怀疑属于受内地管制的两用 物项。现将该票货物的货物图片及 货运文件载于附件，烦请 贵 方协查以下事项： 一、 附件所列货物于内地出口時 申报的货物名称、数量 及重量； 二、 货物是否属于受内地管制的两用物项； 三、 如是，货物于内地出口时有否提供出口许可证。 如 贵方根据相关信息查获案件，或情报分析时发现更多 与案件相关资料，烦请回馈我方。 祝 工作顺利！ 香港海关联络员许志恒 【附件】：货物图片及 货运文件 2026 年 1 月 6 日""], ""通讯字段"": [""se Department 19/F, Customs Headquarters Building, 222 Java Road, North Point, Hong Kong FAX : (852) 3108 3464 海关总署 编号：GDRM26-017 广东分署风险管理专项联络员 查詢：2026 年 13 号 叶坤先生 叶先生： 我方近日查验附件所列货物， 怀疑属于受内地管制的两用 物项。现将该票货物的货物图片及 货运文件载于附件，烦请 贵 方协查以下事项： 一、 附件所列货物于内地出口時 申报的货物名称、数量 及重量； 二、 货物是否属于受内地管制的"", ""协查以下事项： 一、 附件所列货物于内地出口時 申报的货物名称、数量 及重量； 二、 货物是否属于受内地管制的两用物项； 三、 如是，货物于内地出口时有否提供出口许可证。 如 贵方根据相关信息查获案件，或情报分析时发现更多 与案件相关资料，烦请回馈我方。 祝 工作顺利！ 香港海关联络员许志恒 【附件】：货物图片及 货运文件 2026 年 1 月 6 日""]}"
5,GDRM26-027,2026/GDRM26-027 查詢17號 1票懷疑兩用物項空路貨物.zip,查詢,2026年1月8日,raw_cases/GDRM26-027/GDRM26-027查詢17號查詢1票懷疑兩用物項空路貨物.pdf,page 1,否,,管制或两用物项; 通讯字段,"{""管制或两用物项"": [""两用物项"", ""许可证""], ""通讯字段"": [""联络""]}","{""管制或两用物项"": [""理专项联络员 查詢：2026年17号 叶坤先生 叶先生： 我方近日查验附件所列货物， 怀疑属于受内地管制的两用 物项。现将该票货物的货物图片及货运文件载于附件，烦请 贵 方协查以下事项： 一、 附件所列货物于内地出口時申报的货物名称、数量 及重量； 二、 货物是否属于受内地管制的两用物项； 三、 如是，货物于内地出口时有否提供出口许可证。 如 贵方根据相关信息查获案件，或情报分析时发现更多 与案件相关资料，烦请回馈我方。 祝 工作顺利！ 香港海关联络员许志恒 【附件】：货物图片及货运文件 2026年1月8日"", ""生： 我方近日查验附件所列货物， 怀疑属于受内地管制的两用 物项。现将该票货物的货物图片及货运文件载于附件，烦请 贵 方协查以下事项： 一、 附件所列货物于内地出口時申报的货物名称、数量 及重量； 二、 货物是否属于受内地管制的两用物项； 三、 如是，货物于内地出口时有否提供出口许可证。 如 贵方根据相关信息查获案件，或情报分析时发现更多 与案件相关资料，烦请回馈我方。 祝 工作顺利！ 香港海关联络员许志恒 【附件】：货物图片及货运文件 2026年1月8日""], ""通讯字段"": [""se Department 19/F, Customs Headquarters Building, 222 Java Road, North Point, Hong Kong FAX : (852) 3108 3464 海关总署 编号：GDRM26-027 广东分署风险管理专项联络员 查詢：2026年17号 叶坤先生 叶先生： 我方近日查验附件所列货物， 怀疑属于受内地管制的两用 物项。现将该票货物的货物图片及货运文件载于附件，烦请 贵 方协查以下事项： 一、 附件所列货物于内地出口時申报的货物名称、数量 及重量； 二、 货物是否属于受内地管制的两用物项；"", ""方协查以下事项： 一、 附件所列货物于内地出口時申报的货物名称、数量 及重量； 二、 货物是否属于受内地管制的两用物项； 三、 如是，货物于内地出口时有否提供出口许可证。 如 贵方根据相关信息查获案件，或情报分析时发现更多 与案件相关资料，烦请回馈我方。 祝 工作顺利！ 香港海关联络员许志恒 【附件】：货物图片及货运文件 2026年1月8日""]}"
5,GDRM26-028,2026/GDRM26-028 查詢18號 1票懷疑兩用物項陸路貨物.zip,查詢,,raw_cases/GDRM26-028/GDRM26-028查詢018號1票懷疑兩用物項陸路貨物.pdf,page 1,否,,管制或两用物项; 通讯字段,"{""管制或两用物项"": [""两用物项"", ""许可证""], ""通讯字段"": [""联络""]}","{""管制或两用物项"": [""查詢：2026 年 18 号 叶坤先生 叶先生： 我方近日查验附件所列货物， 怀疑属于受内地管制的两用 物项。现将该票货物的货物图片 及 货运文件载于附件，烦请 贵 方协查以下事项： 一、 附件所列货物于内地 出口時 申报的货物名称、数量 及重量； 二、 货物是否属于受内地管制的两用物项； 三、 如是，货物于内地出口时有否提供出口许可证。 如 贵方根据相关信息查获案件，或情报分析时发现更多 与案件相关资料，烦请回馈我方。 祝 工作顺利！ 香港海关联络员许志恒 【附件】：货物图片及 货运文件 2026 年 1 月 9 日"", ""方近日查验附件所列货物， 怀疑属于受内地管制的两用 物项。现将该票货物的货物图片 及 货运文件载于附件，烦请 贵 方协查以下事项： 一、 附件所列货物于内地 出口時 申报的货物名称、数量 及重量； 二、 货物是否属于受内地管制的两用物项； 三、 如是，货物于内地出口时有否提供出口许可证。 如 贵方根据相关信息查获案件，或情报分析时发现更多 与案件相关资料，烦请回馈我方。 祝 工作顺利！ 香港海关联络员许志恒 【附件】：货物图片及 货运文件 2026 年 1 月 9 日""], ""通讯字段"": [""se Department 19/F, Customs Headquarters Building, 222 Java Road, North Point, Hong Kong FAX : (852) 3108 3464 海关总署 编号：GDRM26-028 广东分署风险管理专项联络员 查詢：2026 年 18 号 叶坤先生 叶先生： 我方近日查验附件所列货物， 怀疑属于受内地管制的两用 物项。现将该票货物的货物图片 及 货运文件载于附件，烦请 贵 方协查以下事项： 一、 附件所列货物于内地 出口時 申报的货物名称、数量 及重量； 二、 货物是否属于受内地管"", ""查以下事项： 一、 附件所列货物于内地 出口時 申报的货物名称、数量 及重量； 二、 货物是否属于受内地管制的两用物项； 三、 如是，货物于内地出口时有否提供出口许可证。 如 贵方根据相关信息查获案件，或情报分析时发现更多 与案件相关资料，烦请回馈我方。 祝 工作顺利！ 香港海关联络员许志恒 【附件】：货物图片及 货运文件 2026 年 1 月 9 日""]}"
5,GDRM26-038,2026/GDRM26-038 查詢22號 1票懷疑兩用物項空路貨物.zip,查詢,2026年1月9日,raw_cases/GDRM26-038/GDRM26-038查詢22號查詢1票懷疑兩用物項空路貨物.pdf,page 1,否,,管制或两用物项; 通讯字段,"{""管制或两用物项"": [""两用物项"", ""许可证""], ""通讯字段"": [""联络""]}","{""管制或两用物项"": [""理专项联络员 查詢：2026年22号 叶坤先生 叶先生： 我方近日查验附件所列货物， 怀疑属于受内地管制的两用 物项。现将该票货物的货物图片及货运文件载于附件，烦请 贵 方协查以下事项： 一、 附件所列货物于内地出口時申报的货物名称、数量 及重量； 二、 货物是否属于受内地管制的两用物项； 三、 如是，货物于内地出口时有否提供出口许可证。 如 贵方根据相关信息查获案件，或情报分析时发现更多 与案件相关资料，烦请回馈我方。 祝 工作顺利！ 香港海关联络员许志恒 【附件】：货物图片及货运文件 2026年1月9日"", ""生： 我方近日查验附件所列货物， 怀疑属于受内地管制的两用 物项。现将该票货物的货物图片及货运文件载于附件，烦请 贵 方协查以下事项： 一、 附件所列货物于内地出口時申报的货物名称、数量 及重量； 二、 货物是否属于受内地管制的两用物项； 三、 如是，货物于内地出口时有否提供出口许可证。 如 贵方根据相关信息查获案件，或情报分析时发现更多 与案件相关资料，烦请回馈我方。 祝 工作顺利！ 香港海关联络员许志恒 【附件】：货物图片及货运文件 2026年1月9日""], ""通讯字段"": [""se Department 19/F, Customs Headquarters Building, 222 Java Road, North Point, Hong Kong FAX : (852) 3108 3464 海关总署 编号：GDRM26-038 广东分署风险管理专项联络员 查詢：2026年22号 叶坤先生 叶先生： 我方近日查验附件所列货物， 怀疑属于受内地管制的两用 物项。现将该票货物的货物图片及货运文件载于附件，烦请 贵 方协查以下事项： 一、 附件所列货物于内地出口時申报的货物名称、数量 及重量； 二、 货物是否属于受内地管制的两用物项；"", ""方协查以下事项： 一、 附件所列货物于内地出口時申报的货物名称、数量 及重量； 二、 货物是否属于受内地管制的两用物项； 三、 如是，货物于内地出口时有否提供出口许可证。 如 贵方根据相关信息查获案件，或情报分析时发现更多 与案件相关资料，烦请回馈我方。 祝 工作顺利！ 香港海关联络员许志恒 【附件】：货物图片及货运文件 2026年1月9日""]}"
5,GDRM26-043,2026/GDRM26-043 查詢27號 1票懷疑兩用物項陸路貨物.zip,查詢,,raw_cases/GDRM26-043/GDRM26-043查詢27號 1票懷疑兩用物項陸路貨物.pdf,page 1,否,,管制或两用物项; 通讯字段,"{""管制或两用物项"": [""两用物项"", ""许可证""], ""通讯字段"": [""联络""]}","{""管制或两用物项"": [""项联络员 查詢：2026年 27号 叶坤先生 叶先生： 我方近日查验附件所列货物， 怀疑属于受内地管制的两用 物项。现将该票货物的货物图片及货运文件载于附件，烦请 贵 方协查以下事项： 一、 附件所列货物于内地出口 時申报的货物名称、数量 及重量； 二、 货物是否属于受内地管制的两用物项； 三、 如是，货物于内地出口时有否提供出口许可证。 如 贵方根据相关信息查获案件，或情报分析时发现更多 与案件相关资料，烦请回馈我方。 祝 工作顺利！ 香港海关联络员许志恒 【附件】：货物图片及货运文件 2026 年 1月 12 日"", ""： 我方近日查验附件所列货物， 怀疑属于受内地管制的两用 物项。现将该票货物的货物图片及货运文件载于附件，烦请 贵 方协查以下事项： 一、 附件所列货物于内地出口 時申报的货物名称、数量 及重量； 二、 货物是否属于受内地管制的两用物项； 三、 如是，货物于内地出口时有否提供出口许可证。 如 贵方根据相关信息查获案件，或情报分析时发现更多 与案件相关资料，烦请回馈我方。 祝 工作顺利！ 香港海关联络员许志恒 【附件】：货物图片及货运文件 2026 年 1月 12 日""], ""通讯字段"": [""se Department 19/F, Customs Headquarters Building, 222 Java Road, North Point, Hong Kong FAX : (852) 3108 3464 海关总署 编号：GDRM26-043 广东分署风险管理专项联络员 查詢：2026年 27号 叶坤先生 叶先生： 我方近日查验附件所列货物， 怀疑属于受内地管制的两用 物项。现将该票货物的货物图片及货运文件载于附件，烦请 贵 方协查以下事项： 一、 附件所列货物于内地出口 時申报的货物名称、数量 及重量； 二、 货物是否属于受内地管制的两用物"", ""协查以下事项： 一、 附件所列货物于内地出口 時申报的货物名称、数量 及重量； 二、 货物是否属于受内地管制的两用物项； 三、 如是，货物于内地出口时有否提供出口许可证。 如 贵方根据相关信息查获案件，或情报分析时发现更多 与案件相关资料，烦请回馈我方。 祝 工作顺利！ 香港海关联络员许志恒 【附件】：货物图片及货运文件 2026 年 1月 12 日""]}"
5,GDRM26-044,2026/GDRM26-044 查詢28號 1票懷疑兩用物項陸路貨物.zip,查詢,,raw_cases/GDRM26-044/GDRM044查詢028號1票懷疑兩用物項陸路貨物.pdf,page 1,否,,管制或两用物项; 通讯字段,"{""管制或两用物项"": [""两用物项"", ""许可证""], ""通讯字段"": [""联络""]}","{""管制或两用物项"": [""员 查詢：2026 年 28 号 叶坤先生 叶先生： 我方近日查验附件所列货物， 怀疑属于受内地管制的两用 物项。现将该票货物的货物图片及 货运文件载于附件，烦请 贵 方协查以下事项： 一、 附件所列货物于内地出口時 申报的货物名称、数量 及重量； 二、 货物是否属于受内地管制的两用物项； 三、 如是，货物于内地出口时有否提供出口许可证。 如 贵方根据相关信息查获案件，或情报分析时发现更多 与案件相关资料，烦请回馈我方。 祝 工作顺利！ 香港海关联络员许志恒 【附件】：货物图片及 货运文件 2026 年 1 月 12 日"", ""我方近日查验附件所列货物， 怀疑属于受内地管制的两用 物项。现将该票货物的货物图片及 货运文件载于附件，烦请 贵 方协查以下事项： 一、 附件所列货物于内地出口時 申报的货物名称、数量 及重量； 二、 货物是否属于受内地管制的两用物项； 三、 如是，货物于内地出口时有否提供出口许可证。 如 贵方根据相关信息查获案件，或情报分析时发现更多 与案件相关资料，烦请回馈我方。 祝 工作顺利！ 香港海关联络员许志恒 【附件】：货物图片及 货运文件 2026 年 1 月 12 日""], ""通讯字段"": [""se Department 19/F, Customs Headquarters Building, 222 Java Road, North Point, Hong Kong FAX : (852) 3108 3464 海关总署 编号：GDRM26-044 广东分署风险管理专项联络员 查詢：2026 年 28 号 叶坤先生 叶先生： 我方近日查验附件所列货物， 怀疑属于受内地管制的两用 物项。现将该票货物的货物图片及 货运文件载于附件，烦请 贵 方协查以下事项： 一、 附件所列货物于内地出口時 申报的货物名称、数量 及重量； 二、 货物是否属于受内地管制的"", ""协查以下事项： 一、 附件所列货物于内地出口時 申报的货物名称、数量 及重量； 二、 货物是否属于受内地管制的两用物项； 三、 如是，货物于内地出口时有否提供出口许可证。 如 贵方根据相关信息查获案件，或情报分析时发现更多 与案件相关资料，烦请回馈我方。 祝 工作顺利！ 香港海关联络员许志恒 【附件】：货物图片及 货运文件 2026 年 1 月 12 日""]}"
5,GDRM26-045,2026/GDRM26-045 查詢29號 1票懷疑兩用物項空路貨物.zip,查詢,,raw_cases/GDRM26-045/GDRM26-045查詢29號1票懷疑兩用物項空路貨物.pdf,page 1,否,,管制或两用物项; 通讯字段,"{""管制或两用物项"": [""两用物项"", ""许可证""], ""通讯字段"": [""联络""]}","{""管制或两用物项"": [""查詢：2026 年 29 号 叶坤先生 叶先生： 我方近日查验附件所列货物， 怀疑属于受内地管制的两用 物项。现将该票货物的货物图片 及 货运文件载于附件，烦请 贵 方协查以下事项： 一、 附件所列货物于内地 出口時 申报的货物名称、数量 及重量； 二、 货物是否属于受内地管制的两用物项； 三、 如是，货物于内地出口时有否提供出口许可证。 如 贵方根据相关信息查获案件，或情报分析时发现更多 与案件相关资料，烦请回馈我方。 祝 工作顺利！ 香港海关联络员许志恒 【附件】：货物图片及 货运文件 2026 年 1 月 12 日"", ""方近日查验附件所列货物， 怀疑属于受内地管制的两用 物项。现将该票货物的货物图片 及 货运文件载于附件，烦请 贵 方协查以下事项： 一、 附件所列货物于内地 出口時 申报的货物名称、数量 及重量； 二、 货物是否属于受内地管制的两用物项； 三、 如是，货物于内地出口时有否提供出口许可证。 如 贵方根据相关信息查获案件，或情报分析时发现更多 与案件相关资料，烦请回馈我方。 祝 工作顺利！ 香港海关联络员许志恒 【附件】：货物图片及 货运文件 2026 年 1 月 12 日""], ""通讯字段"": [""se Department 19/F, Customs Headquarters Building, 222 Java Road, North Point, Hong Kong FAX : (852) 3108 3464 海关总署 编号：GDRM26-045 广东分署风险管理专项联络员 查詢：2026 年 29 号 叶坤先生 叶先生： 我方近日查验附件所列货物， 怀疑属于受内地管制的两用 物项。现将该票货物的货物图片 及 货运文件载于附件，烦请 贵 方协查以下事项： 一、 附件所列货物于内地 出口時 申报的货物名称、数量 及重量； 二、 货物是否属于受内地管"", ""查以下事项： 一、 附件所列货物于内地 出口時 申报的货物名称、数量 及重量； 二、 货物是否属于受内地管制的两用物项； 三、 如是，货物于内地出口时有否提供出口许可证。 如 贵方根据相关信息查获案件，或情报分析时发现更多 与案件相关资料，烦请回馈我方。 祝 工作顺利！ 香港海关联络员许志恒 【附件】：货物图片及 货运文件 2026 年 1 月 12 日""]}"
5,GDRM26-048,2026/GDRM26-048 查詢30號 1票懷疑兩用物項陸路貨物.zip,查詢,2026年1月13日,raw_cases/GDRM26-048/GDRM26-048查詢30號查詢1票懷疑兩用物項陸路貨物.pdf,page 1,否,,管制或两用物项; 通讯字段,"{""管制或两用物项"": [""两用物项"", ""许可证""], ""通讯字段"": [""联络""]}","{""管制或两用物项"": [""理专项联络员 查詢：2026年30号 叶坤先生 叶先生： 我方近日查验附件所列货物， 怀疑属于受内地管制的两用 物项。现将该票货物的货物图片及货运文件载于附件，烦请 贵 方协查以下事项： 一、 附件所列货物于内地出口時申报的货物名称、数量 及重量； 二、 货物是否属于受内地管制的两用物项； 三、 如是，货物于内地出口时有否提供出口许可证。 如 贵方根据相关信息查获案件，或情报分析时发现更多 与案件相关资料，烦请回馈我方。 祝 工作顺利！ 香港海关联络员许志恒 【附件】：货物图片及货运文件 2026年1月13日"", ""生： 我方近日查验附件所列货物， 怀疑属于受内地管制的两用 物项。现将该票货物的货物图片及货运文件载于附件，烦请 贵 方协查以下事项： 一、 附件所列货物于内地出口時申报的货物名称、数量 及重量； 二、 货物是否属于受内地管制的两用物项； 三、 如是，货物于内地出口时有否提供出口许可证。 如 贵方根据相关信息查获案件，或情报分析时发现更多 与案件相关资料，烦请回馈我方。 祝 工作顺利！ 香港海关联络员许志恒 【附件】：货物图片及货运文件 2026年1月13日""], ""通讯字段"": [""se Department 19/F, Customs Headquarters Building, 222 Java Road, North Point, Hong Kong FAX : (852) 3108 3464 海关总署 编号：GDRM26-048 广东分署风险管理专项联络员 查詢：2026年30号 叶坤先生 叶先生： 我方近日查验附件所列货物， 怀疑属于受内地管制的两用 物项。现将该票货物的货物图片及货运文件载于附件，烦请 贵 方协查以下事项： 一、 附件所列货物于内地出口時申报的货物名称、数量 及重量； 二、 货物是否属于受内地管制的两用物项；"", ""方协查以下事项： 一、 附件所列货物于内地出口時申报的货物名称、数量 及重量； 二、 货物是否属于受内地管制的两用物项； 三、 如是，货物于内地出口时有否提供出口许可证。 如 贵方根据相关信息查获案件，或情报分析时发现更多 与案件相关资料，烦请回馈我方。 祝 工作顺利！ 香港海关联络员许志恒 【附件】：货物图片及货运文件 2026年1月13日""]}"
5,GDRM26-059,2026/GDRM26-059 查詢34號 1票懷疑兩用物項空路貨物.zip,查詢,2026年1月16日,raw_cases/GDRM26-059/GDRM26-059查詢34號查詢1票懷疑兩用物項空路貨物.pdf,page 1,否,,管制或两用物项; 通讯字段,"{""管制或两用物项"": [""两用物项"", ""许可证""], ""通讯字段"": [""联络""]}","{""管制或两用物项"": [""理专项联络员 查詢：2026年34号 叶坤先生 叶先生： 我方近日查验附件所列货物， 怀疑属于受内地管制的两用 物项。现将该票货物的货物图片及货运文件载于附件，烦请 贵 方协查以下事项： 一、 附件所列货物于内地出口時申报的货物名称、数量 及重量； 二、 货物是否属于受内地管制的两用物项； 三、 如是，货物于内地出口时有否提供出口许可证。 如 贵方根据相关信息查获案件，或情报分析时发现更多 与案件相关资料，烦请回馈我方。 祝 工作顺利！ 香港海关联络员许志恒 【附件】：货物图片及货运文件 2026年1月16日"", ""生： 我方近日查验附件所列货物， 怀疑属于受内地管制的两用 物项。现将该票货物的货物图片及货运文件载于附件，烦请 贵 方协查以下事项： 一、 附件所列货物于内地出口時申报的货物名称、数量 及重量； 二、 货物是否属于受内地管制的两用物项； 三、 如是，货物于内地出口时有否提供出口许可证。 如 贵方根据相关信息查获案件，或情报分析时发现更多 与案件相关资料，烦请回馈我方。 祝 工作顺利！ 香港海关联络员许志恒 【附件】：货物图片及货运文件 2026年1月16日""], ""通讯字段"": [""se Department 19/F, Customs Headquarters Building, 222 Java Road, North Point, Hong Kong FAX : (852) 3108 3464 海关总署 编号：GDRM26-059 广东分署风险管理专项联络员 查詢：2026年34号 叶坤先生 叶先生： 我方近日查验附件所列货物， 怀疑属于受内地管制的两用 物项。现将该票货物的货物图片及货运文件载于附件，烦请 贵 方协查以下事项： 一、 附件所列货物于内地出口時申报的货物名称、数量 及重量； 二、 货物是否属于受内地管制的两用物项；"", ""方协查以下事项： 一、 附件所列货物于内地出口時申报的货物名称、数量 及重量； 二、 货物是否属于受内地管制的两用物项； 三、 如是，货物于内地出口时有否提供出口许可证。 如 贵方根据相关信息查获案件，或情报分析时发现更多 与案件相关资料，烦请回馈我方。 祝 工作顺利！ 香港海关联络员许志恒 【附件】：货物图片及货运文件 2026年1月16日""]}"
5,GDRM26-060,2026/GDRM26-060 查詢35號 1票懷疑兩用物項空路貨物.zip,查詢,,raw_cases/GDRM26-060/GDRM26-060查詢35號1票懷疑兩用物項空路貨物.pdf,page 1,否,,管制或两用物项; 通讯字段,"{""管制或两用物项"": [""两用物项"", ""许可证""], ""通讯字段"": [""联络""]}","{""管制或两用物项"": [""员 查詢：2026 年 35 号 叶坤先生 叶先生： 我方近日查验附件所列货物， 怀疑属于受内地管制的两用 物项。现将该票货物的货物图片及 货运文件载于附件，烦请 贵 方协查以下事项： 一、 附件所列货物于内地出口時 申报的货物名称、数量 及重量； 二、 货物是否属于受内地管制的两用物项； 三、 如是，货物于内地出口时有否提供出口许可证。 如 贵方根据相关信息查获案件，或情报分析时发现更多 与案件相关资料，烦请回馈我方。 祝 工作顺利！ 香港海关联络员许志恒 【附件】：货物图片及 货运文件 2026 年 1 月 16 日"", ""我方近日查验附件所列货物， 怀疑属于受内地管制的两用 物项。现将该票货物的货物图片及 货运文件载于附件，烦请 贵 方协查以下事项： 一、 附件所列货物于内地出口時 申报的货物名称、数量 及重量； 二、 货物是否属于受内地管制的两用物项； 三、 如是，货物于内地出口时有否提供出口许可证。 如 贵方根据相关信息查获案件，或情报分析时发现更多 与案件相关资料，烦请回馈我方。 祝 工作顺利！ 香港海关联络员许志恒 【附件】：货物图片及 货运文件 2026 年 1 月 16 日""], ""通讯字段"": [""se Department 19/F, Customs Headquarters Building, 222 Java Road, North Point, Hong Kong FAX : (852) 3108 3464 海关总署 编号：GDRM26-060 广东分署风险管理专项联络员 查詢：2026 年 35 号 叶坤先生 叶先生： 我方近日查验附件所列货物， 怀疑属于受内地管制的两用 物项。现将该票货物的货物图片及 货运文件载于附件，烦请 贵 方协查以下事项： 一、 附件所列货物于内地出口時 申报的货物名称、数量 及重量； 二、 货物是否属于受内地管制的"", ""协查以下事项： 一、 附件所列货物于内地出口時 申报的货物名称、数量 及重量； 二、 货物是否属于受内地管制的两用物项； 三、 如是，货物于内地出口时有否提供出口许可证。 如 贵方根据相关信息查获案件，或情报分析时发现更多 与案件相关资料，烦请回馈我方。 祝 工作顺利！ 香港海关联络员许志恒 【附件】：货物图片及 货运文件 2026 年 1 月 16 日""]}"
5,GDRM26-062,2026/GDRM26-062 查詢37號 1票懷疑兩用物項陸路貨物.zip,查詢,,raw_cases/GDRM26-062/GDRM26-062查詢37號 1票懷疑兩用物項陸路貨物.pdf,page 1,否,,管制或两用物项; 通讯字段,"{""管制或两用物项"": [""两用物项"", ""许可证""], ""通讯字段"": [""联络""]}","{""管制或两用物项"": [""项联络员 查詢：2026年 37号 叶坤先生 叶先生： 我方近日查验附件所列货物， 怀疑属于受内地管制的两用 物项。现将该票货物的货物图片及货运文件载于附件，烦请 贵 方协查以下事项： 一、 附件所列货物于内地出口 時申报的货物名称、数量 及重量； 二、 货物是否属于受内地管制的两用物项； 三、 如是，货物于内地出口时有否提供出口许可证。 如 贵方根据相关信息查获案件，或情报分析时发现更多 与案件相关资料，烦请回馈我方。 祝 工作顺利！ 香港海关联络员庄倩娴 【附件】：货物图片及货运文件 2026 年 1月 19 日"", ""： 我方近日查验附件所列货物， 怀疑属于受内地管制的两用 物项。现将该票货物的货物图片及货运文件载于附件，烦请 贵 方协查以下事项： 一、 附件所列货物于内地出口 時申报的货物名称、数量 及重量； 二、 货物是否属于受内地管制的两用物项； 三、 如是，货物于内地出口时有否提供出口许可证。 如 贵方根据相关信息查获案件，或情报分析时发现更多 与案件相关资料，烦请回馈我方。 祝 工作顺利！ 香港海关联络员庄倩娴 【附件】：货物图片及货运文件 2026 年 1月 19 日""], ""通讯字段"": [""se Department 19/F, Customs Headquarters Building, 222 Java Road, North Point, Hong Kong FAX : (852) 3108 3464 海关总署 编号：GDRM26-062 广东分署风险管理专项联络员 查詢：2026年 37号 叶坤先生 叶先生： 我方近日查验附件所列货物， 怀疑属于受内地管制的两用 物项。现将该票货物的货物图片及货运文件载于附件，烦请 贵 方协查以下事项： 一、 附件所列货物于内地出口 時申报的货物名称、数量 及重量； 二、 货物是否属于受内地管制的两用物"", ""协查以下事项： 一、 附件所列货物于内地出口 時申报的货物名称、数量 及重量； 二、 货物是否属于受内地管制的两用物项； 三、 如是，货物于内地出口时有否提供出口许可证。 如 贵方根据相关信息查获案件，或情报分析时发现更多 与案件相关资料，烦请回馈我方。 祝 工作顺利！ 香港海关联络员庄倩娴 【附件】：货物图片及货运文件 2026 年 1月 19 日""]}"
5,GDRM26-063,2026/GDRM26-063 查詢38號 1票懷疑兩用物項空路貨物.zip,查詢,2026年1月19日,raw_cases/GDRM26-063/GDRM26-063查詢38號1票懷疑兩用物項空路貨物.pdf,page 1,否,,管制或两用物项; 通讯字段,"{""管制或两用物项"": [""两用物项"", ""许可证""], ""通讯字段"": [""联络""]}","{""管制或两用物项"": [""理专项联络员 查詢：2026年38号 叶坤先生 叶先生： 我方近日查验附件所列货物， 怀疑属于受内地管制的两用 物项。现将该票货物的货物图片及货运文件载于附件，烦请 贵 方协查以下事项： 一、 附件所列货物于内地出口時申报的货物名称、数量 及重量； 二、 货物是否属于受内地管制的两用物项； 三、 如是，货物于内地出口时有否提供出口许可证。 如 贵方根据相关信息查获案件，或情报分析时发现更多 与案件相关资料，烦请回馈我方。 祝 工作顺利！ 香港海关联络员庄倩娴 【附件】：货物图片及货运文件 2026年1月19日"", ""生： 我方近日查验附件所列货物， 怀疑属于受内地管制的两用 物项。现将该票货物的货物图片及货运文件载于附件，烦请 贵 方协查以下事项： 一、 附件所列货物于内地出口時申报的货物名称、数量 及重量； 二、 货物是否属于受内地管制的两用物项； 三、 如是，货物于内地出口时有否提供出口许可证。 如 贵方根据相关信息查获案件，或情报分析时发现更多 与案件相关资料，烦请回馈我方。 祝 工作顺利！ 香港海关联络员庄倩娴 【附件】：货物图片及货运文件 2026年1月19日""], ""通讯字段"": [""se Department 19/F, Customs Headquarters Building, 222 Java Road, North Point, Hong Kong FAX : (852) 3108 3464 海关总署 编号：GDRM26-063 广东分署风险管理专项联络员 查詢：2026年38号 叶坤先生 叶先生： 我方近日查验附件所列货物， 怀疑属于受内地管制的两用 物项。现将该票货物的货物图片及货运文件载于附件，烦请 贵 方协查以下事项： 一、 附件所列货物于内地出口時申报的货物名称、数量 及重量； 二、 货物是否属于受内地管制的两用物项；"", ""方协查以下事项： 一、 附件所列货物于内地出口時申报的货物名称、数量 及重量； 二、 货物是否属于受内地管制的两用物项； 三、 如是，货物于内地出口时有否提供出口许可证。 如 贵方根据相关信息查获案件，或情报分析时发现更多 与案件相关资料，烦请回馈我方。 祝 工作顺利！ 香港海关联络员庄倩娴 【附件】：货物图片及货运文件 2026年1月19日""]}"
5,GDRM26-073,2026/GDRM26-073 查詢44號 1票懷疑兩用物項空路貨物.zip,查詢,2026年1月23日,raw_cases/GDRM26-073/GDRM26-073查詢44號查詢1票懷疑兩用物項空路貨物.pdf,page 1,否,,管制或两用物项; 通讯字段,"{""管制或两用物项"": [""两用物项"", ""许可证""], ""通讯字段"": [""联络""]}","{""管制或两用物项"": [""理专项联络员 查詢：2026年44号 叶坤先生 叶先生： 我方近日查验附件所列货物， 怀疑属于受内地管制的两用 物项。现将该票货物的货物图片及货运文件载于附件，烦请 贵 方协查以下事项： 一、 附件所列货物于内地出口時申报的货物名称、数量 及重量； 二、 货物是否属于受内地管制的两用物项； 三、 如是，货物于内地出口时有否提供出口许可证。 如 贵方根据相关信息查获案件，或情报分析时发现更多 与案件相关资料，烦请回馈我方。 祝 工作顺利！ 香港海关联络员许志恒 【附件】：货物图片及货运文件 2026年1月23日"", ""生： 我方近日查验附件所列货物， 怀疑属于受内地管制的两用 物项。现将该票货物的货物图片及货运文件载于附件，烦请 贵 方协查以下事项： 一、 附件所列货物于内地出口時申报的货物名称、数量 及重量； 二、 货物是否属于受内地管制的两用物项； 三、 如是，货物于内地出口时有否提供出口许可证。 如 贵方根据相关信息查获案件，或情报分析时发现更多 与案件相关资料，烦请回馈我方。 祝 工作顺利！ 香港海关联络员许志恒 【附件】：货物图片及货运文件 2026年1月23日""], ""通讯字段"": [""se Department 19/F, Customs Headquarters Building, 222 Java Road, North Point, Hong Kong FAX : (852) 3108 3464 海关总署 编号：GDRM26-073 广东分署风险管理专项联络员 查詢：2026年44号 叶坤先生 叶先生： 我方近日查验附件所列货物， 怀疑属于受内地管制的两用 物项。现将该票货物的货物图片及货运文件载于附件，烦请 贵 方协查以下事项： 一、 附件所列货物于内地出口時申报的货物名称、数量 及重量； 二、 货物是否属于受内地管制的两用物项；"", ""方协查以下事项： 一、 附件所列货物于内地出口時申报的货物名称、数量 及重量； 二、 货物是否属于受内地管制的两用物项； 三、 如是，货物于内地出口时有否提供出口许可证。 如 贵方根据相关信息查获案件，或情报分析时发现更多 与案件相关资料，烦请回馈我方。 祝 工作顺利！ 香港海关联络员许志恒 【附件】：货物图片及货运文件 2026年1月23日""]}"
5,GDRM26-074,2026/GDRM26-074 查詢45號 1票懷疑兩用物項空路貨物.zip,查詢,,raw_cases/GDRM26-074/GDRM26-074查詢45號1票懷疑兩用物項空路貨物.pdf,page 1,否,,管制或两用物项; 通讯字段,"{""管制或两用物项"": [""两用物项"", ""许可证""], ""通讯字段"": [""联络""]}","{""管制或两用物项"": [""员 查詢：2026 年 45 号 叶坤先生 叶先生： 我方近日查验附件所列货物， 怀疑属于受内地管制的两用 物项。现将该票货物的货物图片及 货运文件载于附件，烦请 贵 方协查以下事项： 一、 附件所列货物于内地出口時 申报的货物名称、数量 及重量； 二、 货物是否属于受内地管制的两用物项； 三、 如是，货物于内地出口时有否提供出口许可证。 如 贵方根据相关信息查获案件，或情报分析时发现更多 与案件相关资料，烦请回馈我方。 祝 工作顺利！ 香港海关联络员许志恒 【附件】：货物图片及 货运文件 2026 年 1 月 23 日"", ""我方近日查验附件所列货物， 怀疑属于受内地管制的两用 物项。现将该票货物的货物图片及 货运文件载于附件，烦请 贵 方协查以下事项： 一、 附件所列货物于内地出口時 申报的货物名称、数量 及重量； 二、 货物是否属于受内地管制的两用物项； 三、 如是，货物于内地出口时有否提供出口许可证。 如 贵方根据相关信息查获案件，或情报分析时发现更多 与案件相关资料，烦请回馈我方。 祝 工作顺利！ 香港海关联络员许志恒 【附件】：货物图片及 货运文件 2026 年 1 月 23 日""], ""通讯字段"": [""se Department 19/F, Customs Headquarters Building, 222 Java Road, North Point, Hong Kong FAX : (852) 3108 3464 海关总署 编号：GDRM26-074 广东分署风险管理专项联络员 查詢：2026 年 45 号 叶坤先生 叶先生： 我方近日查验附件所列货物， 怀疑属于受内地管制的两用 物项。现将该票货物的货物图片及 货运文件载于附件，烦请 贵 方协查以下事项： 一、 附件所列货物于内地出口時 申报的货物名称、数量 及重量； 二、 货物是否属于受内地管制的"", ""协查以下事项： 一、 附件所列货物于内地出口時 申报的货物名称、数量 及重量； 二、 货物是否属于受内地管制的两用物项； 三、 如是，货物于内地出口时有否提供出口许可证。 如 贵方根据相关信息查获案件，或情报分析时发现更多 与案件相关资料，烦请回馈我方。 祝 工作顺利！ 香港海关联络员许志恒 【附件】：货物图片及 货运文件 2026 年 1 月 23 日""]}"
5,GDRM26-077,2026/GDRM26-077 查詢48號 1票懷疑兩用物項空路貨物.zip,查詢,,raw_cases/GDRM26-077/GDRM26-077查詢48號1票懷疑兩用物項空路貨物.pdf,page 1,否,,管制或两用物项; 通讯字段,"{""管制或两用物项"": [""两用物项"", ""许可证""], ""通讯字段"": [""联络""]}","{""管制或两用物项"": [""查詢：2026 年 48 号 叶坤先生 叶先生： 我方近日查验附件所列货物， 怀疑属于受内地管制的两用 物项。现将该票货物的货物图片 及 货运文件载于附件，烦请 贵 方协查以下事项： 一、 附件所列货物于内地 出口時 申报的货物名称、数量 及重量； 二、 货物是否属于受内地管制的两用物项； 三、 如是，货物于内地出口时有否提供出口许可证。 如 贵方根据相关信息查获案件，或情报分析时发现更多 与案件相关资料，烦请回馈我方。 祝 工作顺利！ 香港海关联络员许志恒 【附件】：货物图片及 货运文件 2026 年 1 月 26 日"", ""方近日查验附件所列货物， 怀疑属于受内地管制的两用 物项。现将该票货物的货物图片 及 货运文件载于附件，烦请 贵 方协查以下事项： 一、 附件所列货物于内地 出口時 申报的货物名称、数量 及重量； 二、 货物是否属于受内地管制的两用物项； 三、 如是，货物于内地出口时有否提供出口许可证。 如 贵方根据相关信息查获案件，或情报分析时发现更多 与案件相关资料，烦请回馈我方。 祝 工作顺利！ 香港海关联络员许志恒 【附件】：货物图片及 货运文件 2026 年 1 月 26 日""], ""通讯字段"": [""se Department 19/F, Customs Headquarters Building, 222 Java Road, North Point, Hong Kong FAX : (852) 3108 3464 海关总署 编号：GDRM26-077 广东分署风险管理专项联络员 查詢：2026 年 48 号 叶坤先生 叶先生： 我方近日查验附件所列货物， 怀疑属于受内地管制的两用 物项。现将该票货物的货物图片 及 货运文件载于附件，烦请 贵 方协查以下事项： 一、 附件所列货物于内地 出口時 申报的货物名称、数量 及重量； 二、 货物是否属于受内地管"", ""查以下事项： 一、 附件所列货物于内地 出口時 申报的货物名称、数量 及重量； 二、 货物是否属于受内地管制的两用物项； 三、 如是，货物于内地出口时有否提供出口许可证。 如 贵方根据相关信息查获案件，或情报分析时发现更多 与案件相关资料，烦请回馈我方。 祝 工作顺利！ 香港海关联络员许志恒 【附件】：货物图片及 货运文件 2026 年 1 月 26 日""]}"
5,GDRM26-079,2026/GDRM26-079 查詢49號 3票懷疑兩用物項陸路貨物.zip,查詢,2026年1月27日,raw_cases/GDRM26-079/GDRM26-079查詢49號查詢3票懷疑兩用物項陸路貨物.pdf,page 1,否,,管制或两用物项; 通讯字段,"{""管制或两用物项"": [""两用物项"", ""许可证""], ""通讯字段"": [""联络""]}","{""管制或两用物项"": [""理专项联络员 查詢：2026年49号 叶坤先生 叶先生： 我方近日查验附件所列货物， 怀疑属于受内地管制的两用 物项。现将该票货物的货物图片及货运文件载于附件，烦请 贵 方协查以下事项： 一、 附件所列货物于内地出口時申报的货物名称、数量 及重量； 二、 货物是否属于受内地管制的两用物项； 三、 如是，货物于内地出口时有否提供出口许可证。 如 贵方根据相关信息查获案件，或情报分析时发现更多 与案件相关资料，烦请回馈我方。 祝 工作顺利！ 香港海关联络员许志恒 【附件】：货物图片及货运文件 2026年1月27日"", ""生： 我方近日查验附件所列货物， 怀疑属于受内地管制的两用 物项。现将该票货物的货物图片及货运文件载于附件，烦请 贵 方协查以下事项： 一、 附件所列货物于内地出口時申报的货物名称、数量 及重量； 二、 货物是否属于受内地管制的两用物项； 三、 如是，货物于内地出口时有否提供出口许可证。 如 贵方根据相关信息查获案件，或情报分析时发现更多 与案件相关资料，烦请回馈我方。 祝 工作顺利！ 香港海关联络员许志恒 【附件】：货物图片及货运文件 2026年1月27日""], ""通讯字段"": [""se Department 19/F, Customs Headquarters Building, 222 Java Road, North Point, Hong Kong FAX : (852) 3108 3464 海关总署 编号：GDRM26-079 广东分署风险管理专项联络员 查詢：2026年49号 叶坤先生 叶先生： 我方近日查验附件所列货物， 怀疑属于受内地管制的两用 物项。现将该票货物的货物图片及货运文件载于附件，烦请 贵 方协查以下事项： 一、 附件所列货物于内地出口時申报的货物名称、数量 及重量； 二、 货物是否属于受内地管制的两用物项；"", ""方协查以下事项： 一、 附件所列货物于内地出口時申报的货物名称、数量 及重量； 二、 货物是否属于受内地管制的两用物项； 三、 如是，货物于内地出口时有否提供出口许可证。 如 贵方根据相关信息查获案件，或情报分析时发现更多 与案件相关资料，烦请回馈我方。 祝 工作顺利！ 香港海关联络员许志恒 【附件】：货物图片及货运文件 2026年1月27日""]}"
5,GDRM26-081,2026/GDRM26-081 查詢51號 1票懷疑兩用物項陸路貨物.zip,查詢,,raw_cases/GDRM26-081/GDRM26-081查詢51號1票懷疑兩用物項陸路貨物.pdf,page 1,否,,管制或两用物项; 通讯字段,"{""管制或两用物项"": [""两用物项"", ""许可证""], ""通讯字段"": [""联络""]}","{""管制或两用物项"": [""员 查詢：2026 年 51 号 叶坤先生 叶先生： 我方近日查验附件所列货物， 怀疑属于受内地管制的两用 物项。现将该票货物的货物图片及 货运文件载于附件，烦请 贵 方协查以下事项： 一、 附件所列货物于内地出口時 申报的货物名称、数量 及重量； 二、 货物是否属于受内地管制的两用物项； 三、 如是，货物于内地出口时有否提供出口许可证。 如 贵方根据相关信息查获案件，或情报分析时发现更多 与案件相关资料，烦请回馈我方。 祝 工作顺利！ 香港海关联络员许志恒 【附件】：货物图片及 货运文件 2026 年 1 月 28 日"", ""我方近日查验附件所列货物， 怀疑属于受内地管制的两用 物项。现将该票货物的货物图片及 货运文件载于附件，烦请 贵 方协查以下事项： 一、 附件所列货物于内地出口時 申报的货物名称、数量 及重量； 二、 货物是否属于受内地管制的两用物项； 三、 如是，货物于内地出口时有否提供出口许可证。 如 贵方根据相关信息查获案件，或情报分析时发现更多 与案件相关资料，烦请回馈我方。 祝 工作顺利！ 香港海关联络员许志恒 【附件】：货物图片及 货运文件 2026 年 1 月 28 日""], ""通讯字段"": [""se Department 19/F, Customs Headquarters Building, 222 Java Road, North Point, Hong Kong FAX : (852) 3108 3464 海关总署 编号：GDRM26-081 广东分署风险管理专项联络员 查詢：2026 年 51 号 叶坤先生 叶先生： 我方近日查验附件所列货物， 怀疑属于受内地管制的两用 物项。现将该票货物的货物图片及 货运文件载于附件，烦请 贵 方协查以下事项： 一、 附件所列货物于内地出口時 申报的货物名称、数量 及重量； 二、 货物是否属于受内地管制的"", ""协查以下事项： 一、 附件所列货物于内地出口時 申报的货物名称、数量 及重量； 二、 货物是否属于受内地管制的两用物项； 三、 如是，货物于内地出口时有否提供出口许可证。 如 贵方根据相关信息查获案件，或情报分析时发现更多 与案件相关资料，烦请回馈我方。 祝 工作顺利！ 香港海关联络员许志恒 【附件】：货物图片及 货运文件 2026 年 1 月 28 日""]}"
5,GDRM26-083,2026/GDRM26-083 查詢53號 1票懷疑兩用物項陸路貨物.zip,查詢,2026年1月28日,raw_cases/GDRM26-083/GDRM26-083查詢53號查詢1票懷疑兩用物項陸路貨物.pdf,page 1,否,,管制或两用物项; 通讯字段,"{""管制或两用物项"": [""两用物项"", ""许可证""], ""通讯字段"": [""联络""]}","{""管制或两用物项"": [""理专项联络员 查詢：2026年53号 叶坤先生 叶先生： 我方近日查验附件所列货物， 怀疑属于受内地管制的两用 物项。现将该票货物的货物图片及货运文件载于附件，烦请 贵 方协查以下事项： 一、 附件所列货物于内地出口時申报的货物名称、数量 及重量； 二、 货物是否属于受内地管制的两用物项； 三、 如是，货物于内地出口时有否提供出口许可证。 如 贵方根据相关信息查获案件，或情报分析时发现更多 与案件相关资料，烦请回馈我方。 祝 工作顺利！ 香港海关联络员许志恒 【附件】：货物图片及货运文件 2026年1月28日"", ""生： 我方近日查验附件所列货物， 怀疑属于受内地管制的两用 物项。现将该票货物的货物图片及货运文件载于附件，烦请 贵 方协查以下事项： 一、 附件所列货物于内地出口時申报的货物名称、数量 及重量； 二、 货物是否属于受内地管制的两用物项； 三、 如是，货物于内地出口时有否提供出口许可证。 如 贵方根据相关信息查获案件，或情报分析时发现更多 与案件相关资料，烦请回馈我方。 祝 工作顺利！ 香港海关联络员许志恒 【附件】：货物图片及货运文件 2026年1月28日""], ""通讯字段"": [""se Department 19/F, Customs Headquarters Building, 222 Java Road, North Point, Hong Kong FAX : (852) 3108 3464 海关总署 编号：GDRM26-083 广东分署风险管理专项联络员 查詢：2026年53号 叶坤先生 叶先生： 我方近日查验附件所列货物， 怀疑属于受内地管制的两用 物项。现将该票货物的货物图片及货运文件载于附件，烦请 贵 方协查以下事项： 一、 附件所列货物于内地出口時申报的货物名称、数量 及重量； 二、 货物是否属于受内地管制的两用物项；"", ""方协查以下事项： 一、 附件所列货物于内地出口時申报的货物名称、数量 及重量； 二、 货物是否属于受内地管制的两用物项； 三、 如是，货物于内地出口时有否提供出口许可证。 如 贵方根据相关信息查获案件，或情报分析时发现更多 与案件相关资料，烦请回馈我方。 祝 工作顺利！ 香港海关联络员许志恒 【附件】：货物图片及货运文件 2026年1月28日""]}"
5,GDRM26-086,2026/GDRM26-086 查詢55號 1票懷疑兩用物項陸路貨物.zip,查詢,2026年1月30日,raw_cases/GDRM26-086/GDRM26-086查詢55號查詢1票懷疑兩用物項陸路貨物.pdf,page 1,否,,管制或两用物项; 通讯字段,"{""管制或两用物项"": [""两用物项"", ""许可证""], ""通讯字段"": [""联络""]}","{""管制或两用物项"": [""理专项联络员 查詢：2026年55号 叶坤先生 叶先生： 我方近日查验附件所列货物， 怀疑属于受内地管制的两用 物项。现将该票货物的货物图片及货运文件载于附件，烦请 贵 方协查以下事项： 一、 附件所列货物于内地出口時申报的货物名称、数量 及重量； 二、 货物是否属于受内地管制的两用物项； 三、 如是，货物于内地出口时有否提供出口许可证。 如 贵方根据相关信息查获案件，或情报分析时发现更多 与案件相关资料，烦请回馈我方。 祝 工作顺利！ 香港海关联络员许志恒 【附件】：货物图片及货运文件 2026年1月30日"", ""生： 我方近日查验附件所列货物， 怀疑属于受内地管制的两用 物项。现将该票货物的货物图片及货运文件载于附件，烦请 贵 方协查以下事项： 一、 附件所列货物于内地出口時申报的货物名称、数量 及重量； 二、 货物是否属于受内地管制的两用物项； 三、 如是，货物于内地出口时有否提供出口许可证。 如 贵方根据相关信息查获案件，或情报分析时发现更多 与案件相关资料，烦请回馈我方。 祝 工作顺利！ 香港海关联络员许志恒 【附件】：货物图片及货运文件 2026年1月30日""], ""通讯字段"": [""se Department 19/F, Customs Headquarters Building, 222 Java Road, North Point, Hong Kong FAX : (852) 3108 3464 海关总署 编号：GDRM26-086 广东分署风险管理专项联络员 查詢：2026年55号 叶坤先生 叶先生： 我方近日查验附件所列货物， 怀疑属于受内地管制的两用 物项。现将该票货物的货物图片及货运文件载于附件，烦请 贵 方协查以下事项： 一、 附件所列货物于内地出口時申报的货物名称、数量 及重量； 二、 货物是否属于受内地管制的两用物项；"", ""方协查以下事项： 一、 附件所列货物于内地出口時申报的货物名称、数量 及重量； 二、 货物是否属于受内地管制的两用物项； 三、 如是，货物于内地出口时有否提供出口许可证。 如 贵方根据相关信息查获案件，或情报分析时发现更多 与案件相关资料，烦请回馈我方。 祝 工作顺利！ 香港海关联络员许志恒 【附件】：货物图片及货运文件 2026年1月30日""]}"
5,GDRM26-092,2026/GDRM26-092 查詢59號 1票懷疑兩用物項陸路貨物.zip,查詢,,raw_cases/GDRM26-092/GDRM26-092查詢59號1票懷疑兩用物項陸路貨物.pdf,page 1,否,,管制或两用物项; 通讯字段,"{""管制或两用物项"": [""两用物项"", ""许可证""], ""通讯字段"": [""联络""]}","{""管制或两用物项"": [""查詢：2026 年 59 号 叶坤先生 叶先生： 我方近日查验附件所列货物， 怀疑属于受内地管制的两用 物项。现将该票货物的货物图片 及 货运文件载于附件，烦请 贵 方协查以下事项： 一、 附件所列货物于内地 出口時 申报的货物名称、数量 及重量； 二、 货物是否属于受内地管制的两用物项； 三、 如是，货物于内地出口时有否提供出口许可证。 如 贵方根据相关信息查获案件，或情报分析时发现更多 与案件相关资料，烦请回馈我方。 祝 工作顺利！ 香港海关联络员许志恒 【附件】：货物图片及 货运文件 2026 年 2 月 2 日"", ""方近日查验附件所列货物， 怀疑属于受内地管制的两用 物项。现将该票货物的货物图片 及 货运文件载于附件，烦请 贵 方协查以下事项： 一、 附件所列货物于内地 出口時 申报的货物名称、数量 及重量； 二、 货物是否属于受内地管制的两用物项； 三、 如是，货物于内地出口时有否提供出口许可证。 如 贵方根据相关信息查获案件，或情报分析时发现更多 与案件相关资料，烦请回馈我方。 祝 工作顺利！ 香港海关联络员许志恒 【附件】：货物图片及 货运文件 2026 年 2 月 2 日""], ""通讯字段"": [""se Department 19/F, Customs Headquarters Building, 222 Java Road, North Point, Hong Kong FAX : (852) 3108 3464 海关总署 编号：GDRM26-092 广东分署风险管理专项联络员 查詢：2026 年 59 号 叶坤先生 叶先生： 我方近日查验附件所列货物， 怀疑属于受内地管制的两用 物项。现将该票货物的货物图片 及 货运文件载于附件，烦请 贵 方协查以下事项： 一、 附件所列货物于内地 出口時 申报的货物名称、数量 及重量； 二、 货物是否属于受内地管"", ""查以下事项： 一、 附件所列货物于内地 出口時 申报的货物名称、数量 及重量； 二、 货物是否属于受内地管制的两用物项； 三、 如是，货物于内地出口时有否提供出口许可证。 如 贵方根据相关信息查获案件，或情报分析时发现更多 与案件相关资料，烦请回馈我方。 祝 工作顺利！ 香港海关联络员许志恒 【附件】：货物图片及 货运文件 2026 年 2 月 2 日""]}"
5,GDRM26-095,2026/GDRM26-095 查詢60號 1票懷疑兩用物項陸路貨物.zip,查詢,2026年2月3日,raw_cases/GDRM26-095/GDRM26-095查詢60號查詢1票懷疑兩用物項陸路貨物.pdf,page 1,否,,管制或两用物项; 通讯字段,"{""管制或两用物项"": [""两用物项"", ""许可证""], ""通讯字段"": [""联络""]}","{""管制或两用物项"": [""理专项联络员 查詢：2026年60号 叶坤先生 叶先生： 我方近日查验附件所列货物， 怀疑属于受内地管制的两用 物项。现将该票货物的货物图片及货运文件载于附件，烦请 贵 方协查以下事项： 一、 附件所列货物于内地出口時申报的货物名称、数量 及重量； 二、 货物是否属于受内地管制的两用物项； 三、 如是，货物于内地出口时有否提供出口许可证。 如 贵方根据相关信息查获案件，或情报分析时发现更多 与案件相关资料，烦请回馈我方。 祝 工作顺利！ 香港海关联络员许志恒 【附件】：货物图片及货运文件 2026年2月3日"", ""生： 我方近日查验附件所列货物， 怀疑属于受内地管制的两用 物项。现将该票货物的货物图片及货运文件载于附件，烦请 贵 方协查以下事项： 一、 附件所列货物于内地出口時申报的货物名称、数量 及重量； 二、 货物是否属于受内地管制的两用物项； 三、 如是，货物于内地出口时有否提供出口许可证。 如 贵方根据相关信息查获案件，或情报分析时发现更多 与案件相关资料，烦请回馈我方。 祝 工作顺利！ 香港海关联络员许志恒 【附件】：货物图片及货运文件 2026年2月3日""], ""通讯字段"": [""se Department 19/F, Customs Headquarters Building, 222 Java Road, North Point, Hong Kong FAX : (852) 3108 3464 海关总署 编号：GDRM26-095 广东分署风险管理专项联络员 查詢：2026年60号 叶坤先生 叶先生： 我方近日查验附件所列货物， 怀疑属于受内地管制的两用 物项。现将该票货物的货物图片及货运文件载于附件，烦请 贵 方协查以下事项： 一、 附件所列货物于内地出口時申报的货物名称、数量 及重量； 二、 货物是否属于受内地管制的两用物项；"", ""方协查以下事项： 一、 附件所列货物于内地出口時申报的货物名称、数量 及重量； 二、 货物是否属于受内地管制的两用物项； 三、 如是，货物于内地出口时有否提供出口许可证。 如 贵方根据相关信息查获案件，或情报分析时发现更多 与案件相关资料，烦请回馈我方。 祝 工作顺利！ 香港海关联络员许志恒 【附件】：货物图片及货运文件 2026年2月3日""]}"
5,GDRM26-100,2026/GDRM26-100 查詢63號 1票懷疑兩用物項空路貨物.zip,查詢,2026年2月5日,raw_cases/GDRM26-100/GDRM26-100查詢63號查詢1票懷疑兩用物項空路貨物.pdf,page 1,否,,管制或两用物项; 通讯字段,"{""管制或两用物项"": [""两用物项"", ""许可证""], ""通讯字段"": [""联络""]}","{""管制或两用物项"": [""理专项联络员 查詢：2026年63号 叶坤先生 叶先生： 我方近日查验附件所列货物， 怀疑属于受内地管制的两用 物项。现将该票货物的货物图片及货运文件载于附件，烦请 贵 方协查以下事项： 一、 附件所列货物于内地出口時申报的货物名称、数量 及重量； 二、 货物是否属于受内地管制的两用物项； 三、 如是，货物于内地出口时有否提供出口许可证。 如 贵方根据相关信息查获案件，或情报分析时发现更多 与案件相关资料，烦请回馈我方。 祝 工作顺利！ 香港海关联络员陈维基 【附件】：货物图片及货运文件 2026年2月5日"", ""生： 我方近日查验附件所列货物， 怀疑属于受内地管制的两用 物项。现将该票货物的货物图片及货运文件载于附件，烦请 贵 方协查以下事项： 一、 附件所列货物于内地出口時申报的货物名称、数量 及重量； 二、 货物是否属于受内地管制的两用物项； 三、 如是，货物于内地出口时有否提供出口许可证。 如 贵方根据相关信息查获案件，或情报分析时发现更多 与案件相关资料，烦请回馈我方。 祝 工作顺利！ 香港海关联络员陈维基 【附件】：货物图片及货运文件 2026年2月5日""], ""通讯字段"": [""se Department 19/F, Customs Headquarters Building, 222 Java Road, North Point, Hong Kong FAX : (852) 3108 3464 海关总署 编号：GDRM26-100 广东分署风险管理专项联络员 查詢：2026年63号 叶坤先生 叶先生： 我方近日查验附件所列货物， 怀疑属于受内地管制的两用 物项。现将该票货物的货物图片及货运文件载于附件，烦请 贵 方协查以下事项： 一、 附件所列货物于内地出口時申报的货物名称、数量 及重量； 二、 货物是否属于受内地管制的两用物项；"", ""方协查以下事项： 一、 附件所列货物于内地出口時申报的货物名称、数量 及重量； 二、 货物是否属于受内地管制的两用物项； 三、 如是，货物于内地出口时有否提供出口许可证。 如 贵方根据相关信息查获案件，或情报分析时发现更多 与案件相关资料，烦请回馈我方。 祝 工作顺利！ 香港海关联络员陈维基 【附件】：货物图片及货运文件 2026年2月5日""]}"
5,GDRM26-107,2026/GDRM26-107 查詢66號 1票懷疑兩用物項陸路貨物.zip,查詢,2026年2月6日,raw_cases/GDRM26-107/GDRM26-107查詢66號查詢1票懷疑兩用物項陸路貨物.pdf,page 1,否,,管制或两用物项; 通讯字段,"{""管制或两用物项"": [""两用物项"", ""许可证""], ""通讯字段"": [""联络""]}","{""管制或两用物项"": [""理专项联络员 查詢：2026年66号 叶坤先生 叶先生： 我方近日查验附件所列货物， 怀疑属于受内地管制的两用 物项。现将该票货物的货物图片及货运文件载于附件，烦请 贵 方协查以下事项： 一、 附件所列货物于内地出口時申报的货物名称、数量 及重量； 二、 货物是否属于受内地管制的两用物项； 三、 如是，货物于内地出口时有否提供出口许可证。 如 贵方根据相关信息查获案件，或情报分析时发现更多 与案件相关资料，烦请回馈我方。 祝 工作顺利！ 香港海关联络员陈维基 【附件】：货物图片及货运文件 2026年2月6日"", ""生： 我方近日查验附件所列货物， 怀疑属于受内地管制的两用 物项。现将该票货物的货物图片及货运文件载于附件，烦请 贵 方协查以下事项： 一、 附件所列货物于内地出口時申报的货物名称、数量 及重量； 二、 货物是否属于受内地管制的两用物项； 三、 如是，货物于内地出口时有否提供出口许可证。 如 贵方根据相关信息查获案件，或情报分析时发现更多 与案件相关资料，烦请回馈我方。 祝 工作顺利！ 香港海关联络员陈维基 【附件】：货物图片及货运文件 2026年2月6日""], ""通讯字段"": [""se Department 19/F, Customs Headquarters Building, 222 Java Road, North Point, Hong Kong FAX : (852) 3108 3464 海关总署 编号：GDRM26-107 广东分署风险管理专项联络员 查詢：2026年66号 叶坤先生 叶先生： 我方近日查验附件所列货物， 怀疑属于受内地管制的两用 物项。现将该票货物的货物图片及货运文件载于附件，烦请 贵 方协查以下事项： 一、 附件所列货物于内地出口時申报的货物名称、数量 及重量； 二、 货物是否属于受内地管制的两用物项；"", ""方协查以下事项： 一、 附件所列货物于内地出口時申报的货物名称、数量 及重量； 二、 货物是否属于受内地管制的两用物项； 三、 如是，货物于内地出口时有否提供出口许可证。 如 贵方根据相关信息查获案件，或情报分析时发现更多 与案件相关资料，烦请回馈我方。 祝 工作顺利！ 香港海关联络员陈维基 【附件】：货物图片及货运文件 2026年2月6日""]}"
5,GDRM26-110,2026/GDRM26-110 查詢69號 1票懷疑兩用物項空路貨物.zip,查詢,,raw_cases/GDRM26-110/GDRM26-110查詢69號 一票懷疑兩用物項空路貨物.pdf,page 1,否,,管制或两用物项; 通讯字段,"{""管制或两用物项"": [""两用物项"", ""许可证""], ""通讯字段"": [""联络""]}","{""管制或两用物项"": [""员 查詢：2026 年 69 号 叶坤先生 叶先生： 我方近日查验附件所列货物， 怀疑属于受内地管制的两用 物项。现将该票货物的货物图片及 货运文件载于附件，烦请 贵 方协查以下事项： 一、 附件所列货物于内地出口時 申报的货物名称、数量 及重量； 二、 货物是否属于受内地管制的两用物项； 三、 如是，货物于内地出口时有否提供出口许可证。 如 贵方根据相关信息查获案件，或情报分析时发现更多 与案件相关资料，烦请回馈我方。 祝 工作顺利！ 香港海关联络员陈维基 【附件】：货物图片及 货运文件 2026 年 2 月 9 日"", ""我方近日查验附件所列货物， 怀疑属于受内地管制的两用 物项。现将该票货物的货物图片及 货运文件载于附件，烦请 贵 方协查以下事项： 一、 附件所列货物于内地出口時 申报的货物名称、数量 及重量； 二、 货物是否属于受内地管制的两用物项； 三、 如是，货物于内地出口时有否提供出口许可证。 如 贵方根据相关信息查获案件，或情报分析时发现更多 与案件相关资料，烦请回馈我方。 祝 工作顺利！ 香港海关联络员陈维基 【附件】：货物图片及 货运文件 2026 年 2 月 9 日""], ""通讯字段"": [""se Department 19/F, Customs Headquarters Building, 222 Java Road, North Point, Hong Kong FAX : (852) 3108 3464 海关总署 编号：GDRM26-110 广东分署风险管理专项联络员 查詢：2026 年 69 号 叶坤先生 叶先生： 我方近日查验附件所列货物， 怀疑属于受内地管制的两用 物项。现将该票货物的货物图片及 货运文件载于附件，烦请 贵 方协查以下事项： 一、 附件所列货物于内地出口時 申报的货物名称、数量 及重量； 二、 货物是否属于受内地管制的"", ""协查以下事项： 一、 附件所列货物于内地出口時 申报的货物名称、数量 及重量； 二、 货物是否属于受内地管制的两用物项； 三、 如是，货物于内地出口时有否提供出口许可证。 如 贵方根据相关信息查获案件，或情报分析时发现更多 与案件相关资料，烦请回馈我方。 祝 工作顺利！ 香港海关联络员陈维基 【附件】：货物图片及 货运文件 2026 年 2 月 9 日""]}"
5,GDRM26-111,2026/GDRM26-111 查詢70號 1票懷疑兩用物項陸路貨物.zip,查詢,,raw_cases/GDRM26-111/GDRM26-111查詢70號1票懷疑兩用物項陸路貨物.pdf,page 1,否,,管制或两用物项; 通讯字段,"{""管制或两用物项"": [""两用物项"", ""许可证""], ""通讯字段"": [""联络""]}","{""管制或两用物项"": [""查詢：2026 年 70 号 叶坤先生 叶先生： 我方近日查验附件所列货物， 怀疑属于受内地管制的两用 物项。现将该票货物的货物图片 及 货运文件载于附件，烦请 贵 方协查以下事项： 一、 附件所列货物于内地 出口時 申报的货物名称、数量 及重量； 二、 货物是否属于受内地管制的两用物项； 三、 如是，货物于内地出口时有否提供出口许可证。 如 贵方根据相关信息查获案件，或情报分析时发现更多 与案件相关资料，烦请回馈我方。 祝 工作顺利！ 香港海关联络员陈维基 【附件】：货物图片及 货运文件 2026 年 2 月 9 日"", ""方近日查验附件所列货物， 怀疑属于受内地管制的两用 物项。现将该票货物的货物图片 及 货运文件载于附件，烦请 贵 方协查以下事项： 一、 附件所列货物于内地 出口時 申报的货物名称、数量 及重量； 二、 货物是否属于受内地管制的两用物项； 三、 如是，货物于内地出口时有否提供出口许可证。 如 贵方根据相关信息查获案件，或情报分析时发现更多 与案件相关资料，烦请回馈我方。 祝 工作顺利！ 香港海关联络员陈维基 【附件】：货物图片及 货运文件 2026 年 2 月 9 日""], ""通讯字段"": [""se Department 19/F, Customs Headquarters Building, 222 Java Road, North Point, Hong Kong FAX : (852) 3108 3464 海关总署 编号：GDRM26-111 广东分署风险管理专项联络员 查詢：2026 年 70 号 叶坤先生 叶先生： 我方近日查验附件所列货物， 怀疑属于受内地管制的两用 物项。现将该票货物的货物图片 及 货运文件载于附件，烦请 贵 方协查以下事项： 一、 附件所列货物于内地 出口時 申报的货物名称、数量 及重量； 二、 货物是否属于受内地管"", ""查以下事项： 一、 附件所列货物于内地 出口時 申报的货物名称、数量 及重量； 二、 货物是否属于受内地管制的两用物项； 三、 如是，货物于内地出口时有否提供出口许可证。 如 贵方根据相关信息查获案件，或情报分析时发现更多 与案件相关资料，烦请回馈我方。 祝 工作顺利！ 香港海关联络员陈维基 【附件】：货物图片及 货运文件 2026 年 2 月 9 日""]}"
5,GDRM26-112,2026/GDRM26-112 查詢71號 3票懷疑兩用物項陸路貨物.zip,查詢,,raw_cases/GDRM26-112/GDRM26-112查詢71號查詢3票懷疑兩用物項陸路貨物.pdf,page 1,否,,管制或两用物项; 通讯字段,"{""管制或两用物项"": [""两用物项"", ""许可证""], ""通讯字段"": [""联络""]}","{""管制或两用物项"": [""查詢：2026 年 71 号 叶坤先生 叶先生： 我方近日查验附件所列货物， 怀疑属于受内地管制的两用 物项。现将该票货物的货物图片 及 货运文件载于附件，烦请 贵 方协查以下事项： 一、 附件所列货物于内地 出口時 申报的货物名称、数量 及重量； 二、 货物是否属于受内地管制的两用物项； 三、 如是，货物于内地出口时有否提供出口许可证。 如 贵方根据相关信息查获案件，或情报分析时发现更多 与案件相关资料，烦请回馈我方。 祝 工作顺利！ 香港海关联络员陈维基 【附件】：货物图片及 货运文件 2026 年 2 月 9 日"", ""方近日查验附件所列货物， 怀疑属于受内地管制的两用 物项。现将该票货物的货物图片 及 货运文件载于附件，烦请 贵 方协查以下事项： 一、 附件所列货物于内地 出口時 申报的货物名称、数量 及重量； 二、 货物是否属于受内地管制的两用物项； 三、 如是，货物于内地出口时有否提供出口许可证。 如 贵方根据相关信息查获案件，或情报分析时发现更多 与案件相关资料，烦请回馈我方。 祝 工作顺利！ 香港海关联络员陈维基 【附件】：货物图片及 货运文件 2026 年 2 月 9 日""], ""通讯字段"": [""se Department 19/F, Customs Headquarters Building, 222 Java Road, North Point, Hong Kong FAX : (852) 3108 3464 海关总署 编号：GDRM26-112 广东分署风险管理专项联络员 查詢：2026 年 71 号 叶坤先生 叶先生： 我方近日查验附件所列货物， 怀疑属于受内地管制的两用 物项。现将该票货物的货物图片 及 货运文件载于附件，烦请 贵 方协查以下事项： 一、 附件所列货物于内地 出口時 申报的货物名称、数量 及重量； 二、 货物是否属于受内地管"", ""查以下事项： 一、 附件所列货物于内地 出口時 申报的货物名称、数量 及重量； 二、 货物是否属于受内地管制的两用物项； 三、 如是，货物于内地出口时有否提供出口许可证。 如 贵方根据相关信息查获案件，或情报分析时发现更多 与案件相关资料，烦请回馈我方。 祝 工作顺利！ 香港海关联络员陈维基 【附件】：货物图片及 货运文件 2026 年 2 月 9 日""]}"
5,GDRM26-116,2026/GDRM26-116 回覆9號 一宗空路走私香煙案件（成效）.zip,情报,,raw_cases/GDRM26-116/GDRM26-116回覆9號 一宗空路走私香煙案件.pdf,page 1,否,,明确藏匿或未申报; 通讯字段,"{""明确藏匿或未申报"": [""走私""], ""通讯字段"": [""联络""]}","{""明确藏匿或未申报"": [""g Kong FAX : (852) 3108 3464 海关总署 编号：GDRM26-116 广东分署风险管理专项联络员 回复：2026 年 9 号 叶坤先生 叶先生： 贵方来函 粤风 26-020 情报 8 号收悉。 早前我方根据风险管理司精准情报， 成功破获一起 空路香 烟走私案件。 现将相关案件资料及检获物品图片载于附件， 作情 报参考之用。 如 贵方根据相关信息查获案件，或情报分析时发现更多 与案件相关资料，烦请回馈我方。 祝 工作顺利！ 香港海关联络员 陈维基 【附件一】：案件资料 【附件二】：案件检获物品图片 2026 年 2 月 10 日""], ""通讯字段"": [""se Department 19/F, Customs Headquarters Building, 222 Java Road, North Point, Hong Kong FAX : (852) 3108 3464 海关总署 编号：GDRM26-116 广东分署风险管理专项联络员 回复：2026 年 9 号 叶坤先生 叶先生： 贵方来函 粤风 26-020 情报 8 号收悉。 早前我方根据风险管理司精准情报， 成功破获一起 空路香 烟走私案件。 现将相关案件资料及检获物品图片载于附件， 作情 报参考之用。 如 贵方根据相关信息查获案件，或情报分析时发现"", ""粤风 26-020 情报 8 号收悉。 早前我方根据风险管理司精准情报， 成功破获一起 空路香 烟走私案件。 现将相关案件资料及检获物品图片载于附件， 作情 报参考之用。 如 贵方根据相关信息查获案件，或情报分析时发现更多 与案件相关资料，烦请回馈我方。 祝 工作顺利！ 香港海关联络员 陈维基 【附件一】：案件资料 【附件二】：案件检获物品图片 2026 年 2 月 10 日""]}"
5,GDRM26-117,2026/GDRM26-117 查詢74號 1票懷疑兩用物項空路貨物.zip,查詢,2026年2月10日,raw_cases/GDRM26-117/GDRM26-117查詢74號查詢1票懷疑兩用物項空路貨物.pdf,page 1,否,,管制或两用物项; 通讯字段,"{""管制或两用物项"": [""两用物项"", ""许可证""], ""通讯字段"": [""联络""]}","{""管制或两用物项"": [""理专项联络员 查詢：2026年74号 叶坤先生 叶先生： 我方近日查验附件所列货物， 怀疑属于受内地管制的两用 物项。现将该票货物的货物图片及货运文件载于附件，烦请 贵 方协查以下事项： 一、 附件所列货物于内地出口時申报的货物名称、数量 及重量； 二、 货物是否属于受内地管制的两用物项； 三、 如是，货物于内地出口时有否提供出口许可证。 如 贵方根据相关信息查获案件，或情报分析时发现更多 与案件相关资料，烦请回馈我方。 祝 工作顺利！ 香港海关联络员陈维基 【附件】：货物图片及货运文件 2026年2月10日"", ""生： 我方近日查验附件所列货物， 怀疑属于受内地管制的两用 物项。现将该票货物的货物图片及货运文件载于附件，烦请 贵 方协查以下事项： 一、 附件所列货物于内地出口時申报的货物名称、数量 及重量； 二、 货物是否属于受内地管制的两用物项； 三、 如是，货物于内地出口时有否提供出口许可证。 如 贵方根据相关信息查获案件，或情报分析时发现更多 与案件相关资料，烦请回馈我方。 祝 工作顺利！ 香港海关联络员陈维基 【附件】：货物图片及货运文件 2026年2月10日""], ""通讯字段"": [""se Department 19/F, Customs Headquarters Building, 222 Java Road, North Point, Hong Kong FAX : (852) 3108 3464 海关总署 编号：GDRM26-117 广东分署风险管理专项联络员 查詢：2026年74号 叶坤先生 叶先生： 我方近日查验附件所列货物， 怀疑属于受内地管制的两用 物项。现将该票货物的货物图片及货运文件载于附件，烦请 贵 方协查以下事项： 一、 附件所列货物于内地出口時申报的货物名称、数量 及重量； 二、 货物是否属于受内地管制的两用物项；"", ""方协查以下事项： 一、 附件所列货物于内地出口時申报的货物名称、数量 及重量； 二、 货物是否属于受内地管制的两用物项； 三、 如是，货物于内地出口时有否提供出口许可证。 如 贵方根据相关信息查获案件，或情报分析时发现更多 与案件相关资料，烦请回馈我方。 祝 工作顺利！ 香港海关联络员陈维基 【附件】：货物图片及货运文件 2026年2月10日""]}"
5,GDRM26-121,2026/GDRM26-121 查詢77號 1票懷疑兩用物項空路貨物.zip,查詢,2026年2月11日,raw_cases/GDRM26-121/GDRM26-121查詢77號查詢1票懷疑兩用物項空路貨物.pdf,page 1,否,,管制或两用物项; 通讯字段,"{""管制或两用物项"": [""两用物项"", ""许可证""], ""通讯字段"": [""联络""]}","{""管制或两用物项"": [""理专项联络员 查詢：2026年77号 叶坤先生 叶先生： 我方近日查验附件所列货物， 怀疑属于受内地管制的两用 物项。现将该票货物的货物图片及货运文件载于附件，烦请 贵 方协查以下事项： 一、 附件所列货物于内地出口時申报的货物名称、数量 及重量； 二、 货物是否属于受内地管制的两用物项； 三、 如是，货物于内地出口时有否提供出口许可证。 如 贵方根据相关信息查获案件，或情报分析时发现更多 与案件相关资料，烦请回馈我方。 祝 工作顺利！ 香港海关联络员陈维基 【附件】：货物图片及货运文件 2026年2月11日"", ""生： 我方近日查验附件所列货物， 怀疑属于受内地管制的两用 物项。现将该票货物的货物图片及货运文件载于附件，烦请 贵 方协查以下事项： 一、 附件所列货物于内地出口時申报的货物名称、数量 及重量； 二、 货物是否属于受内地管制的两用物项； 三、 如是，货物于内地出口时有否提供出口许可证。 如 贵方根据相关信息查获案件，或情报分析时发现更多 与案件相关资料，烦请回馈我方。 祝 工作顺利！ 香港海关联络员陈维基 【附件】：货物图片及货运文件 2026年2月11日""], ""通讯字段"": [""se Department 19/F, Customs Headquarters Building, 222 Java Road, North Point, Hong Kong FAX : (852) 3108 3464 海关总署 编号：GDRM26-121 广东分署风险管理专项联络员 查詢：2026年77号 叶坤先生 叶先生： 我方近日查验附件所列货物， 怀疑属于受内地管制的两用 物项。现将该票货物的货物图片及货运文件载于附件，烦请 贵 方协查以下事项： 一、 附件所列货物于内地出口時申报的货物名称、数量 及重量； 二、 货物是否属于受内地管制的两用物项；"", ""方协查以下事项： 一、 附件所列货物于内地出口時申报的货物名称、数量 及重量； 二、 货物是否属于受内地管制的两用物项； 三、 如是，货物于内地出口时有否提供出口许可证。 如 贵方根据相关信息查获案件，或情报分析时发现更多 与案件相关资料，烦请回馈我方。 祝 工作顺利！ 香港海关联络员陈维基 【附件】：货物图片及货运文件 2026年2月11日""]}"
5,GDRM26-123,2026/GDRM26-123 查詢79號 1票懷疑兩用物項陸路貨物.zip,查詢,2026年2月12日,raw_cases/GDRM26-123/GDRM26-123查詢79號查詢1票懷疑兩用物項陸路貨物.pdf,page 1,否,,管制或两用物项; 通讯字段,"{""管制或两用物项"": [""两用物项"", ""许可证""], ""通讯字段"": [""联络""]}","{""管制或两用物项"": [""理专项联络员 查詢：2026年79号 叶坤先生 叶先生： 我方近日查验附件所列货物， 怀疑属于受内地管制的两用 物项。现将该票货物的货物图片及货运文件载于附件，烦请 贵 方协查以下事项： 一、 附件所列货物于内地出口時申报的货物名称、数量 及重量； 二、 货物是否属于受内地管制的两用物项； 三、 如是，货物于内地出口时有否提供出口许可证。 如 贵方根据相关信息查获案件，或情报分析时发现更多 与案件相关资料，烦请回馈我方。 祝 工作顺利！ 香港海关联络员陈维基 【附件】：货物图片及货运文件 2026年2月12日"", ""生： 我方近日查验附件所列货物， 怀疑属于受内地管制的两用 物项。现将该票货物的货物图片及货运文件载于附件，烦请 贵 方协查以下事项： 一、 附件所列货物于内地出口時申报的货物名称、数量 及重量； 二、 货物是否属于受内地管制的两用物项； 三、 如是，货物于内地出口时有否提供出口许可证。 如 贵方根据相关信息查获案件，或情报分析时发现更多 与案件相关资料，烦请回馈我方。 祝 工作顺利！ 香港海关联络员陈维基 【附件】：货物图片及货运文件 2026年2月12日""], ""通讯字段"": [""se Department 19/F, Customs Headquarters Building, 222 Java Road, North Point, Hong Kong FAX : (852) 3108 3464 海关总署 编号：GDRM26-123 广东分署风险管理专项联络员 查詢：2026年79号 叶坤先生 叶先生： 我方近日查验附件所列货物， 怀疑属于受内地管制的两用 物项。现将该票货物的货物图片及货运文件载于附件，烦请 贵 方协查以下事项： 一、 附件所列货物于内地出口時申报的货物名称、数量 及重量； 二、 货物是否属于受内地管制的两用物项；"", ""方协查以下事项： 一、 附件所列货物于内地出口時申报的货物名称、数量 及重量； 二、 货物是否属于受内地管制的两用物项； 三、 如是，货物于内地出口时有否提供出口许可证。 如 贵方根据相关信息查获案件，或情报分析时发现更多 与案件相关资料，烦请回馈我方。 祝 工作顺利！ 香港海关联络员陈维基 【附件】：货物图片及货运文件 2026年2月12日""]}"
5,GDRM26-131,2026/GDRM26-131查詢83號1票懷疑兩用物項陸路貨物.zip,查詢,,raw_cases/GDRM26-131/GDRM26-131查詢83號1票懷疑兩用物項陸路貨物.pdf,page 1,否,,管制或两用物项; 通讯字段,"{""管制或两用物项"": [""两用物项"", ""许可证""], ""通讯字段"": [""联络""]}","{""管制或两用物项"": [""员 查詢：2026 年 83 号 叶坤先生 叶先生： 我方近日查验附件所列货物， 怀疑属于受内地管制的两用 物项。现将该票货物的货物图片及 货运文件载于附件，烦请 贵 方协查以下事项： 一、 附件所列货物于内地出口時 申报的货物名称、数量 及重量； 二、 货物是否属于受内地管制的两用物项； 三、 如是，货物于内地出口时有否提供出口许可证。 如 贵方根据相关信息查获案件，或情报分析时发现更多 与案件相关资料，烦请回馈我方。 祝 工作顺利！ 香港海关联络员许志恒 【附件】：货物图片及 货运文件 2026 年 2 月 23 日"", ""我方近日查验附件所列货物， 怀疑属于受内地管制的两用 物项。现将该票货物的货物图片及 货运文件载于附件，烦请 贵 方协查以下事项： 一、 附件所列货物于内地出口時 申报的货物名称、数量 及重量； 二、 货物是否属于受内地管制的两用物项； 三、 如是，货物于内地出口时有否提供出口许可证。 如 贵方根据相关信息查获案件，或情报分析时发现更多 与案件相关资料，烦请回馈我方。 祝 工作顺利！ 香港海关联络员许志恒 【附件】：货物图片及 货运文件 2026 年 2 月 23 日""], ""通讯字段"": [""se Department 19/F, Customs Headquarters Building, 222 Java Road, North Point, Hong Kong FAX : (852) 3108 3464 海关总署 编号：GDRM26-131 广东分署风险管理专项联络员 查詢：2026 年 83 号 叶坤先生 叶先生： 我方近日查验附件所列货物， 怀疑属于受内地管制的两用 物项。现将该票货物的货物图片及 货运文件载于附件，烦请 贵 方协查以下事项： 一、 附件所列货物于内地出口時 申报的货物名称、数量 及重量； 二、 货物是否属于受内地管制的"", ""协查以下事项： 一、 附件所列货物于内地出口時 申报的货物名称、数量 及重量； 二、 货物是否属于受内地管制的两用物项； 三、 如是，货物于内地出口时有否提供出口许可证。 如 贵方根据相关信息查获案件，或情报分析时发现更多 与案件相关资料，烦请回馈我方。 祝 工作顺利！ 香港海关联络员许志恒 【附件】：货物图片及 货运文件 2026 年 2 月 23 日""]}"
5,GDRM26-132,2026/GDRM26-132 查詢84號 1票懷疑兩用物項陸路貨物.zip,查詢,,raw_cases/GDRM26-132/GDRM26-132查詢84號查詢1票懷疑兩用物項陸路貨物.pdf,page 1,否,,管制或两用物项; 通讯字段,"{""管制或两用物项"": [""两用物项"", ""许可证""], ""通讯字段"": [""联络""]}","{""管制或两用物项"": [""查詢：2026 年 84 号 叶坤先生 叶先生： 我方近日查验附件所列货物， 怀疑属于受内地管制的两用 物项。现将该票货物的货物图片 及 货运文件载于附件，烦请 贵 方协查以下事项： 一、 附件所列货物于内地 出口時 申报的货物名称、数量 及重量； 二、 货物是否属于受内地管制的两用物项； 三、 如是，货物于内地出口时有否提供出口许可证。 如 贵方根据相关信息查获案件，或情报分析时发现更多 与案件相关资料，烦请回馈我方。 祝 工作顺利！ 香港海关联络员陈维基 【附件】：货物图片及 货运文件 2026 年 2 月 13 日"", ""方近日查验附件所列货物， 怀疑属于受内地管制的两用 物项。现将该票货物的货物图片 及 货运文件载于附件，烦请 贵 方协查以下事项： 一、 附件所列货物于内地 出口時 申报的货物名称、数量 及重量； 二、 货物是否属于受内地管制的两用物项； 三、 如是，货物于内地出口时有否提供出口许可证。 如 贵方根据相关信息查获案件，或情报分析时发现更多 与案件相关资料，烦请回馈我方。 祝 工作顺利！ 香港海关联络员陈维基 【附件】：货物图片及 货运文件 2026 年 2 月 13 日""], ""通讯字段"": [""se Department 19/F, Customs Headquarters Building, 222 Java Road, North Point, Hong Kong FAX : (852) 3108 3464 海关总署 编号：GDRM26-132 广东分署风险管理专项联络员 查詢：2026 年 84 号 叶坤先生 叶先生： 我方近日查验附件所列货物， 怀疑属于受内地管制的两用 物项。现将该票货物的货物图片 及 货运文件载于附件，烦请 贵 方协查以下事项： 一、 附件所列货物于内地 出口時 申报的货物名称、数量 及重量； 二、 货物是否属于受内地管"", ""查以下事项： 一、 附件所列货物于内地 出口時 申报的货物名称、数量 及重量； 二、 货物是否属于受内地管制的两用物项； 三、 如是，货物于内地出口时有否提供出口许可证。 如 贵方根据相关信息查获案件，或情报分析时发现更多 与案件相关资料，烦请回馈我方。 祝 工作顺利！ 香港海关联络员陈维基 【附件】：货物图片及 货运文件 2026 年 2 月 13 日""]}"
5,GDRM26-133,2026/GDRM26-133 查詢85號 1票懷疑兩用物項空路貨物.zip,查詢,,raw_cases/GDRM26-133/GDRM26-133查詢85號 1票懷疑兩用物項陸路貨物.pdf,page 1,否,,管制或两用物项; 通讯字段,"{""管制或两用物项"": [""两用物项"", ""许可证""], ""通讯字段"": [""联络""]}","{""管制或两用物项"": [""项联络员 查詢：2026年 85号 叶坤先生 叶先生： 我方近日查验附件所列货物， 怀疑属于受内地管制的两用 物项。现将该票货物的货物图片及货运文件载于附件，烦请 贵 方协查以下事项： 一、 附件所列货物于内地出口 時申报的货物名称、数量 及重量； 二、 货物是否属于受内地管制的两用物项； 三、 如是，货物于内地出口时有否提供出口许可证。 如 贵方根据相关信息查获案件，或情报分析时发现更多 与案件相关资料，烦请回馈我方。 祝 工作顺利！ 香港海关联络员陈维基 【附件】：货物图片及货运文件 2026 年 2月 13 日"", ""： 我方近日查验附件所列货物， 怀疑属于受内地管制的两用 物项。现将该票货物的货物图片及货运文件载于附件，烦请 贵 方协查以下事项： 一、 附件所列货物于内地出口 時申报的货物名称、数量 及重量； 二、 货物是否属于受内地管制的两用物项； 三、 如是，货物于内地出口时有否提供出口许可证。 如 贵方根据相关信息查获案件，或情报分析时发现更多 与案件相关资料，烦请回馈我方。 祝 工作顺利！ 香港海关联络员陈维基 【附件】：货物图片及货运文件 2026 年 2月 13 日""], ""通讯字段"": [""se Department 19/F, Customs Headquarters Building, 222 Java Road, North Point, Hong Kong FAX : (852) 3108 3464 海关总署 编号：GDRM26-133 广东分署风险管理专项联络员 查詢：2026年 85号 叶坤先生 叶先生： 我方近日查验附件所列货物， 怀疑属于受内地管制的两用 物项。现将该票货物的货物图片及货运文件载于附件，烦请 贵 方协查以下事项： 一、 附件所列货物于内地出口 時申报的货物名称、数量 及重量； 二、 货物是否属于受内地管制的两用物"", ""协查以下事项： 一、 附件所列货物于内地出口 時申报的货物名称、数量 及重量； 二、 货物是否属于受内地管制的两用物项； 三、 如是，货物于内地出口时有否提供出口许可证。 如 贵方根据相关信息查获案件，或情报分析时发现更多 与案件相关资料，烦请回馈我方。 祝 工作顺利！ 香港海关联络员陈维基 【附件】：货物图片及货运文件 2026 年 2月 13 日""]}"
5,GDRM26-134,2026/GDRM26-134 查詢86號 1票懷疑兩用物項陸路貨物.zip,查詢,2026年2月13日,raw_cases/GDRM26-134/GDRM26-134查詢86號查詢1票懷疑兩用物項陸路貨物.pdf,page 1,否,,管制或两用物项; 通讯字段,"{""管制或两用物项"": [""两用物项"", ""许可证""], ""通讯字段"": [""联络""]}","{""管制或两用物项"": [""理专项联络员 查詢：2026年86号 叶坤先生 叶先生： 我方近日查验附件所列货物， 怀疑属于受内地管制的两用 物项。现将该票货物的货物图片及货运文件载于附件，烦请 贵 方协查以下事项： 一、 附件所列货物于内地出口時申报的货物名称、数量 及重量； 二、 货物是否属于受内地管制的两用物项； 三、 如是，货物于内地出口时有否提供出口许可证。 如 贵方根据相关信息查获案件，或情报分析时发现更多 与案件相关资料，烦请回馈我方。 祝 工作顺利！ 香港海关联络员陈维基 【附件】：货物图片及货运文件 2026年2月13日"", ""生： 我方近日查验附件所列货物， 怀疑属于受内地管制的两用 物项。现将该票货物的货物图片及货运文件载于附件，烦请 贵 方协查以下事项： 一、 附件所列货物于内地出口時申报的货物名称、数量 及重量； 二、 货物是否属于受内地管制的两用物项； 三、 如是，货物于内地出口时有否提供出口许可证。 如 贵方根据相关信息查获案件，或情报分析时发现更多 与案件相关资料，烦请回馈我方。 祝 工作顺利！ 香港海关联络员陈维基 【附件】：货物图片及货运文件 2026年2月13日""], ""通讯字段"": [""se Department 19/F, Customs Headquarters Building, 222 Java Road, North Point, Hong Kong FAX : (852) 3108 3464 海关总署 编号：GDRM26-134 广东分署风险管理专项联络员 查詢：2026年86号 叶坤先生 叶先生： 我方近日查验附件所列货物， 怀疑属于受内地管制的两用 物项。现将该票货物的货物图片及货运文件载于附件，烦请 贵 方协查以下事项： 一、 附件所列货物于内地出口時申报的货物名称、数量 及重量； 二、 货物是否属于受内地管制的两用物项；"", ""方协查以下事项： 一、 附件所列货物于内地出口時申报的货物名称、数量 及重量； 二、 货物是否属于受内地管制的两用物项； 三、 如是，货物于内地出口时有否提供出口许可证。 如 贵方根据相关信息查获案件，或情报分析时发现更多 与案件相关资料，烦请回馈我方。 祝 工作顺利！ 香港海关联络员陈维基 【附件】：货物图片及货运文件 2026年2月13日""]}"
5,GDRM26-137,2026/GDRM26-137 查詢88號1票懷疑兩用物項空路貨物.zip,查詢,,raw_cases/GDRM26-137/GDRM26-137 查詢88號1票懷疑兩用物項空路貨物.pdf,page 1,否,,管制或两用物项; 通讯字段,"{""管制或两用物项"": [""两用物项"", ""许可证""], ""通讯字段"": [""联络""]}","{""管制或两用物项"": [""员 查詢：2026 年 88 号 叶坤先生 叶先生： 我方近日查验附件所列货物， 怀疑属于受内地管制的两用 物项。现将该票货物的货物图片及 货运文件载于附件，烦请 贵 方协查以下事项： 一、 附件所列货物于内地出口時 申报的货物名称、数量 及重量； 二、 货物是否属于受内地管制的两用物项； 三、 如是，货物于内地出口时有否提供出口许可证。 如 贵方根据相关信息查获案件，或情报分析时发现更多 与案件相关资料，烦请回馈我方。 祝 工作顺利！ 香港海关联络员许志恒 【附件】：货物图片及 货运文件 2026 年 2 月 16 日"", ""我方近日查验附件所列货物， 怀疑属于受内地管制的两用 物项。现将该票货物的货物图片及 货运文件载于附件，烦请 贵 方协查以下事项： 一、 附件所列货物于内地出口時 申报的货物名称、数量 及重量； 二、 货物是否属于受内地管制的两用物项； 三、 如是，货物于内地出口时有否提供出口许可证。 如 贵方根据相关信息查获案件，或情报分析时发现更多 与案件相关资料，烦请回馈我方。 祝 工作顺利！ 香港海关联络员许志恒 【附件】：货物图片及 货运文件 2026 年 2 月 16 日""], ""通讯字段"": [""se Department 19/F, Customs Headquarters Building, 222 Java Road, North Point, Hong Kong FAX : (852) 3108 3464 海关总署 编号：GDRM26-137 广东分署风险管理专项联络员 查詢：2026 年 88 号 叶坤先生 叶先生： 我方近日查验附件所列货物， 怀疑属于受内地管制的两用 物项。现将该票货物的货物图片及 货运文件载于附件，烦请 贵 方协查以下事项： 一、 附件所列货物于内地出口時 申报的货物名称、数量 及重量； 二、 货物是否属于受内地管制的"", ""协查以下事项： 一、 附件所列货物于内地出口時 申报的货物名称、数量 及重量； 二、 货物是否属于受内地管制的两用物项； 三、 如是，货物于内地出口时有否提供出口许可证。 如 贵方根据相关信息查获案件，或情报分析时发现更多 与案件相关资料，烦请回馈我方。 祝 工作顺利！ 香港海关联络员许志恒 【附件】：货物图片及 货运文件 2026 年 2 月 16 日""]}"
5,GDRM26-138,2026/GDRM26-138查詢89號2票懷疑兩用物項陸路貨物.zip,查詢,2026年2月16日,raw_cases/GDRM26-138/GDRM26-138查詢89號2票懷疑兩用物項陸路貨物.pdf,page 1,否,,管制或两用物项; 通讯字段,"{""管制或两用物项"": [""两用物项"", ""许可证""], ""通讯字段"": [""联络""]}","{""管制或两用物项"": [""理专项联络员 查詢：2026年89号 叶坤先生 叶先生： 我方近日查验附件所列货物， 怀疑属于受内地管制的两用 物项。现将该票货物的货物图片及货运文件载于附件，烦请 贵 方协查以下事项： 一、 附件所列货物于内地出口時申报的货物名称、数量 及重量； 二、 货物是否属于受内地管制的两用物项； 三、 如是，货物于内地出口时有否提供出口许可证。 如 贵方根据相关信息查获案件，或情报分析时发现更多 与案件相关资料，烦请回馈我方。 祝 工作顺利！ 香港海关联络员许志恒 【附件】：货物图片及货运文件 2026年2月16日"", ""生： 我方近日查验附件所列货物， 怀疑属于受内地管制的两用 物项。现将该票货物的货物图片及货运文件载于附件，烦请 贵 方协查以下事项： 一、 附件所列货物于内地出口時申报的货物名称、数量 及重量； 二、 货物是否属于受内地管制的两用物项； 三、 如是，货物于内地出口时有否提供出口许可证。 如 贵方根据相关信息查获案件，或情报分析时发现更多 与案件相关资料，烦请回馈我方。 祝 工作顺利！ 香港海关联络员许志恒 【附件】：货物图片及货运文件 2026年2月16日""], ""通讯字段"": [""se Department 19/F, Customs Headquarters Building, 222 Java Road, North Point, Hong Kong FAX : (852) 3108 3464 海关总署 编号：GDRM26-138 广东分署风险管理专项联络员 查詢：2026年89号 叶坤先生 叶先生： 我方近日查验附件所列货物， 怀疑属于受内地管制的两用 物项。现将该票货物的货物图片及货运文件载于附件，烦请 贵 方协查以下事项： 一、 附件所列货物于内地出口時申报的货物名称、数量 及重量； 二、 货物是否属于受内地管制的两用物项；"", ""方协查以下事项： 一、 附件所列货物于内地出口時申报的货物名称、数量 及重量； 二、 货物是否属于受内地管制的两用物项； 三、 如是，货物于内地出口时有否提供出口许可证。 如 贵方根据相关信息查获案件，或情报分析时发现更多 与案件相关资料，烦请回馈我方。 祝 工作顺利！ 香港海关联络员许志恒 【附件】：货物图片及货运文件 2026年2月16日""]}"
5,GDRM26-142,2026/GDRM26-142 查詢93號1票懷疑兩用物項空路貨物.zip,查詢,,raw_cases/GDRM26-142/GDRM26-142 查詢93號1票懷疑兩用物項空路貨物.pdf,page 1,否,,管制或两用物项; 通讯字段,"{""管制或两用物项"": [""两用物项"", ""许可证""], ""通讯字段"": [""联络""]}","{""管制或两用物项"": [""员 查詢：2026 年 93 号 叶坤先生 叶先生： 我方近日查验附件所列货物， 怀疑属于受内地管制的两用 物项。现将该票货物的货物图片及 货运文件载于附件，烦请 贵 方协查以下事项： 一、 附件所列货物于内地出口時 申报的货物名称、数量 及重量； 二、 货物是否属于受内地管制的两用物项； 三、 如是，货物于内地出口时有否提供出口许可证。 如 贵方根据相关信息查获案件，或情报分析时发现更多 与案件相关资料，烦请回馈我方。 祝 工作顺利！ 香港海关联络员许志恒 【附件】：货物图片及 货运文件 2026 年 2 月 16 日"", ""我方近日查验附件所列货物， 怀疑属于受内地管制的两用 物项。现将该票货物的货物图片及 货运文件载于附件，烦请 贵 方协查以下事项： 一、 附件所列货物于内地出口時 申报的货物名称、数量 及重量； 二、 货物是否属于受内地管制的两用物项； 三、 如是，货物于内地出口时有否提供出口许可证。 如 贵方根据相关信息查获案件，或情报分析时发现更多 与案件相关资料，烦请回馈我方。 祝 工作顺利！ 香港海关联络员许志恒 【附件】：货物图片及 货运文件 2026 年 2 月 16 日""], ""通讯字段"": [""se Department 19/F, Customs Headquarters Building, 222 Java Road, North Point, Hong Kong FAX : (852) 3108 3464 海关总署 编号：GDRM26-142 广东分署风险管理专项联络员 查詢：2026 年 93 号 叶坤先生 叶先生： 我方近日查验附件所列货物， 怀疑属于受内地管制的两用 物项。现将该票货物的货物图片及 货运文件载于附件，烦请 贵 方协查以下事项： 一、 附件所列货物于内地出口時 申报的货物名称、数量 及重量； 二、 货物是否属于受内地管制的"", ""协查以下事项： 一、 附件所列货物于内地出口時 申报的货物名称、数量 及重量； 二、 货物是否属于受内地管制的两用物项； 三、 如是，货物于内地出口时有否提供出口许可证。 如 贵方根据相关信息查获案件，或情报分析时发现更多 与案件相关资料，烦请回馈我方。 祝 工作顺利！ 香港海关联络员许志恒 【附件】：货物图片及 货运文件 2026 年 2 月 16 日""]}"
5,GDRM26-143,2026/GDRM26-143 查詢94號 2票懷疑兩用物項陸路貨物.zip,查詢,2026年2月16日,raw_cases/GDRM26-143/GDRM26-143查詢94號查詢2票懷疑兩用物項陸路貨物.pdf,page 1,否,,管制或两用物项; 通讯字段,"{""管制或两用物项"": [""两用物项"", ""许可证""], ""通讯字段"": [""联络""]}","{""管制或两用物项"": [""理专项联络员 查詢：2026年94号 叶坤先生 叶先生： 我方近日查验附件所列货物， 怀疑属于受内地管制的两用 物项。现将该票货物的货物图片及货运文件载于附件，烦请 贵 方协查以下事项： 一、 附件所列货物于内地出口時申报的货物名称、数量 及重量； 二、 货物是否属于受内地管制的两用物项； 三、 如是，货物于内地出口时有否提供出口许可证。 如 贵方根据相关信息查获案件，或情报分析时发现更多 与案件相关资料，烦请回馈我方。 祝 工作顺利！ 香港海关联络员许志恒 【附件】：货物图片及货运文件 2026年2月16日"", ""生： 我方近日查验附件所列货物， 怀疑属于受内地管制的两用 物项。现将该票货物的货物图片及货运文件载于附件，烦请 贵 方协查以下事项： 一、 附件所列货物于内地出口時申报的货物名称、数量 及重量； 二、 货物是否属于受内地管制的两用物项； 三、 如是，货物于内地出口时有否提供出口许可证。 如 贵方根据相关信息查获案件，或情报分析时发现更多 与案件相关资料，烦请回馈我方。 祝 工作顺利！ 香港海关联络员许志恒 【附件】：货物图片及货运文件 2026年2月16日""], ""通讯字段"": [""se Department 19/F, Customs Headquarters Building, 222 Java Road, North Point, Hong Kong FAX : (852) 3108 3464 海关总署 编号：GDRM26-143 广东分署风险管理专项联络员 查詢：2026年94号 叶坤先生 叶先生： 我方近日查验附件所列货物， 怀疑属于受内地管制的两用 物项。现将该票货物的货物图片及货运文件载于附件，烦请 贵 方协查以下事项： 一、 附件所列货物于内地出口時申报的货物名称、数量 及重量； 二、 货物是否属于受内地管制的两用物项；"", ""方协查以下事项： 一、 附件所列货物于内地出口時申报的货物名称、数量 及重量； 二、 货物是否属于受内地管制的两用物项； 三、 如是，货物于内地出口时有否提供出口许可证。 如 贵方根据相关信息查获案件，或情报分析时发现更多 与案件相关资料，烦请回馈我方。 祝 工作顺利！ 香港海关联络员许志恒 【附件】：货物图片及货运文件 2026年2月16日""]}"
5,GDRM26-144,2026/GDRM26-144 查詢95號 1票懷疑兩用物項空路貨物.zip,查詢,2026年2月16日,raw_cases/GDRM26-144/GDRM26-144查詢95號查詢1票懷疑兩用物項空路貨物.pdf,page 1,否,,管制或两用物项; 通讯字段,"{""管制或两用物项"": [""两用物项"", ""许可证""], ""通讯字段"": [""联络""]}","{""管制或两用物项"": [""理专项联络员 查詢：2026年95号 叶坤先生 叶先生： 我方近日查验附件所列货物， 怀疑属于受内地管制的两用 物项。现将该票货物的货物图片及货运文件载于附件，烦请 贵 方协查以下事项： 一、 附件所列货物于内地出口時申报的货物名称、数量 及重量； 二、 货物是否属于受内地管制的两用物项； 三、 如是，货物于内地出口时有否提供出口许可证。 如 贵方根据相关信息查获案件，或情报分析时发现更多 与案件相关资料，烦请回馈我方。 祝 工作顺利！ 香港海关联络员许志恒 【附件】：货物图片及货运文件 2026年2月16日"", ""生： 我方近日查验附件所列货物， 怀疑属于受内地管制的两用 物项。现将该票货物的货物图片及货运文件载于附件，烦请 贵 方协查以下事项： 一、 附件所列货物于内地出口時申报的货物名称、数量 及重量； 二、 货物是否属于受内地管制的两用物项； 三、 如是，货物于内地出口时有否提供出口许可证。 如 贵方根据相关信息查获案件，或情报分析时发现更多 与案件相关资料，烦请回馈我方。 祝 工作顺利！ 香港海关联络员许志恒 【附件】：货物图片及货运文件 2026年2月16日""], ""通讯字段"": [""se Department 19/F, Customs Headquarters Building, 222 Java Road, North Point, Hong Kong FAX : (852) 3108 3464 海关总署 编号：GDRM26-144 广东分署风险管理专项联络员 查詢：2026年95号 叶坤先生 叶先生： 我方近日查验附件所列货物， 怀疑属于受内地管制的两用 物项。现将该票货物的货物图片及货运文件载于附件，烦请 贵 方协查以下事项： 一、 附件所列货物于内地出口時申报的货物名称、数量 及重量； 二、 货物是否属于受内地管制的两用物项；"", ""方协查以下事项： 一、 附件所列货物于内地出口時申报的货物名称、数量 及重量； 二、 货物是否属于受内地管制的两用物项； 三、 如是，货物于内地出口时有否提供出口许可证。 如 贵方根据相关信息查获案件，或情报分析时发现更多 与案件相关资料，烦请回馈我方。 祝 工作顺利！ 香港海关联络员许志恒 【附件】：货物图片及货运文件 2026年2月16日""]}"
5,GDRM26-161,2026/GDRM26-161 通讯4号 建模监控出口或转口战略矿产情况(新增字段).zip,待人工分类,,raw_cases/GDRM26-161/GDRM26-161通訊4號建模監控出口或轉口戰略礦産情況(新增字段).pdf,page 1,否,,第三国转口或主体替换; 通讯字段,"{""第三国转口或主体替换"": [""转口""], ""通讯字段"": [""联络""]}","{""第三国转口或主体替换"": [""North Point, Hong Kong FAX : (852) 3108 3464 海关总署 编号：GDRM26-161 广东分署风险管理专项联络员 通讯：2026 年 4 号 叶坤先生 叶先生： 为补充需求 GDRM26- 089，烦请 贵方在战略矿产 海运货物 的出口或转口监控模块时增加以下字段， 并及时分享给我方作风险 分析： 贸易国家名称 、 原产国 名称 、 贸易方式名称、 境内收发货 人名称 、 项号 、 商品名称 、 最终目的国（地区） 、 申报日期 、进出 口日期 、运输方式名称 、运输工具名称 、舱单货物名称 、航次运输 工具号码（航""], ""通讯字段"": [""se Department 19/F, Customs Headquarters Building, 222 Java Road, North Point, Hong Kong FAX : (852) 3108 3464 海关总署 编号：GDRM26-161 广东分署风险管理专项联络员 通讯：2026 年 4 号 叶坤先生 叶先生： 为补充需求 GDRM26- 089，烦请 贵方在战略矿产 海运货物 的出口或转口监控模块时增加以下字段， 并及时分享给我方作风险 分析： 贸易国家名称 、 原产国 名称 、 贸易方式名称、 境内收发货 人名称 、 项号 、 商品"", ""集装箱数量 、 中文国家( 地区 )名称 、 毛重 、 申报计量 单位 、申报数量 、 件数（总） 、 大写境外发货人 、 集装箱号 、船舶 类型（S: 小船；O: 其他）。 如有相关问题， 请随时与我联 系。感谢您对两地海关风险 防控合作的大力支持！ 祝 工作顺利！ 香港海关联络员 许志恒 2026 年 2 月 26 日""]}"
5,GDRM26-168,2026/GDRM26-168 查詢107號 1票懷疑兩用物項陸路貨物.zip,查詢,2026年3月2日,raw_cases/GDRM26-168/GDRM26-168查詢107號查詢1票懷疑兩用物項陸路貨物.pdf,page 1,否,,管制或两用物项; 通讯字段,"{""管制或两用物项"": [""两用物项"", ""许可证""], ""通讯字段"": [""联络""]}","{""管制或两用物项"": [""专项联络员 查詢：2026年107号 叶坤先生 叶先生： 我方近日查验附件所列货物， 怀疑属于受内地管制的两用 物项。现将该票货物的货物图片及货运文件载于附件，烦请 贵 方协查以下事项： 一、 附件所列货物于内地出口時申报的货物名称、数量 及重量； 二、 货物是否属于受内地管制的两用物项； 三、 如是，货物于内地出口时有否提供出口许可证。 如 贵方根据相关信息查获案件，或情报分析时发现更多 与案件相关资料，烦请回馈我方。 祝 工作顺利！ 香港海关联络员许志恒 【附件】：货物图片及货运文件 2026年3月2日"", ""生： 我方近日查验附件所列货物， 怀疑属于受内地管制的两用 物项。现将该票货物的货物图片及货运文件载于附件，烦请 贵 方协查以下事项： 一、 附件所列货物于内地出口時申报的货物名称、数量 及重量； 二、 货物是否属于受内地管制的两用物项； 三、 如是，货物于内地出口时有否提供出口许可证。 如 贵方根据相关信息查获案件，或情报分析时发现更多 与案件相关资料，烦请回馈我方。 祝 工作顺利！ 香港海关联络员许志恒 【附件】：货物图片及货运文件 2026年3月2日""], ""通讯字段"": [""se Department 19/F, Customs Headquarters Building, 222 Java Road, North Point, Hong Kong FAX : (852) 3108 3464 海关总署 编号：GDRM26-168 广东分署风险管理专项联络员 查詢：2026年107号 叶坤先生 叶先生： 我方近日查验附件所列货物， 怀疑属于受内地管制的两用 物项。现将该票货物的货物图片及货运文件载于附件，烦请 贵 方协查以下事项： 一、 附件所列货物于内地出口時申报的货物名称、数量 及重量； 二、 货物是否属于受内地管制的两用物项"", ""方协查以下事项： 一、 附件所列货物于内地出口時申报的货物名称、数量 及重量； 二、 货物是否属于受内地管制的两用物项； 三、 如是，货物于内地出口时有否提供出口许可证。 如 贵方根据相关信息查获案件，或情报分析时发现更多 与案件相关资料，烦请回馈我方。 祝 工作顺利！ 香港海关联络员许志恒 【附件】：货物图片及货运文件 2026年3月2日""]}"
5,GDRM26-169,2026/GDRM26-169 查詢108號 1票懷疑兩用物項空路貨物.zip,查詢,2026年3月2日,raw_cases/GDRM26-169/GDRM26-169查詢108號1票懷疑兩用物項空路貨物.pdf,page 1,否,,管制或两用物项; 通讯字段,"{""管制或两用物项"": [""两用物项"", ""许可证""], ""通讯字段"": [""联络""]}","{""管制或两用物项"": [""专项联络员 查詢：2026年108号 叶坤先生 叶先生： 我方近日查验附件所列货物， 怀疑属于受内地管制的两用 物项。现将该票货物的货物图片及货运文件载于附件，烦请 贵 方协查以下事项： 一、 附件所列货物于内地出口時申报的货物名称、数量 及重量； 二、 货物是否属于受内地管制的两用物项； 三、 如是，货物于内地出口时有否提供出口许可证。 如 贵方根据相关信息查获案件，或情报分析时发现更多 与案件相关资料，烦请回馈我方。 祝 工作顺利！ 香港海关联络员许志恒 【附件】：货物图片及货运文件 2026年3月2日"", ""生： 我方近日查验附件所列货物， 怀疑属于受内地管制的两用 物项。现将该票货物的货物图片及货运文件载于附件，烦请 贵 方协查以下事项： 一、 附件所列货物于内地出口時申报的货物名称、数量 及重量； 二、 货物是否属于受内地管制的两用物项； 三、 如是，货物于内地出口时有否提供出口许可证。 如 贵方根据相关信息查获案件，或情报分析时发现更多 与案件相关资料，烦请回馈我方。 祝 工作顺利！ 香港海关联络员许志恒 【附件】：货物图片及货运文件 2026年3月2日""], ""通讯字段"": [""se Department 19/F, Customs Headquarters Building, 222 Java Road, North Point, Hong Kong FAX : (852) 3108 3464 海关总署 编号：GDRM26-169 广东分署风险管理专项联络员 查詢：2026年108号 叶坤先生 叶先生： 我方近日查验附件所列货物， 怀疑属于受内地管制的两用 物项。现将该票货物的货物图片及货运文件载于附件，烦请 贵 方协查以下事项： 一、 附件所列货物于内地出口時申报的货物名称、数量 及重量； 二、 货物是否属于受内地管制的两用物项"", ""方协查以下事项： 一、 附件所列货物于内地出口時申报的货物名称、数量 及重量； 二、 货物是否属于受内地管制的两用物项； 三、 如是，货物于内地出口时有否提供出口许可证。 如 贵方根据相关信息查获案件，或情报分析时发现更多 与案件相关资料，烦请回馈我方。 祝 工作顺利！ 香港海关联络员许志恒 【附件】：货物图片及货运文件 2026年3月2日""]}"
5,GDRM26-170,2026/GDRM26-170查詢109號 1票懷疑兩用物項陸路貨物.zip,查詢,,raw_cases/GDRM26-170/GDRM26-170查詢109號1票懷疑兩用物項陸路貨物.pdf,page 1,否,,管制或两用物项; 通讯字段,"{""管制或两用物项"": [""两用物项"", ""许可证""], ""通讯字段"": [""联络""]}","{""管制或两用物项"": [""詢：2026 年 109 号 叶坤先生 叶先生： 我方近日查验附件所列货物， 怀疑属于受内地管制的两用 物项。现将该票货物的货物图片 及 货运文件载于附件，烦请 贵 方协查以下事项： 一、 附件所列货物于内地 出口時 申报的货物名称、数量 及重量； 二、 货物是否属于受内地管制的两用物项； 三、 如是，货物于内地出口时有否提供出口许可证。 如 贵方根据相关信息查获案件，或情报分析时发现更多 与案件相关资料，烦请回馈我方。 祝 工作顺利！ 香港海关联络员许志恒 【附件】：货物图片及 货运文件 2026 年 3 月 2 日"", ""方近日查验附件所列货物， 怀疑属于受内地管制的两用 物项。现将该票货物的货物图片 及 货运文件载于附件，烦请 贵 方协查以下事项： 一、 附件所列货物于内地 出口時 申报的货物名称、数量 及重量； 二、 货物是否属于受内地管制的两用物项； 三、 如是，货物于内地出口时有否提供出口许可证。 如 贵方根据相关信息查获案件，或情报分析时发现更多 与案件相关资料，烦请回馈我方。 祝 工作顺利！ 香港海关联络员许志恒 【附件】：货物图片及 货运文件 2026 年 3 月 2 日""], ""通讯字段"": [""se Department 19/F, Customs Headquarters Building, 222 Java Road, North Point, Hong Kong FAX : (852) 3108 3464 海关总署 编号：GDRM26-170 广东分署风险管理专项联络员 查詢：2026 年 109 号 叶坤先生 叶先生： 我方近日查验附件所列货物， 怀疑属于受内地管制的两用 物项。现将该票货物的货物图片 及 货运文件载于附件，烦请 贵 方协查以下事项： 一、 附件所列货物于内地 出口時 申报的货物名称、数量 及重量； 二、 货物是否属于受内地"", ""查以下事项： 一、 附件所列货物于内地 出口時 申报的货物名称、数量 及重量； 二、 货物是否属于受内地管制的两用物项； 三、 如是，货物于内地出口时有否提供出口许可证。 如 贵方根据相关信息查获案件，或情报分析时发现更多 与案件相关资料，烦请回馈我方。 祝 工作顺利！ 香港海关联络员许志恒 【附件】：货物图片及 货运文件 2026 年 3 月 2 日""]}"
5,GDRM26-176,2026/GDRM26-176 查詢114號 1票懷疑兩用物項陸路貨物.zip,查詢,2026年3月3日,raw_cases/GDRM26-176/GDRM26-176查詢114號查詢1票懷疑兩用物項陸路貨物.pdf,page 1,否,,管制或两用物项; 通讯字段,"{""管制或两用物项"": [""两用物项"", ""许可证""], ""通讯字段"": [""联络""]}","{""管制或两用物项"": [""专项联络员 查詢：2026年114号 叶坤先生 叶先生： 我方近日查验附件所列货物， 怀疑属于受内地管制的两用 物项。现将该票货物的货物图片及货运文件载于附件，烦请 贵 方协查以下事项： 一、 附件所列货物于内地出口時申报的货物名称、数量 及重量； 二、 货物是否属于受内地管制的两用物项； 三、 如是，货物于内地出口时有否提供出口许可证。 如 贵方根据相关信息查获案件，或情报分析时发现更多 与案件相关资料，烦请回馈我方。 祝 工作顺利！ 香港海关联络员许志恒 【附件】：货物图片及货运文件 2026年3月3日"", ""生： 我方近日查验附件所列货物， 怀疑属于受内地管制的两用 物项。现将该票货物的货物图片及货运文件载于附件，烦请 贵 方协查以下事项： 一、 附件所列货物于内地出口時申报的货物名称、数量 及重量； 二、 货物是否属于受内地管制的两用物项； 三、 如是，货物于内地出口时有否提供出口许可证。 如 贵方根据相关信息查获案件，或情报分析时发现更多 与案件相关资料，烦请回馈我方。 祝 工作顺利！ 香港海关联络员许志恒 【附件】：货物图片及货运文件 2026年3月3日""], ""通讯字段"": [""se Department 19/F, Customs Headquarters Building, 222 Java Road, North Point, Hong Kong FAX : (852) 3108 3464 海关总署 编号：GDRM26-176 广东分署风险管理专项联络员 查詢：2026年114号 叶坤先生 叶先生： 我方近日查验附件所列货物， 怀疑属于受内地管制的两用 物项。现将该票货物的货物图片及货运文件载于附件，烦请 贵 方协查以下事项： 一、 附件所列货物于内地出口時申报的货物名称、数量 及重量； 二、 货物是否属于受内地管制的两用物项"", ""方协查以下事项： 一、 附件所列货物于内地出口時申报的货物名称、数量 及重量； 二、 货物是否属于受内地管制的两用物项； 三、 如是，货物于内地出口时有否提供出口许可证。 如 贵方根据相关信息查获案件，或情报分析时发现更多 与案件相关资料，烦请回馈我方。 祝 工作顺利！ 香港海关联络员许志恒 【附件】：货物图片及货运文件 2026年3月3日""]}"
5,GDRM26-187,2026/GDRM26-187 查詢120號 1票懷疑兩用物項空路貨物.zip,查詢,2026年3月6日,raw_cases/GDRM26-187/GDRM26-187查詢120號查詢1票懷疑兩用物項空路貨物.pdf,page 1,否,,管制或两用物项; 通讯字段,"{""管制或两用物项"": [""两用物项"", ""许可证""], ""通讯字段"": [""联络""]}","{""管制或两用物项"": [""专项联络员 查詢：2026年120号 叶坤先生 叶先生： 我方近日查验附件所列货物， 怀疑属于受内地管制的两用 物项。现将该票货物的货物图片及货运文件载于附件，烦请 贵 方协查以下事项： 一、 附件所列货物于内地出口時申报的货物名称、数量 及重量； 二、 货物是否属于受内地管制的两用物项； 三、 如是，货物于内地出口时有否提供出口许可证。 如 贵方根据相关信息查获案件，或情报分析时发现更多 与案件相关资料，烦请回馈我方。 祝 工作顺利！ 香港海关联络员许志恒 【附件】：货物图片及货运文件 2026年3月6日"", ""生： 我方近日查验附件所列货物， 怀疑属于受内地管制的两用 物项。现将该票货物的货物图片及货运文件载于附件，烦请 贵 方协查以下事项： 一、 附件所列货物于内地出口時申报的货物名称、数量 及重量； 二、 货物是否属于受内地管制的两用物项； 三、 如是，货物于内地出口时有否提供出口许可证。 如 贵方根据相关信息查获案件，或情报分析时发现更多 与案件相关资料，烦请回馈我方。 祝 工作顺利！ 香港海关联络员许志恒 【附件】：货物图片及货运文件 2026年3月6日""], ""通讯字段"": [""se Department 19/F, Customs Headquarters Building, 222 Java Road, North Point, Hong Kong FAX : (852) 3108 3464 海关总署 编号：GDRM26-187 广东分署风险管理专项联络员 查詢：2026年120号 叶坤先生 叶先生： 我方近日查验附件所列货物， 怀疑属于受内地管制的两用 物项。现将该票货物的货物图片及货运文件载于附件，烦请 贵 方协查以下事项： 一、 附件所列货物于内地出口時申报的货物名称、数量 及重量； 二、 货物是否属于受内地管制的两用物项"", ""方协查以下事项： 一、 附件所列货物于内地出口時申报的货物名称、数量 及重量； 二、 货物是否属于受内地管制的两用物项； 三、 如是，货物于内地出口时有否提供出口许可证。 如 贵方根据相关信息查获案件，或情报分析时发现更多 与案件相关资料，烦请回馈我方。 祝 工作顺利！ 香港海关联络员许志恒 【附件】：货物图片及货运文件 2026年3月6日""]}"
5,GDRM26-188,2026/GDRM26-188 查詢121號 1票懷疑兩用物項陸路貨物.zip,查詢,2026年3月9日,raw_cases/GDRM26-188/GDRM26-188查詢121號 1票懷疑兩用物項陸路貨物.pdf,page 1,否,,管制或两用物项; 通讯字段,"{""管制或两用物项"": [""两用物项"", ""许可证""], ""通讯字段"": [""联络""]}","{""管制或两用物项"": [""专项联络员 查詢：2026年121号 叶坤先生 叶先生： 我方近日查验附件所列货物， 怀疑属于受内地管制的两用 物项。现将该票货物的货物图片及货运文件载于附件，烦请 贵 方协查以下事项： 一、 附件所列货物于内地出口時申报的货物名称、数量 及重量； 二、 货物是否属于受内地管制的两用物项； 三、 如是，货物于内地出口时有否提供出口许可证。 如 贵方根据相关信息查获案件，或情报分析时发现更多 与案件相关资料，烦请回馈我方。 祝 工作顺利！ 香港海关联络员许志恒 【附件】：货物图片及货运文件 2026年3月9日"", ""生： 我方近日查验附件所列货物， 怀疑属于受内地管制的两用 物项。现将该票货物的货物图片及货运文件载于附件，烦请 贵 方协查以下事项： 一、 附件所列货物于内地出口時申报的货物名称、数量 及重量； 二、 货物是否属于受内地管制的两用物项； 三、 如是，货物于内地出口时有否提供出口许可证。 如 贵方根据相关信息查获案件，或情报分析时发现更多 与案件相关资料，烦请回馈我方。 祝 工作顺利！ 香港海关联络员许志恒 【附件】：货物图片及货运文件 2026年3月9日""], ""通讯字段"": [""se Department 19/F, Customs Headquarters Building, 222 Java Road, North Point, Hong Kong FAX : (852) 3108 3464 海关总署 编号：GDRM26-188 广东分署风险管理专项联络员 查詢：2026年121号 叶坤先生 叶先生： 我方近日查验附件所列货物， 怀疑属于受内地管制的两用 物项。现将该票货物的货物图片及货运文件载于附件，烦请 贵 方协查以下事项： 一、 附件所列货物于内地出口時申报的货物名称、数量 及重量； 二、 货物是否属于受内地管制的两用物项"", ""方协查以下事项： 一、 附件所列货物于内地出口時申报的货物名称、数量 及重量； 二、 货物是否属于受内地管制的两用物项； 三、 如是，货物于内地出口时有否提供出口许可证。 如 贵方根据相关信息查获案件，或情报分析时发现更多 与案件相关资料，烦请回馈我方。 祝 工作顺利！ 香港海关联络员许志恒 【附件】：货物图片及货运文件 2026年3月9日""]}"
5,GDRM26-189,2026/GDRM26-189 查詢122號 1票懷疑兩用物項空路貨物.zip,查詢,2026年3月9日,raw_cases/GDRM26-189/GDRM26-189查詢122號查詢1票懷疑兩用物項空路貨物.pdf,page 1,否,,管制或两用物项; 通讯字段,"{""管制或两用物项"": [""两用物项"", ""许可证""], ""通讯字段"": [""联络""]}","{""管制或两用物项"": [""专项联络员 查詢：2026年122号 叶坤先生 叶先生： 我方近日查验附件所列货物， 怀疑属于受内地管制的两用 物项。现将该票货物的货物图片及货运文件载于附件，烦请 贵 方协查以下事项： 一、 附件所列货物于内地出口時申报的货物名称、数量 及重量； 二、 货物是否属于受内地管制的两用物项； 三、 如是，货物于内地出口时有否提供出口许可证。 如 贵方根据相关信息查获案件，或情报分析时发现更多 与案件相关资料，烦请回馈我方。 祝 工作顺利！ 香港海关联络员许志恒 【附件】：货物图片及货运文件 2026年3月9日"", ""生： 我方近日查验附件所列货物， 怀疑属于受内地管制的两用 物项。现将该票货物的货物图片及货运文件载于附件，烦请 贵 方协查以下事项： 一、 附件所列货物于内地出口時申报的货物名称、数量 及重量； 二、 货物是否属于受内地管制的两用物项； 三、 如是，货物于内地出口时有否提供出口许可证。 如 贵方根据相关信息查获案件，或情报分析时发现更多 与案件相关资料，烦请回馈我方。 祝 工作顺利！ 香港海关联络员许志恒 【附件】：货物图片及货运文件 2026年3月9日""], ""通讯字段"": [""se Department 19/F, Customs Headquarters Building, 222 Java Road, North Point, Hong Kong FAX : (852) 3108 3464 海关总署 编号：GDRM26-189 广东分署风险管理专项联络员 查詢：2026年122号 叶坤先生 叶先生： 我方近日查验附件所列货物， 怀疑属于受内地管制的两用 物项。现将该票货物的货物图片及货运文件载于附件，烦请 贵 方协查以下事项： 一、 附件所列货物于内地出口時申报的货物名称、数量 及重量； 二、 货物是否属于受内地管制的两用物项"", ""方协查以下事项： 一、 附件所列货物于内地出口時申报的货物名称、数量 及重量； 二、 货物是否属于受内地管制的两用物项； 三、 如是，货物于内地出口时有否提供出口许可证。 如 贵方根据相关信息查获案件，或情报分析时发现更多 与案件相关资料，烦请回馈我方。 祝 工作顺利！ 香港海关联络员许志恒 【附件】：货物图片及货运文件 2026年3月9日""]}"
5,GDRM26-190,2026/GDRM26-190 查詢123號 1票懷疑兩用物項陸路貨物.zip,查詢,,raw_cases/GDRM26-190/GDRM26-190查詢123號1票懷疑兩用物項陸路貨物.pdf,page 1,否,,管制或两用物项; 通讯字段,"{""管制或两用物项"": [""两用物项"", ""许可证""], ""通讯字段"": [""联络""]}","{""管制或两用物项"": [""詢：2026 年 123 号 叶坤先生 叶先生： 我方近日查验附件所列货物， 怀疑属于受内地管制的两用 物项。现将该票货物的货物图片 及 货运文件载于附件，烦请 贵 方协查以下事项： 一、 附件所列货物于内地 出口時 申报的货物名称、数量 及重量； 二、 货物是否属于受内地管制的两用物项； 三、 如是，货物于内地出口时有否提供出口许可证。 如 贵方根据相关信息查获案件，或情报分析时发现更多 与案件相关资料，烦请回馈我方。 祝 工作顺利！ 香港海关联络员许志恒 【附件】：货物图片及 货运文件 2026 年 3 月 9 日"", ""方近日查验附件所列货物， 怀疑属于受内地管制的两用 物项。现将该票货物的货物图片 及 货运文件载于附件，烦请 贵 方协查以下事项： 一、 附件所列货物于内地 出口時 申报的货物名称、数量 及重量； 二、 货物是否属于受内地管制的两用物项； 三、 如是，货物于内地出口时有否提供出口许可证。 如 贵方根据相关信息查获案件，或情报分析时发现更多 与案件相关资料，烦请回馈我方。 祝 工作顺利！ 香港海关联络员许志恒 【附件】：货物图片及 货运文件 2026 年 3 月 9 日""], ""通讯字段"": [""se Department 19/F, Customs Headquarters Building, 222 Java Road, North Point, Hong Kong FAX : (852) 3108 3464 海关总署 编号：GDRM26-190 广东分署风险管理专项联络员 查詢：2026 年 123 号 叶坤先生 叶先生： 我方近日查验附件所列货物， 怀疑属于受内地管制的两用 物项。现将该票货物的货物图片 及 货运文件载于附件，烦请 贵 方协查以下事项： 一、 附件所列货物于内地 出口時 申报的货物名称、数量 及重量； 二、 货物是否属于受内地"", ""查以下事项： 一、 附件所列货物于内地 出口時 申报的货物名称、数量 及重量； 二、 货物是否属于受内地管制的两用物项； 三、 如是，货物于内地出口时有否提供出口许可证。 如 贵方根据相关信息查获案件，或情报分析时发现更多 与案件相关资料，烦请回馈我方。 祝 工作顺利！ 香港海关联络员许志恒 【附件】：货物图片及 货运文件 2026 年 3 月 9 日""]}"
5,GDRM26-191,2026/GDRM26-191 查詢124號 1票懷疑兩用物項陸路貨物.zip,查詢,2026年3月9日,raw_cases/GDRM26-191/GDRM26-191查詢124號1票懷疑兩用物項陸路貨物.pdf,page 1,否,,管制或两用物项; 通讯字段,"{""管制或两用物项"": [""两用物项"", ""许可证""], ""通讯字段"": [""联络""]}","{""管制或两用物项"": [""专项联络员 查詢：2026年124号 叶坤先生 叶先生： 我方近日查验附件所列货物， 怀疑属于受内地管制的两用 物项。现将该票货物的货物图片及货运文件载于附件，烦请 贵 方协查以下事项： 一、 附件所列货物于内地出口時申报的货物名称、数量 及重量； 二、 货物是否属于受内地管制的两用物项； 三、 如是，货物于内地出口时有否提供出口许可证。 如 贵方根据相关信息查获案件，或情报分析时发现更多 与案件相关资料，烦请回馈我方。 祝 工作顺利！ 香港海关联络员许志恒 【附件】：货物图片及货运文件 2026年3月9日"", ""生： 我方近日查验附件所列货物， 怀疑属于受内地管制的两用 物项。现将该票货物的货物图片及货运文件载于附件，烦请 贵 方协查以下事项： 一、 附件所列货物于内地出口時申报的货物名称、数量 及重量； 二、 货物是否属于受内地管制的两用物项； 三、 如是，货物于内地出口时有否提供出口许可证。 如 贵方根据相关信息查获案件，或情报分析时发现更多 与案件相关资料，烦请回馈我方。 祝 工作顺利！ 香港海关联络员许志恒 【附件】：货物图片及货运文件 2026年3月9日""], ""通讯字段"": [""se Department 19/F, Customs Headquarters Building, 222 Java Road, North Point, Hong Kong FAX : (852) 3108 3464 海关总署 编号：GDRM26-191 广东分署风险管理专项联络员 查詢：2026年124号 叶坤先生 叶先生： 我方近日查验附件所列货物， 怀疑属于受内地管制的两用 物项。现将该票货物的货物图片及货运文件载于附件，烦请 贵 方协查以下事项： 一、 附件所列货物于内地出口時申报的货物名称、数量 及重量； 二、 货物是否属于受内地管制的两用物项"", ""方协查以下事项： 一、 附件所列货物于内地出口時申报的货物名称、数量 及重量； 二、 货物是否属于受内地管制的两用物项； 三、 如是，货物于内地出口时有否提供出口许可证。 如 贵方根据相关信息查获案件，或情报分析时发现更多 与案件相关资料，烦请回馈我方。 祝 工作顺利！ 香港海关联络员许志恒 【附件】：货物图片及货运文件 2026年3月9日""]}"
5,GDRM26-196,2026/GDRM26-196 查詢125號 1票懷疑兩用物項陸路貨物.zip,查詢,,raw_cases/GDRM26-196/GDRM26-196查詢125號1票懷疑兩用物項陸路貨物.pdf,page 1,否,,管制或两用物项; 通讯字段,"{""管制或两用物项"": [""两用物项"", ""许可证""], ""通讯字段"": [""联络""]}","{""管制或两用物项"": [""詢：2026 年 125 号 叶坤先生 叶先生： 我方近日查验附件所列货物， 怀疑属于受内地管制的两用 物项。现将该票货物的货物图片 及 货运文件载于附件，烦请 贵 方协查以下事项： 一、 附件所列货物于内地 出口時 申报的货物名称、数量 及重量； 二、 货物是否属于受内地管制的两用物项； 三、 如是，货物于内地出口时有否提供出口许可证。 如 贵方根据相关信息查获案件，或情报分析时发现更多 与案件相关资料，烦请回馈我方。 祝 工作顺利！ 香港海关联络员许志恒 【附件】：货物图片及 货运文件 2026 年 3 月 9 日"", ""方近日查验附件所列货物， 怀疑属于受内地管制的两用 物项。现将该票货物的货物图片 及 货运文件载于附件，烦请 贵 方协查以下事项： 一、 附件所列货物于内地 出口時 申报的货物名称、数量 及重量； 二、 货物是否属于受内地管制的两用物项； 三、 如是，货物于内地出口时有否提供出口许可证。 如 贵方根据相关信息查获案件，或情报分析时发现更多 与案件相关资料，烦请回馈我方。 祝 工作顺利！ 香港海关联络员许志恒 【附件】：货物图片及 货运文件 2026 年 3 月 9 日""], ""通讯字段"": [""se Department 19/F, Customs Headquarters Building, 222 Java Road, North Point, Hong Kong FAX : (852) 3108 3464 海关总署 编号：GDRM26-196 广东分署风险管理专项联络员 查詢：2026 年 125 号 叶坤先生 叶先生： 我方近日查验附件所列货物， 怀疑属于受内地管制的两用 物项。现将该票货物的货物图片 及 货运文件载于附件，烦请 贵 方协查以下事项： 一、 附件所列货物于内地 出口時 申报的货物名称、数量 及重量； 二、 货物是否属于受内地"", ""查以下事项： 一、 附件所列货物于内地 出口時 申报的货物名称、数量 及重量； 二、 货物是否属于受内地管制的两用物项； 三、 如是，货物于内地出口时有否提供出口许可证。 如 贵方根据相关信息查获案件，或情报分析时发现更多 与案件相关资料，烦请回馈我方。 祝 工作顺利！ 香港海关联络员许志恒 【附件】：货物图片及 货运文件 2026 年 3 月 9 日""]}"
5,GDRM26-223,2026/GDRM26-223 回覆19號 一宗空路旅客走私香煙案件（成效）.zip,情报,,raw_cases/GDRM26-223/GDRM26-223回覆19號 一宗空路走私香煙案件.pdf,page 1,否,,明确藏匿或未申报; 通讯字段,"{""明确藏匿或未申报"": [""走私""], ""通讯字段"": [""联络""]}","{""明确藏匿或未申报"": [""2) 3108 3464 海关总署 编号：GDRM26-223 广东分署风险管理专项联络员 回复：2026 年 19 号 叶坤先生 叶先生： 贵方来函 粤风 26- 032 情报 11 号收悉。 早前我方根据海关总署风险防控局( 上海) 精准情报， 成功 破获一起 空路旅客 香烟走私案件。 现将相关案件资料及检获物品 图片载于附件，作情报参考之用。 如 贵方根据相关信息查获案件，或情报分析时发现更多 与案件相关资料，烦请回馈我方。 祝 工作顺利！ 香港海关联络员许志恒 【附件一】：案件资料 【附件二】：案件检获物品图片 2026 年 3 月 20 日""], ""通讯字段"": [""se Department 19/F, Customs Headquarters Building, 222 Java Road, North Point, Hong Kong FAX : (852) 3108 3464 海关总署 编号：GDRM26-223 广东分署风险管理专项联络员 回复：2026 年 19 号 叶坤先生 叶先生： 贵方来函 粤风 26- 032 情报 11 号收悉。 早前我方根据海关总署风险防控局( 上海) 精准情报， 成功 破获一起 空路旅客 香烟走私案件。 现将相关案件资料及检获物品 图片载于附件，作情报参考之用。 如 贵方根据相关"", ""11 号收悉。 早前我方根据海关总署风险防控局( 上海) 精准情报， 成功 破获一起 空路旅客 香烟走私案件。 现将相关案件资料及检获物品 图片载于附件，作情报参考之用。 如 贵方根据相关信息查获案件，或情报分析时发现更多 与案件相关资料，烦请回馈我方。 祝 工作顺利！ 香港海关联络员许志恒 【附件一】：案件资料 【附件二】：案件检获物品图片 2026 年 3 月 20 日""]}"
5,GDRM26-239,2026/GDRM26-239 回覆24號 兩宗空路旅客走私香煙案件.zip,情报,,raw_cases/GDRM26-239/GDRM26-239回覆24號 兩宗空路旅客走私香煙案件.pdf,page 1,否,,明确藏匿或未申报; 通讯字段,"{""明确藏匿或未申报"": [""走私""], ""通讯字段"": [""联络""]}","{""明确藏匿或未申报"": [""52) 3108 3464 海关总署 编号：GDRM26-239 广东分署风险管理专项联络员 回复：2026 年 24 号 叶坤先生 叶先生： 贵方来函粤风 26- 032 情报 11 号收悉。 早前我方根据海关总署风险防控局( 上海) 精准情报， 成功 破获兩 起空路旅客 香烟走私案件。 现将相关案件资料及检获物品 图片载于附件，作情报参考之用。 如 贵方根据相关信息查获案件，或情报分析时发现更多 与案件相关资料，烦请回馈我方。 祝 工作顺利！ 香港海关联络员陈维基 【附件一】：案件一 资料 【附件二】：案件一 检获物品图片 【附件三 】：案件二 资料 【""], ""通讯字段"": [""se Department 19/F, Customs Headquarters Building, 222 Java Road, North Point, Hong Kong FAX : (852) 3108 3464 海关总署 编号：GDRM26-239 广东分署风险管理专项联络员 回复：2026 年 24 号 叶坤先生 叶先生： 贵方来函粤风 26- 032 情报 11 号收悉。 早前我方根据海关总署风险防控局( 上海) 精准情报， 成功 破获兩 起空路旅客 香烟走私案件。 现将相关案件资料及检获物品 图片载于附件，作情报参考之用。 如 贵方根据相关信"", ""11 号收悉。 早前我方根据海关总署风险防控局( 上海) 精准情报， 成功 破获兩 起空路旅客 香烟走私案件。 现将相关案件资料及检获物品 图片载于附件，作情报参考之用。 如 贵方根据相关信息查获案件，或情报分析时发现更多 与案件相关资料，烦请回馈我方。 祝 工作顺利！ 香港海关联络员陈维基 【附件一】：案件一 资料 【附件二】：案件一 检获物品图片 【附件三 】：案件二 资料 【附件四 】：案件二 检获物品图片 2026 年 3 月 30 日""]}"
5,GDRM26-250,2026/GDRM26-250 查詢135號 1票懷疑兩用物項陸路貨物.zip,查詢,2026年4月8日,raw_cases/GDRM26-250/GDRM26-250查詢135號1票懷疑兩用物項陸路貨物.pdf,page 1,否,,管制或两用物项; 通讯字段,"{""管制或两用物项"": [""两用物项"", ""许可证""], ""通讯字段"": [""联络""]}","{""管制或两用物项"": [""专项联络员 查詢：2026年135号 叶坤先生 叶先生： 我方近日查验附件所列货物， 怀疑属于受内地管制的两用 物项。现将该票货物的货物图片及货运文件载于附件，烦请 贵 方协查以下事项： 一、 附件所列货物于内地出口時申报的货物名称、数量 及重量； 二、 货物是否属于受内地管制的两用物项； 三、 如是，货物于内地出口时有否提供出口许可证。 如 贵方根据相关信息查获案件，或情报分析时发现更多 与案件相关资料，烦请回馈我方。 祝 工作顺利！ 香港海关联络员许志恒 【附件】：货物图片及货运文件 2026年4月8日"", ""生： 我方近日查验附件所列货物， 怀疑属于受内地管制的两用 物项。现将该票货物的货物图片及货运文件载于附件，烦请 贵 方协查以下事项： 一、 附件所列货物于内地出口時申报的货物名称、数量 及重量； 二、 货物是否属于受内地管制的两用物项； 三、 如是，货物于内地出口时有否提供出口许可证。 如 贵方根据相关信息查获案件，或情报分析时发现更多 与案件相关资料，烦请回馈我方。 祝 工作顺利！ 香港海关联络员许志恒 【附件】：货物图片及货运文件 2026年4月8日""], ""通讯字段"": [""se Department 19/F, Customs Headquarters Building, 222 Java Road, North Point, Hong Kong FAX : (852) 3108 3464 海关总署 编号：GDRM26-250 广东分署风险管理专项联络员 查詢：2026年135号 叶坤先生 叶先生： 我方近日查验附件所列货物， 怀疑属于受内地管制的两用 物项。现将该票货物的货物图片及货运文件载于附件，烦请 贵 方协查以下事项： 一、 附件所列货物于内地出口時申报的货物名称、数量 及重量； 二、 货物是否属于受内地管制的两用物项"", ""方协查以下事项： 一、 附件所列货物于内地出口時申报的货物名称、数量 及重量； 二、 货物是否属于受内地管制的两用物项； 三、 如是，货物于内地出口时有否提供出口许可证。 如 贵方根据相关信息查获案件，或情报分析时发现更多 与案件相关资料，烦请回馈我方。 祝 工作顺利！ 香港海关联络员许志恒 【附件】：货物图片及货运文件 2026年4月8日""]}"
5,GDRM26-251,2026/GDRM26-251 查詢136號 1票懷疑兩用物項空路貨物.zip,查詢,2026年4月8日,raw_cases/GDRM26-251/GDRM26-251查詢136號查詢1票懷疑兩用物項空路貨物.pdf,page 1,否,,管制或两用物项; 通讯字段,"{""管制或两用物项"": [""两用物项"", ""许可证""], ""通讯字段"": [""联络""]}","{""管制或两用物项"": [""专项联络员 查詢：2026年136号 叶坤先生 叶先生： 我方近日查验附件所列货物， 怀疑属于受内地管制的两用 物项。现将该票货物的货物图片及货运文件载于附件，烦请 贵 方协查以下事项： 一、 附件所列货物于内地出口時申报的货物名称、数量 及重量； 二、 货物是否属于受内地管制的两用物项； 三、 如是，货物于内地出口时有否提供出口许可证。 如 贵方根据相关信息查获案件，或情报分析时发现更多 与案件相关资料，烦请回馈我方。 祝 工作顺利！ 香港海关联络员许志恒 【附件】：货物图片及货运文件 2026年4月8日"", ""生： 我方近日查验附件所列货物， 怀疑属于受内地管制的两用 物项。现将该票货物的货物图片及货运文件载于附件，烦请 贵 方协查以下事项： 一、 附件所列货物于内地出口時申报的货物名称、数量 及重量； 二、 货物是否属于受内地管制的两用物项； 三、 如是，货物于内地出口时有否提供出口许可证。 如 贵方根据相关信息查获案件，或情报分析时发现更多 与案件相关资料，烦请回馈我方。 祝 工作顺利！ 香港海关联络员许志恒 【附件】：货物图片及货运文件 2026年4月8日""], ""通讯字段"": [""se Department 19/F, Customs Headquarters Building, 222 Java Road, North Point, Hong Kong FAX : (852) 3108 3464 海关总署 编号：GDRM26-251 广东分署风险管理专项联络员 查詢：2026年136号 叶坤先生 叶先生： 我方近日查验附件所列货物， 怀疑属于受内地管制的两用 物项。现将该票货物的货物图片及货运文件载于附件，烦请 贵 方协查以下事项： 一、 附件所列货物于内地出口時申报的货物名称、数量 及重量； 二、 货物是否属于受内地管制的两用物项"", ""方协查以下事项： 一、 附件所列货物于内地出口時申报的货物名称、数量 及重量； 二、 货物是否属于受内地管制的两用物项； 三、 如是，货物于内地出口时有否提供出口许可证。 如 贵方根据相关信息查获案件，或情报分析时发现更多 与案件相关资料，烦请回馈我方。 祝 工作顺利！ 香港海关联络员许志恒 【附件】：货物图片及货运文件 2026年4月8日""]}"
5,GDRM26-252,2026/GDRM26-252 查詢137號 3票懷疑兩用物項陸路貨物.zip,查詢,2026年4月8日,raw_cases/GDRM26-252/GDRM26-252查詢137號3票懷疑兩用物項陸路貨物.pdf,page 1,否,,管制或两用物项; 通讯字段,"{""管制或两用物项"": [""两用物项"", ""许可证""], ""通讯字段"": [""联络""]}","{""管制或两用物项"": [""专项联络员 查詢：2026年137号 叶坤先生 叶先生： 我方近日查验附件所列货物， 怀疑属于受内地管制的两用 物项。现将该票货物的货物图片及货运文件载于附件，烦请 贵 方协查以下事项： 一、 附件所列货物于内地出口時申报的货物名称、数量 及重量； 二、 货物是否属于受内地管制的两用物项； 三、 如是，货物于内地出口时有否提供出口许可证。 如 贵方根据相关信息查获案件，或情报分析时发现更多 与案件相关资料，烦请回馈我方。 祝 工作顺利！ 香港海关联络员许志恒 【附件】：货物图片及货运文件 2026年4月8日"", ""生： 我方近日查验附件所列货物， 怀疑属于受内地管制的两用 物项。现将该票货物的货物图片及货运文件载于附件，烦请 贵 方协查以下事项： 一、 附件所列货物于内地出口時申报的货物名称、数量 及重量； 二、 货物是否属于受内地管制的两用物项； 三、 如是，货物于内地出口时有否提供出口许可证。 如 贵方根据相关信息查获案件，或情报分析时发现更多 与案件相关资料，烦请回馈我方。 祝 工作顺利！ 香港海关联络员许志恒 【附件】：货物图片及货运文件 2026年4月8日""], ""通讯字段"": [""se Department 19/F, Customs Headquarters Building, 222 Java Road, North Point, Hong Kong FAX : (852) 3108 3464 海关总署 编号：GDRM26-252 广东分署风险管理专项联络员 查詢：2026年137号 叶坤先生 叶先生： 我方近日查验附件所列货物， 怀疑属于受内地管制的两用 物项。现将该票货物的货物图片及货运文件载于附件，烦请 贵 方协查以下事项： 一、 附件所列货物于内地出口時申报的货物名称、数量 及重量； 二、 货物是否属于受内地管制的两用物项"", ""方协查以下事项： 一、 附件所列货物于内地出口時申报的货物名称、数量 及重量； 二、 货物是否属于受内地管制的两用物项； 三、 如是，货物于内地出口时有否提供出口许可证。 如 贵方根据相关信息查获案件，或情报分析时发现更多 与案件相关资料，烦请回馈我方。 祝 工作顺利！ 香港海关联络员许志恒 【附件】：货物图片及货运文件 2026年4月8日""]}"
5,GDRM26-255,2026/GDRM26-255 通訊08號 專題聯合研判參會人員名單.zip,情报,2026年4月15日,raw_cases/GDRM26-255/GDRM26-255通訊08號專題聯合研判參會人員名單.pdf,page 1,否,,明确藏匿或未申报; 通讯字段,"{""明确藏匿或未申报"": [""走私""], ""通讯字段"": [""联络""]}","{""明确藏匿或未申报"": [""ad, North Point, Hong Kong FAX : (852) 3108 3464 海关总署 编号： GDRM26-255 广东分署风险管理专项联络员 通讯： 2026年08号 叶坤先生 叶先生： 感谢 贵方邀请我方在2026年4月15日就加强贵金属、出 口管制物项走私和APEC重大活动口岸风险联合防控共同开展 专题联合研判。 我方参会人员名单如下， 烦请 贵方作后续安排。 情报科风险管理课监督 欧阳文政 先生 情报科风险管理组助理监督 许志恒 先生 情报科风险管理组高级督察 陈维基 先生 情报科风险管理组高级督察 司徒慕晗 女士 情报科风险管""], ""通讯字段"": [""e Department 19/F, Customs Headquarters Building, 222 Java Road, North Point, Hong Kong FAX : (852) 3108 3464 海关总署 编号： GDRM26-255 广东分署风险管理专项联络员 通讯： 2026年08号 叶坤先生 叶先生： 感谢 贵方邀请我方在2026年4月15日就加强贵金属、出 口管制物项走私和APEC重大活动口岸风险联合防控共同开展 专题联合研判。 我方参会人员名单如下， 烦请 贵方作后续安排。 情报科风险管理课监督 欧阳文政 先生 情报科风险管"", ""联合研判。 我方参会人员名单如下， 烦请 贵方作后续安排。 情报科风险管理课监督 欧阳文政 先生 情报科风险管理组助理监督 许志恒 先生 情报科风险管理组高级督察 陈维基 先生 情报科风险管理组高级督察 司徒慕晗 女士 情报科风险管理组督察 柳倩雯 女士 祝 工作顺利！ 香港海关联络员许志恒 2026年4月13日""]}"
5,GDRM26-279,2026/GDRM26-279 通讯09号 2026年（第一季度）风险情报信息成效.zip,情报,2025-11-29,raw_cases/GDRM26-279/GDRM26-279通訊9號2026年（第一季度）風險情報信息成效.pdf,page 1,否,,明确藏匿或未申报; 通讯字段,"{""明确藏匿或未申报"": [""走私""], ""通讯字段"": [""联络""]}","{""明确藏匿或未申报"": [""关 深 化 风 险 管 理 合 作 安 排 》，双 方 在 风 险 情 报 信 息 和 个 案 协 查 方 面 开 展 了 深 入 的 合 作 。在 202 6 年第 一 季 度 ， 根 据 内 地 海 关 提 供 的 风 险 情 报 信 息 ， 我 方 查 发14 起 香 烟 走私案件 ， 检 获 约 58 万 支 香 烟 ， 总 值 超 过250 万 港 元 ， 并 透 过 国 际 合 作 查 发 海 运 走 私 案 件4 起 ，查 获 走 私 香烟 超 过 2,8 90 万支， 总 值 约 1.3 亿 港 元 。 现 将 相 关 情 况 反 馈 贵 方""], ""通讯字段"": [""se Department 19/F, Customs Headquarters Building, 222 Java Road, North Point, Hong Kong FAX : (852) 3108 3464 海关总署 编号：GDRM26-279 广东分署风险管理专项联络员 通讯：2026 年 9 号 叶坤先生 叶先生 ： 根 据《 海 关 总 署 与 香 港 海 关 深 化 风 险 管 理 合 作 安 排 》，双 方 在 风 险 情 报 信 息 和 个 案 协 查 方 面 开 展 了 深 入 的 合 作 。在 202 6 年第 一 季 度 ，""]}"
5,GDRM26-282,2026/GDRM26-282查詢143號小船渠道 - 三起走私香烟案件.zip,查詢,,raw_cases/GDRM26-282/GDRM26-282查詢143號小船渠道 - 三起走私香烟案件.pdf,page 1,否,,明确藏匿或未申报; 通讯字段,"{""明确藏匿或未申报"": [""走私""], ""通讯字段"": [""联络""]}","{""明确藏匿或未申报"": [""lding, 222 Java Road, North Point, Hong Kong FAX : (852) 3108 3464 海关总署 编号：GDRM26-282 广东分署风险管理专项联络员 查询：2026 年 143 号 叶坤先生 叶先生 ： 我方前期从小船渠道查发三起走私香烟案件，相关案件资料及 检获物品图片载于附件， 目前正在开展后续分析工作。 烦请 贵方协助 查询该批货物在内地的报关纪录及舱单资料，同时调取相关收发货人 近一年运往香港的全部货物记录，以供我方综合研判。 感谢您对两地海关风险防控合作的大力支持！ 祝 工 作 顺 利 ！ 香 港""], ""通讯字段"": [""se Department 19/F, Customs Headquarters Building, 222 Java Road, North Point, Hong Kong FAX : (852) 3108 3464 海关总署 编号：GDRM26-282 广东分署风险管理专项联络员 查询：2026 年 143 号 叶坤先生 叶先生 ： 我方前期从小船渠道查发三起走私香烟案件，相关案件资料及 检获物品图片载于附件， 目前正在开展后续分析工作。 烦请 贵方协助 查询该批货物在内地的报关纪录及舱单资料，同时调取相关收发货人 近一年运往香港的全部货物记录，以供我""]}"
5,GDRM26-287,2026/GDRM26-287 通讯10号 第四屆風險管理專題培訓授課邀請函.zip,情报,,raw_cases/GDRM26-287/GDRM26-287通訊10號第四屆風險管理專題培訓授課邀請函.pdf,page 1,否,,管制或两用物项; 通讯字段,"{""管制或两用物项"": [""两用物项"", ""出口管制""], ""通讯字段"": [""联络""]}","{""管制或两用物项"": [""2) 3108 3464 海关总署 编号：GDRM26-287 广东分署风险管理专项联络员 通讯：2026 年 10 号 叶坤先生 叶先生： 香港海关将于 2026 年 6 月 2 至 11 日在香港举办 「第四届 风险管理专题培训」 。 为提升内地、 香港及澳门海关人员对内地 两用物项管制法规的理解， 我方现诚邀商务部产业安全与进出口 管制局处长孙成峰先生于 2026 年 6 月 2 日莅临香港进行专题授 课，以进一步强化三方在风险防控领域的协作。 现随函夹附我方助理关长 ( 情报及调查 ) 黄浩然先生致 商 务部产业安全与进出口管制局处长的邀请函，有劳转交商"", ""香港及澳门海关人员对内地 两用物项管制法规的理解， 我方现诚邀商务部产业安全与进出口 管制局处长孙成峰先生于 2026 年 6 月 2 日莅临香港进行专题授 课，以进一步强化三方在风险防控领域的协作。 现随函夹附我方助理关长 ( 情报及调查 ) 黄浩然先生致 商 务部产业安全与进出口管制局处长的邀请函，有劳转交商务部。 如蒙应允， 具体细节可与我方情报科风险管理组人员共商。 祝 工作顺利！ 香港海关联络员 许志恒 附件：「第四届风险管理专题培训」授课邀请函( 一页) 2026 年 5 月 7 日""], ""通讯字段"": [""se Department 19/F, Customs Headquarters Building, 222 Java Road, North Point, Hong Kong FAX : (852) 3108 3464 海关总署 编号：GDRM26-287 广东分署风险管理专项联络员 通讯：2026 年 10 号 叶坤先生 叶先生： 香港海关将于 2026 年 6 月 2 至 11 日在香港举办 「第四届 风险管理专题培训」 。 为提升内地、 香港及澳门海关人员对内地 两用物项管制法规的理解， 我方现诚邀商务部产业安全与进出口 管制局处长孙成峰先生于 20"", ""6 月 2 日莅临香港进行专题授 课，以进一步强化三方在风险防控领域的协作。 现随函夹附我方助理关长 ( 情报及调查 ) 黄浩然先生致 商 务部产业安全与进出口管制局处长的邀请函，有劳转交商务部。 如蒙应允， 具体细节可与我方情报科风险管理组人员共商。 祝 工作顺利！ 香港海关联络员 许志恒 附件：「第四届风险管理专题培训」授课邀请函( 一页) 2026 年 5 月 7 日""]}"
5,GDRM26-337,2026/GDRM26-337查詢151號沒收或注銷跨境車輛相關情況.pdf.zip,查詢,,raw_cases/GDRM26-337/GDRM26-337查詢151號沒收或注銷跨境車輛相關情況.pdf,page 1,否,,明确藏匿或未申报; 通讯字段,"{""明确藏匿或未申报"": [""走私""], ""通讯字段"": [""联络""]}","{""明确藏匿或未申报"": [""Building, 222 Java Road, North Point, Hong Kong FAX : (852) 3108 3464 海关总署 编号：GDRM26-337 广东分署风险管理专项联络员 查询：2026 年 151 号 叶坤先生 叶先生： 我方现正就打击跨境车辆走私活动进行分析 ，就曾经用作走私 的跨境车辆 (包括货车及小车 )，烦请 贵方提供以下 信息 ： 一、 贵方在 沒收 用作走私的跨境车辆 方面的法规、要求及相 关情况； 二、 贵 方 与 交 通 运 输 厅 关 于 注 销用 作 走 私 的粤 港 跨 境车辆 指标方面的法规、要求及"", ""ava Road, North Point, Hong Kong FAX : (852) 3108 3464 海关总署 编号：GDRM26-337 广东分署风险管理专项联络员 查询：2026 年 151 号 叶坤先生 叶先生： 我方现正就打击跨境车辆走私活动进行分析 ，就曾经用作走私 的跨境车辆 (包括货车及小车 )，烦请 贵方提供以下 信息 ： 一、 贵方在 沒收 用作走私的跨境车辆 方面的法规、要求及相 关情况； 二、 贵 方 与 交 通 运 输 厅 关 于 注 销用 作 走 私 的粤 港 跨 境车辆 指标方面的法规、要求及相关情况。 感谢您对两地海关风""], ""通讯字段"": [""se Department 19/F, Customs Headquarters Building, 222 Java Road, North Point, Hong Kong FAX : (852) 3108 3464 海关总署 编号：GDRM26-337 广东分署风险管理专项联络员 查询：2026 年 151 号 叶坤先生 叶先生： 我方现正就打击跨境车辆走私活动进行分析 ，就曾经用作走私 的跨境车辆 (包括货车及小车 )，烦请 贵方提供以下 信息 ： 一、 贵方在 沒收 用作走私的跨境车辆 方面的法规、要求及相 关情况； 二、 贵 方 与 交 通 运""]}"
4,GDRM26-034,2026/GDRM26-034 情報10號 兩宗陸路小車走私未列艙單貨物案件.zip,情報,,raw_cases/GDRM26-034/GDRM26-034附件一及二.pdf,page 1,否,,型号参数可核查字段; 明确藏匿或未申报,"{""型号参数可核查字段"": [""牌号""], ""明确藏匿或未申报"": [""暗格""]}","{""型号参数可核查字段"": [""- 注意 - 本函所载数据 仅作风险管理分析参考用途，不能向第三者透露或作法庭证供之用。 编号：GDRM26-034 附件一 情报：2026年10号 案件一资料 过关日期及时间 20/12/2025 1003 时 运输方式 陆路小车 车牌号码 粤 Z 453P 港 / MV8809 路线 香港(经香园围管制站)内地 被捕人资料 姓名:盖小会 GE XIAOHUI 性别:男 国籍:中国内地 年龄:47岁 证件号码: CD9124361 检获物品 12.53公斤牛胆结石(牛黄) 收藏手法 收藏于车尾箱内暗格 价值($""], ""明确藏匿或未申报"": [""路小车 车牌号码 粤 Z 453P 港 / MV8809 路线 香港(经香园围管制站)内地 被捕人资料 姓名:盖小会 GE XIAOHUI 性别:男 国籍:中国内地 年龄:47岁 证件号码: CD9124361 检获物品 12.53公斤牛胆结石(牛黄) 收藏手法 收藏于车尾箱内暗格 价值($港元) 13,783,000""]}"
4,GDRM26-037,2026/GDRM26-037 回覆2號 粵查詢70(有關兩用物項貨物流向).zip,查詢,2025-03-05,raw_cases/GDRM26-037/GDRM26-037【附件三】：25年出口至香港或经香港转口的两用物项纪录.xlsx,workbook,否,,管制或两用物项; 型号参数可核查字段; 普通拼箱分票字段,"{""管制或两用物项"": [""许可证"", ""稀土"", ""石墨"", ""镓"", ""两用物项"", ""最终用户"", ""钨"", ""锗"", ""锑"", ""出口管制"", ""碲""], ""型号参数可核查字段"": [""规格"", ""型号"", ""SPEC"", ""成分"", ""粒度"", ""牌号"", ""纯度""], ""普通拼箱分票字段"": [""拼箱"", ""集拼"", ""拼柜""]}","{""管制或两用物项"": [""编号 | 香港车牌 | 贸易国家名称 | 原产国 名称 | 贸易方式名称 | 境内收发货人代码 | 境内收发货人名称 | 项号 | 商品编号 | 商品名称 | 规格型号 | 法定第一计量单位 | 法定第一数量 | 统计美元价 | 统计人民币价 | 每项商品需要的监管证件类型 | 许可证号 | 备注 | 特殊通道操作标志 | 最终目的国（地区） | 中转地点代码 | 申报日期 | 进出口日期 | 运输方式名称 | 运输工具名称 | 航次运输工具号码（航次(班)号） | 监管方式 | 经停港(I)/指运港(E) | 进出口标识 | 进出口口岸 | 合同协议 | 随"", ""名称 | 消费使用单位代码 | 消费使用单位名称 | 申报单位代码 | 申报单位名称 | 境外收发货人名称(外文) | 启运国（地区）/运抵国（地区） | 第一计量单位代码名称 | 提运单号（主） | 进口报关纪录 | 出口报关纪录 | 集装箱数量 | 中文国家(地区)名称 | 许可证类型+许可证id | 毛重 | 申报计量单位 | 申报数量 | 件数（总） | 消费使用单位注册海关名称 | 申报单位注册海关名称 | 境内收发货人注册海关名称 | 大写境外发货人 | 集装箱号 | 船舶类型（S:小船；O:其他） 1 | 010720250000241988 |""], ""型号参数可核查字段"": [""[工作表] Sheet1 编号 | 海关编号 | 香港车牌 | 贸易国家名称 | 原产国 名称 | 贸易方式名称 | 境内收发货人代码 | 境内收发货人名称 | 项号 | 商品编号 | 商品名称 | 规格型号 | 法定第一计量单位 | 法定第一数量 | 统计美元价 | 统计人民币价 | 每项商品需要的监管证件类型 | 许可证号 | 备注 | 特殊通道操作标志 | 最终目的国（地区） | 中转地点代码 | 申报日期 | 进出口日期 | 运输方式名称 | 运输工具名称 | 航次运输工"", ""[工作表] Sheet1 编号 | 海关编号 | 香港车牌 | 贸易国家名称 | 原产国 名称 | 贸易方式名称 | 境内收发货人代码 | 境内收发货人名称 | 项号 | 商品编号 | 商品名称 | 规格型号 | 法定第一计量单位 | 法定第一数量 | 统计美元价 | 统计人民币价 | 每项商品需要的监管证件类型 | 许可证号 | 备注 | 特殊通道操作标志 | 最终目的国（地区） | 中转地点代码 | 申报日期 | 进出口日期 | 运输方式名称 | 运输工具名称 | 航次运输工具号""], ""普通拼箱分票字段"": [""095 | 上海戎列贸易有限公司 | 1 | 6815190020 | 石墨坩埚 | 0|0|石墨|无中文或外文品牌||7782-42-5 | 035 | 1655 | 36906.5 | 265283.92 | 3 | 24-09-X02633 | KYHKGJ2400552 拼箱封号OOLJXA8242 | false | AUS | HKHKG | 2025-01-04 13:48:01 | 2025-01-07 12:00:00 | 水路运输 | OOCL AMERICA | 177S | 0110 | AUS093 | E | 新港海关 | 24G"", ""0T | 天津大石碳素有限公司 | 1 | 6815190020 | 石墨棒 | 0|0|石墨|无中文或外文品牌,天津大石碳素有限公司|||Dia55,65×130,135mm | 035 | 500 | 7350 | 52703.18 | 3 | 25-02-X00646 | 拼箱 封号：CNTSN2407516 | false | AUS | HKHKG | 2025-03-11 14:46:45 | 2025-03-14 12:00:00 | 水路运输 | YM CELEBRITY | 083S | 0110 | AUS006 | E | 新港海关 |""]}"
4,GDRM26-037,2026/GDRM26-037 回覆2號 粵查詢70(有關兩用物項貨物流向).zip,查詢,2025-03-05,raw_cases/GDRM26-037/（25）粤查询70号附件（25年以来出口至香港或经香港转口的两用物项记录）.xlsx,workbook,否,,管制或两用物项; 型号参数可核查字段; 普通拼箱分票字段,"{""管制或两用物项"": [""许可证"", ""石墨"", ""锗"", ""两用物项"", ""镓"", ""出口管制"", ""最终用户"", ""稀土"", ""钨"", ""TUNGSTEN"", ""锑"", ""碲""], ""型号参数可核查字段"": [""规格"", ""型号"", ""牌号"", ""纯度"", ""成分"", ""SPEC"", ""粒度""], ""普通拼箱分票字段"": [""拼柜"", ""拼箱"", ""集拼""]}","{""管制或两用物项"": [""eet1 海关编号 | 贸易国家名称 | 原产国 名称 | 贸易方式名称 | 境内收发货人代码 | 境内收发货人名称 | 项号 | 商品编号 | 商品名称 | 规格型号 | 法定第一计量单位 | 法定第一数量 | 统计美元价 | 统计人民币价 | 每项商品需要的监管证件类型 | 许可证号 | 备注 | 特殊通道操作标志 | 最终目的国（地区） | 中转地点代码 | 申报日期 | 进出口日期 | 运输方式名称 | 运输工具名称 | 香港车牌 | 舱单货物名称 | 内地车牌 | 航次运输工具号码（航次(班)号） | 监管方式 | 经停港(I)/指运港(E) | 进"", ""| 净重（总） | 申报计量单位代码名称 | 消费使用单位代码 | 消费使用单位名称 | 申报单位代码 | 申报单位名称 | 境外收发货人名称(外文) | 启运国（地区）/运抵国（地区） | 第一计量单位代码名称 | 提运单号（主） | 集装箱数量 | 中文国家(地区)名称 | 许可证类型+许可证id | 毛重 | 申报计量单位 | 申报数量 | 件数（总） | 消费使用单位注册海关名称 | 申报单位注册海关名称 | 境内收发货人注册海关名称 | 大写境外发货人 | 集装箱号 | 船舶类型（S:小船；O:其他） 521320250635021391 | 乌拉圭""], ""型号参数可核查字段"": [""[工作表] Sheet1 海关编号 | 贸易国家名称 | 原产国 名称 | 贸易方式名称 | 境内收发货人代码 | 境内收发货人名称 | 项号 | 商品编号 | 商品名称 | 规格型号 | 法定第一计量单位 | 法定第一数量 | 统计美元价 | 统计人民币价 | 每项商品需要的监管证件类型 | 许可证号 | 备注 | 特殊通道操作标志 | 最终目的国（地区） | 中转地点代码 | 申报日期 | 进出口日期 | 运输方式名称 | 运输工具名称 | 香港车牌"", ""[工作表] Sheet1 海关编号 | 贸易国家名称 | 原产国 名称 | 贸易方式名称 | 境内收发货人代码 | 境内收发货人名称 | 项号 | 商品编号 | 商品名称 | 规格型号 | 法定第一计量单位 | 法定第一数量 | 统计美元价 | 统计人民币价 | 每项商品需要的监管证件类型 | 许可证号 | 备注 | 特殊通道操作标志 | 最终目的国（地区） | 中转地点代码 | 申报日期 | 进出口日期 | 运输方式名称 | 运输工具名称 | 香港车牌 |""], ""普通拼箱分票字段"": [""1 | 8806949010 | 40L 农业植保无人机 | 0|0|农业用，用于喷洒农药和播撒种子|农业无人飞机|25千克<最大起飞重量≤150千克|无中文及外文品牌|GM40 | 005 | 1 | 10779 | 77482.69 | 3 | 25-41-X00300 | 拼柜,[装卸口岸]:外关区 | false | URY | 2025-02-10 19:29:02 | 2025-02-11 12:00:00 | 公路运输 | 粤ZFL37港 | BV7668 | 40L 农业植保无人机 | 粤ZFL37港 | 5100607362273 | 01"", ""源智能科技有限公司 | 1 | 8806949010 | 包含气雾剂布撒系统/装置的操控无人驾驶航空器 | 1|0|喷洒农药用|多旋翼植保机|92KG|JOYANCE|JT40 | 005 | 3 | 33243 | 238342.34 | 3 | 25-15-X00687 | 拼柜，[装卸口岸]:外关区 | false | ZMB | 2025-04-15 16:38:57 | 2025-04-16 12:00:00 | 公路运输 | 粤ZGR47港 | RX3189 | 包含气雾剂布撒系统/装置的操控无人驾驶航空器 | 粤ZGR47港 | 5100608""]}"
4,GDRM26-105,2026/GDRM26-105 情報30號 兩宗陸路小車走私未列艙單貨物案件.zip,情報,,raw_cases/GDRM26-105/GDRM26-105附件一及二.pdf,page 1,否,,型号参数可核查字段; 明确藏匿或未申报,"{""型号参数可核查字段"": [""牌号""], ""明确藏匿或未申报"": [""暗格""]}","{""型号参数可核查字段"": [""- 注意 - 本函所载数据 仅作风险管理分析参考用途，不能向第三者透露或作法庭证供之用。 编号：GDRM26-105 附件一 情报：2026年30号 案件一资料 过关日期及时间 20/1/2026 1248 时 运输方式 陆路小车 车牌号码 FU4595 路线 香港(经香园围管制站)内地 被捕人资料(一) 姓名:邓国豪 DENG GUOHAO 性别:男 国籍:中国香港 年龄:41岁 身份证号码: R923775(4) 被捕人资料(二) 姓名:刘岸君 LIU ANJUN 性别:女 国籍:中国香港 年龄:38岁 身""], ""明确藏匿或未申报"": [""DENG GUOHAO 性别:男 国籍:中国香港 年龄:41岁 身份证号码: R923775(4) 被捕人资料(二) 姓名:刘岸君 LIU ANJUN 性别:女 国籍:中国香港 年龄:38岁 身份证号码: M494508(0) 检获物品 63个中央处理器 收藏手法 收藏于车尾箱内暗格 价值($港元) 24,948""]}"
4,GDRM26-167,2026/GDRM26-167 查詢106號 1票懷疑兩用物項陸路貨物.zip,查詢,,raw_cases/GDRM26-167/GDRM26-167貨運文件.pdf,page 14,否,,管制或两用物项; 型号参数可核查字段,"{""管制或两用物项"": [""石墨"", ""许可证""], ""型号参数可核查字段"": [""规格"", ""型号""]}","{""管制或两用物项"": [""公式定价确认:否支付特许权使用费确认:否价格影响确认:否特殊关系确认: (1) 照章征税(44139)惠州其他 (KOR) 韩国 (CHN) 中国 美元 900.00 3.0000 球化-表面处理-高温处理-筛 1|0|用于锂离子电池负极材料|黑色粉末|原料-粉碎 表面处理的球化石墨38019010001 备注:管制编码:1C108.c N/M 随附单证及编号 随附单证2:代理报关委托协议（电子）;发票;装箱单;企业提供的证明材料;合同 (99/22)包装种类 其他包装/纸制或纤维板制盒/箱 件数 1 毛重(千克) 320 净重(千克) 300 (3)成交方"", ""19 (KOR)贸易国（地区） 韩国 (KOR)运抵国（地区） 韩国 (KOR000)指运港 韩国 (471401)离境口岸 深圳湾 (91440300MA5H68E80C)生产销售单位 贝特瑞新材料集团销售有限公司 (0110)监管方式 一般贸易 (101)征免性质 一般征税 许可证号 25-41-X12374 境外收货人 LG Energy Solution,LTD. (4)运输方式 公路运输 运输工具名称及航次号 /9000012808625 提运单号 PLIHK2H00554A (91440300MA5H68E80C)境内发货人 贝特瑞新材料集团销售有""], ""型号参数可核查字段"": [""关别 深圳湾关 出口日期 申报日期 20260227 备案号 仅供核对用534520260000236297534520260000236297预录入编号： 海关编号： (深圳湾关) 1/1页码/页数: 中华人民共和国海关出口货物报关单 标记唛码及备注 项号 商品编号 商品名称及规格型号 数量及单位 单价/总价/币制 原产国(地区) 最终目的国(地区) 境内货源地 征免 300千克 300千克"", ""深圳湾关 出口日期 申报日期 20260227 备案号 仅供核对用534520260000236297534520260000236297预录入编号： 海关编号： (深圳湾关) 1/1页码/页数: 中华人民共和国海关出口货物报关单 标记唛码及备注 项号 商品编号 商品名称及规格型号 数量及单位 单价/总价/币制 原产国(地区) 最终目的国(地区) 境内货源地 征免 300千克 300千克""]}"
4,GDRM26-167,2026/GDRM26-167 查詢106號 1票懷疑兩用物項陸路貨物.zip,查詢,,raw_cases/GDRM26-167/GDRM26-167貨運文件.pdf,page 15,否,,管制或两用物项; 型号参数可核查字段,"{""管制或两用物项"": [""石墨"", ""许可证""], ""型号参数可核查字段"": [""规格"", ""型号""]}","{""管制或两用物项"": [""(美元) USD3.0000 原产国:中国 韩国(KOR)300千克 300千克表面处理的球化石墨 1|0|用于锂离子电池负极材料|黑色1 集装箱号 随附单证 生产厂家 合同协议号 BTR2517019 件数 1 包装种类 其他包装 毛重（千克） 320 净重（千克） 300 批准文号 25-41-X12374 成交方式(3) FOB 运费(KOR000) 保费(KOR000"", ""负极材料|黑色1 集装箱号 随附单证 生产厂家 合同协议号 BTR2517019 件数 1 包装种类 其他包装 毛重（千克） 320 净重（千克） 300 批准文号 25-41-X12374 成交方式(3) FOB 运费(KOR000) 保费(KOR000) 杂费(44139) 许可证号 25-41-X12374 运抵国(地区)(KOR) 韩国 指运港(地区)(KOR000) 韩国 境内货源地(44139) 惠州其他 生产销售单位(91440300MA5H68E80C) 贝特瑞新材料集团销售有限公司 监管方式 (0110) 一般贸易 征免性质 (101) 一般""], ""型号参数可核查字段"": [""00236297 预录入编号： 深圳湾关海关审单中心 2026年 2月 27日 通关无纸化出口放行通知书 深圳市星联达国际货运代理有限公司 知书及 相关单证至港区办理装货/提货手续。 你公司以通关无纸化方式向海关发送下列电子报关单数据业经海关审核放行，请携带本通 序号 商品名称、规格型号 数量及单位 最终目的国(地区) 单价 币制 -------------------------------------------------------------------------------------------------------------------"", ""236297 预录入编号： 深圳湾关海关审单中心 2026年 2月 27日 通关无纸化出口放行通知书 深圳市星联达国际货运代理有限公司 知书及 相关单证至港区办理装货/提货手续。 你公司以通关无纸化方式向海关发送下列电子报关单数据业经海关审核放行，请携带本通 序号 商品名称、规格型号 数量及单位 最终目的国(地区) 单价 币制 ------------------------------------------------------------------------------------------------------------------- 兹""]}"
4,GDRM26-167,2026/GDRM26-167 查詢106號 1票懷疑兩用物項陸路貨物.zip,查詢,,raw_cases/GDRM26-167/GDRM26-167貨運文件.pdf,page 16,否,,管制或两用物项; 型号参数可核查字段,"{""管制或两用物项"": [""石墨"", ""许可证""], ""型号参数可核查字段"": [""规格"", ""型号""]}","{""管制或两用物项"": [""价格确认:公式定价确认:支付特许权使用费确认:价格影响确认:特殊关系确认: (1) 照章征税(44139)惠州其他 (KOR) 韩国 (CHN) 中国 美元 0.60 3.0000 球化-表面处理-高温处理-筛 1|0|用于锂离子电池负极材料|黑色粉末|原料-粉碎 表面处理的球化石墨38019010001 备注:管制编码:1C108.c N/M 随附单证及编号 随附单证2:代理报关委托协议（电子）;发票;装箱单;合同;企业提供的证明材料 (22)包装种类 纸制或纤维板制盒/箱 件数 1 毛重(千克) 1.5 净重(千克) 0.2 (3)成交方式 FOB 运费"", ""P (KOR)贸易国（地区） 韩国 (KOR)运抵国（地区） 韩国 (KOR000)指运港 韩国 (471401)离境口岸 深圳湾 (91440300MA5H68E80C)生产销售单位 贝特瑞新材料集团销售有限公司 (3010)监管方式 货样广告品 (101)征免性质 一般征税 许可证号 25-41-X12283 境外收货人 LG Energy Solution,LTD. (4)运输方式 公路运输 运输工具名称及航次号 /9000012808625 提运单号 PLIHK2H00554 (91440300MA5H68E80C)境内发货人 贝特瑞新材料集团销售有限""], ""型号参数可核查字段"": [""关别 深圳湾关 出口日期 申报日期 20260227 备案号 仅供核对用534520260000236303534520260000236303预录入编号： 海关编号： (深圳湾关) 1/1页码/页数: 中华人民共和国海关出口货物报关单 标记唛码及备注 项号 商品编号 商品名称及规格型号 数量及单位 单价/总价/币制 原产国(地区) 最终目的国(地区) 境内货源地 征免 0.2千克 0.2千克"", ""深圳湾关 出口日期 申报日期 20260227 备案号 仅供核对用534520260000236303534520260000236303预录入编号： 海关编号： (深圳湾关) 1/1页码/页数: 中华人民共和国海关出口货物报关单 标记唛码及备注 项号 商品编号 商品名称及规格型号 数量及单位 单价/总价/币制 原产国(地区) 最终目的国(地区) 境内货源地 征免 0.2千克 0.2千克""]}"
4,GDRM26-167,2026/GDRM26-167 查詢106號 1票懷疑兩用物項陸路貨物.zip,查詢,,raw_cases/GDRM26-167/GDRM26-167貨運文件.pdf,page 17,否,,管制或两用物项; 型号参数可核查字段,"{""管制或两用物项"": [""石墨"", ""许可证""], ""型号参数可核查字段"": [""规格"", ""型号""]}","{""管制或两用物项"": [""(美元) USD3.0000 原产国:中国 韩国(KOR)0.2千克 0.2千克表面处理的球化石墨 1|0|用于锂离子电池负极材料|黑色1 集装箱号 随附单证 生产厂家 合同协议号 BTR2517008-YP 件数 1 包装种类 箱 纸制或纤维板制盒/ 毛重（千克） 1.50000 净重（千克） 0.20000 批准文号 25-41-X12283 成交方式(3) FOB 运费"", ""生产厂家 合同协议号 BTR2517008-YP 件数 1 包装种类 箱 纸制或纤维板制盒/ 毛重（千克） 1.50000 净重（千克） 0.20000 批准文号 25-41-X12283 成交方式(3) FOB 运费(KOR000) 保费(KOR000) 杂费(44139) 许可证号 25-41-X12283 运抵国(地区)(KOR) 韩国 指运港(地区)(KOR000) 韩国 境内货源地(44139) 惠州其他 生产销售单位(91440300MA5H68E80C) 贝特瑞新材料集团销售有限公司 监管方式 (3010) 货样广告品 征免性质 (101) 一""], ""型号参数可核查字段"": [""00236303 预录入编号： 深圳湾关海关审单中心 2026年 2月 27日 通关无纸化出口放行通知书 深圳市星联达国际货运代理有限公司 知书及 相关单证至港区办理装货/提货手续。 你公司以通关无纸化方式向海关发送下列电子报关单数据业经海关审核放行，请携带本通 序号 商品名称、规格型号 数量及单位 最终目的国(地区) 单价 币制 -------------------------------------------------------------------------------------------------------------------"", ""236303 预录入编号： 深圳湾关海关审单中心 2026年 2月 27日 通关无纸化出口放行通知书 深圳市星联达国际货运代理有限公司 知书及 相关单证至港区办理装货/提货手续。 你公司以通关无纸化方式向海关发送下列电子报关单数据业经海关审核放行，请携带本通 序号 商品名称、规格型号 数量及单位 最终目的国(地区) 单价 币制 ------------------------------------------------------------------------------------------------------------------- 兹""]}"
4,GDRM26-217,2026/GDRM26-217 查詢129號 1票懷疑兩用物項陸路貨物.zip,查詢,2026年03月11日,raw_cases/GDRM26-217/GDRM26-217貨運文件.pdf,page 1,否,,管制或两用物项; 型号参数可核查字段,"{""管制或两用物项"": [""许可证"", ""稀土""], ""型号参数可核查字段"": [""规格"", ""型号""]}","{""管制或两用物项"": [""司 收发货人 结汇方式 一般征税 征免性质 (101) 一般贸易 监管方式 (0110) 海美格磁石技术(深圳)有限公司 生产销售单位(91440300724736304W) 深圳特区 境内货源地(44031) 日本 指运港(地区)(JPN000) 日本 运抵国(地区)(JPN)许可证号 杂费(44031)保费(JPN000)运费(JPN000) FOB 成交方式(3)批准文号 256.44000 净重（千克） 350 毛重（千克） 再生木托 包装种类 1 件数 HMG2026031202 合同协议号 生产厂家随附单证集装箱号 1 稀土永磁体 0|0|铈5%/"", ""抵国(地区)(JPN)许可证号 杂费(44031)保费(JPN000)运费(JPN000) FOB 成交方式(3)批准文号 256.44000 净重（千克） 350 毛重（千克） 再生木托 包装种类 1 件数 HMG2026031202 合同协议号 生产厂家随附单证集装箱号 1 稀土永磁体 0|0|铈5%/钕20%镨5%铁67%硼1.5%环 214.62千克 214.62千克 日本(JPN) 原产国:中国 41.9625 USD (美元) 2 稀土永磁体 0|0|铈5%/钕20%镨5%铁67%硼1.5%环 6.73千克 6.73千克 日本(JPN) 原产国:""], ""型号参数可核查字段"": [""------------------------------------------------------------------------------------------------------------------- 币制单价最终目的国(地区)数量及单位商品名称、规格型号序号 你公司以通关无纸化方式向海关发送下列电子报关单数据业经海关审核放行，请携带本通 知书及 相关单证至港区办理装货/提货手续。 深圳市安迅报关有限公司 通关无纸化出口放行通知书 11日3月2026年 深圳湾关海关审单中心 预录入编号： 534520260000284328"", ""------------------------------------------------------------------------------------------------------------------ 币制单价最终目的国(地区)数量及单位商品名称、规格型号序号 你公司以通关无纸化方式向海关发送下列电子报关单数据业经海关审核放行，请携带本通 知书及 相关单证至港区办理装货/提货手续。 深圳市安迅报关有限公司 通关无纸化出口放行通知书 11日3月2026年 深圳湾关海关审单中心 预录入编号： 534520260000284328 海关""]}"
4,GDRM26-217,2026/GDRM26-217 查詢129號 1票懷疑兩用物項陸路貨物.zip,查詢,2026年03月11日,raw_cases/GDRM26-217/GDRM26-217貨運文件.pdf,page 10,否,,管制或两用物项; 型号参数可核查字段,"{""管制或两用物项"": [""许可证"", ""稀土""], ""型号参数可核查字段"": [""规格"", ""型号""]}","{""管制或两用物项"": [""5345) 海美格磁石技术(深圳)有限公司 境内发货人 (91440300724736304W) FLSJ25 提运单号 /9000012978255 运输工具名称及航次号 公路运输 运输方式 (4) YAMAUCHI CORP. (OSADANO FACTORY) 境外收货人 许可证号 一般征税 征免性质 (101) 一般贸易 监管方式 (0110) 海美格磁石技术(深圳)有限公司 生产销售单位 (91440300724736304W) 深圳湾 离境口岸 (471401) 日本 指运港 (JPN000) 日本 运抵国（地区） (JPN) 日本 贸易国（地区）"", ""同协议号 杂费保费运费 FOB 成交方式 (3) 256.44 净重(千克) 350 毛重(千克) 1 件数 再生木托/再生木托 包装种类 (92/92) 随附单证2:代理报关委托协议（电子）;企业提供的声明 随附单证及编号 备注:不属于管制物项 N/M 1 8505111000稀土永磁体 0|0|铈5%/钕20%镨5%铁67%硼1.5%环氧树脂1.5%|无 牌|无型号|[钕、镨、铈] 30% 41.9625 9006.00 美元 中国 (CHN) 日本 (JPN) (44031)深圳特区 照章征税 (1) 2 8505111000稀土永磁体 0|0|铈5%""], ""型号参数可核查字段"": [""*534520260000284328* 35.09千克 35.09千克 6.73千克 6.73千克 214.62千克 214.62千克 征免境内货源地最终目的国(地区)原产国(地区)单价/总价/币制数量及单位商品名称及规格型号商品编号项号 标记唛码及备注 中华人民共和国海关出口货物报关单 页码/页数:1/1(深圳湾关)海关编号：预录入编号：534520260000284328 534520260000284328 仅供核对用 备案号 20260311 申报日期出口日期 深圳湾关 出境关别 (534"", ""*534520260000284328* 35.09千克 35.09千克 6.73千克 6.73千克 214.62千克 214.62千克 征免境内货源地最终目的国(地区)原产国(地区)单价/总价/币制数量及单位商品名称及规格型号商品编号项号 标记唛码及备注 中华人民共和国海关出口货物报关单 页码/页数:1/1(深圳湾关)海关编号：预录入编号：534520260000284328 534520260000284328 仅供核对用 备案号 20260311 申报日期出口日期 深圳湾关 出境关别 (5345)""]}"
4,GDRM26-217,2026/GDRM26-217 查詢129號 1票懷疑兩用物項陸路貨物.zip,查詢,2026年03月11日,raw_cases/GDRM26-217/GDRM26-217貨運文件.pdf,page 11,否,,管制或两用物项; 型号参数可核查字段,"{""管制或两用物项"": [""许可证"", ""稀土""], ""型号参数可核查字段"": [""规格"", ""型号""]}","{""管制或两用物项"": [""1 申报日期出口日期 深圳湾关 出境关别 (5345) 海美格磁石技术(深圳)有限公司 境内发货人 (91440300724736304W) FLSJ26 提运单号 /9000012978255 运输工具名称及航次号 公路运输 运输方式 (4) Bomatec AG 境外收货人 许可证号 一般征税 征免性质 (101) 一般贸易 监管方式 (0110) 海美格磁石技术(深圳)有限公司 生产销售单位 (91440300724736304W) 深圳湾 离境口岸 (471401) 瑞士 指运港 (CHE000) 瑞士 运抵国（地区） (CHE) 瑞士 贸易国（地区）"", ""同协议号 杂费保费运费 FOB 成交方式 (3) 476.21 净重(千克) 620 毛重(千克) 2 件数 再生木托/再生木托 包装种类 (92/92) 随附单证2:代理报关委托协议（电子）;企业提供的声明 随附单证及编号 备注:不属于管制物项 N/M 1 8505111000稀土永磁体 0|0|钆0.07%/钇0.01%钴0.04%/钕23.36%硼1%镨3.5% 铁70.45%铌1.38%/锆0.02%/环 220.0320 45641.23 人民币 中国 (CHN) 瑞士 (CHE) (44031)深圳特区 照章征税 (1) 2 8505111000""], ""型号参数可核查字段"": [""*534520260000284334* 7.96千克 7.96千克 260.82千克 260.82千克 207.43千克 207.43千克 征免境内货源地最终目的国(地区)原产国(地区)单价/总价/币制数量及单位商品名称及规格型号商品编号项号 标记唛码及备注 中华人民共和国海关出口货物报关单 页码/页数:1/1(深圳湾关)海关编号：预录入编号：534520260000284334 534520260000284334 仅供核对用 备案号 20260311 申报日期出口日期 深圳湾关 出境关别 (534"", ""*534520260000284334* 7.96千克 7.96千克 260.82千克 260.82千克 207.43千克 207.43千克 征免境内货源地最终目的国(地区)原产国(地区)单价/总价/币制数量及单位商品名称及规格型号商品编号项号 标记唛码及备注 中华人民共和国海关出口货物报关单 页码/页数:1/1(深圳湾关)海关编号：预录入编号：534520260000284334 534520260000284334 仅供核对用 备案号 20260311 申报日期出口日期 深圳湾关 出境关别 (5345)""]}"
4,GDRM26-217,2026/GDRM26-217 查詢129號 1票懷疑兩用物項陸路貨物.zip,查詢,2026年03月11日,raw_cases/GDRM26-217/GDRM26-217貨運文件.pdf,page 12,否,,管制或两用物项; 型号参数可核查字段,"{""管制或两用物项"": [""许可证"", ""稀土""], ""型号参数可核查字段"": [""规格"", ""型号""]}","{""管制或两用物项"": [""司 收发货人 结汇方式 一般征税 征免性质 (101) 一般贸易 监管方式 (0110) 海美格磁石技术(深圳)有限公司 生产销售单位(91440300724736304W) 深圳特区 境内货源地(44031) 瑞士 指运港(地区)(CHE000) 瑞士 运抵国(地区)(CHE)许可证号 杂费(44031)保费(CHE000)运费(CHE000) FOB 成交方式(3)批准文号 476.21000 净重（千克） 620 毛重（千克） 再生木托 包装种类 2 件数 HMG26032003 合同协议号 生产厂家随附单证集装箱号 1 稀土永磁体 0|0|钆0.07%"", ""运抵国(地区)(CHE)许可证号 杂费(44031)保费(CHE000)运费(CHE000) FOB 成交方式(3)批准文号 476.21000 净重（千克） 620 毛重（千克） 再生木托 包装种类 2 件数 HMG26032003 合同协议号 生产厂家随附单证集装箱号 1 稀土永磁体 0|0|钆0.07%/钇0.01%钴0.04%/钕2 207.43千克 207.43千克 瑞士(CHE) 原产国:中国 220.0320 CNY (人民币) 2 稀土永磁体 0|0|钆0.33%钴0.03%/钕10.77%硼0 260.82千克 260.82千克 瑞士(C""], ""型号参数可核查字段"": [""------------------------------------------------------------------------------------------------------------------- 币制单价最终目的国(地区)数量及单位商品名称、规格型号序号 你公司以通关无纸化方式向海关发送下列电子报关单数据业经海关审核放行，请携带本通 知书及 相关单证至港区办理装货/提货手续。 深圳市安迅报关有限公司 通关无纸化出口放行通知书 11日3月2026年 深圳湾关海关审单中心 预录入编号： 534520260000284334"", ""------------------------------------------------------------------------------------------------------------------ 币制单价最终目的国(地区)数量及单位商品名称、规格型号序号 你公司以通关无纸化方式向海关发送下列电子报关单数据业经海关审核放行，请携带本通 知书及 相关单证至港区办理装货/提货手续。 深圳市安迅报关有限公司 通关无纸化出口放行通知书 11日3月2026年 深圳湾关海关审单中心 预录入编号： 534520260000284334 海关""]}"
4,GDRM26-217,2026/GDRM26-217 查詢129號 1票懷疑兩用物項陸路貨物.zip,查詢,2026年03月11日,raw_cases/GDRM26-217/GDRM26-217貨運文件.pdf,page 13,否,,管制或两用物项; 型号参数可核查字段,"{""管制或两用物项"": [""许可证"", ""稀土""], ""型号参数可核查字段"": [""规格"", ""型号""]}","{""管制或两用物项"": [""的国(地区)数量及单位商品名称、规格型号商品编号项号 中华人民共和国海关出口货物报关单商品附加页 页码/页数:1/1(深圳湾关)海关编号：统一编号：E20260001706484815 534520260000284334 仅供核对用 备注：不属于管制物项N/M B/L：用途： 许可证/审批号： 原产地对应关系： 运输工具名称：航次号：提运单号：FLSJ26 9000012978255 tips: 总价162320.28,成交数量合计476.21000,法定数量合计476.21000,第二数量合计0 1 8505111000 稀土永磁体 0|0|钆0.07%/"", ""物项N/M B/L：用途： 许可证/审批号： 原产地对应关系： 运输工具名称：航次号：提运单号：FLSJ26 9000012978255 tips: 总价162320.28,成交数量合计476.21000,法定数量合计476.21000,第二数量合计0 1 8505111000 稀土永磁体 0|0|钆0.07%/钇0.01%钴0.04%/钕23.36%硼1%镨 3.5%铁70.45%铌1.38%/锆0.02%/环氧树脂0.17%| 无牌|无型号|[钆、钇、钕、镨] 26.94% |||备 注：图号107192.002 非管控物项 瑞士(CHE) 原产国 :中""], ""型号参数可核查字段"": [""*534520260000284334* 7.96千克 7.96千克 260.82千克 260.82千克 207.43千克 207.43千克 危险货物信息版本号征免单价/总价/币制最终目的国(地区)数量及单位商品名称、规格型号商品编号项号 中华人民共和国海关出口货物报关单商品附加页 页码/页数:1/1(深圳湾关)海关编号：统一编号：E20260001706484815 534520260000284334 仅供核对用 备注：不属于管制物项N/M B/L：用途： 许可证/审批号： 原产地对应关系："", ""*534520260000284334* 7.96千克 7.96千克 260.82千克 260.82千克 207.43千克 207.43千克 危险货物信息版本号征免单价/总价/币制最终目的国(地区)数量及单位商品名称、规格型号商品编号项号 中华人民共和国海关出口货物报关单商品附加页 页码/页数:1/1(深圳湾关)海关编号：统一编号：E20260001706484815 534520260000284334 仅供核对用 备注：不属于管制物项N/M B/L：用途： 许可证/审批号： 原产地对应关系： 运输""]}"
4,GDRM26-217,2026/GDRM26-217 查詢129號 1票懷疑兩用物項陸路貨物.zip,查詢,2026年03月11日,raw_cases/GDRM26-217/GDRM26-217貨運文件.pdf,page 14,否,,管制或两用物项; 型号参数可核查字段,"{""管制或两用物项"": [""许可证"", ""稀土""], ""型号参数可核查字段"": [""规格"", ""型号""]}","{""管制或两用物项"": [""(5345) 海美格磁石技术(深圳)有限公司 境内发货人 (91440300724736304W) FLSJ24 提运单号 /9000012978255 运输工具名称及航次号 公路运输 运输方式 (4) EF Electrical (H.K.) Co., Ltd. 境外收货人 许可证号 一般征税 征免性质 (101) 一般贸易 监管方式 (0110) 海美格磁石技术(深圳)有限公司 生产销售单位 (91440300724736304W) 深圳湾 离境口岸 (471401) 中国香港 指运港 (HKG000) 中国香港 运抵国（地区） (HKG) 中国 贸易国"", ""合同协议号 杂费保费运费 FOB 成交方式 (3) 24.19 净重(千克) 28.37 毛重(千克) 3 件数 纸制或纤维板制盒/箱 包装种类 (22) 随附单证2:代理报关委托协议（电子）;企业提供的声明 随附单证及编号 备注:不属于管制物项 N/M 1 8505111000稀土永磁体 0|0|铁：64.32%钕14.57镨4.12%钆 3.69%铈10.04% 钴0.02%铜1.85%硼1.39%|无牌 117.9099 2852.24 美元 中国 (CHN) 中国香港 (HKG) (44031)深圳特区 照章征税 (1) 特殊关系确认: 价格影响确认""], ""型号参数可核查字段"": [""*534520260000284324* 24.19千克 24.19千克 征免境内货源地最终目的国(地区)原产国(地区)单价/总价/币制数量及单位商品名称及规格型号商品编号项号 标记唛码及备注 中华人民共和国海关出口货物报关单 页码/页数:1/1(深圳湾关)海关编号：预录入编号：534520260000284324 534520260000284324 仅供核对用 备案号 20260311 申报日期出口日期 深圳湾关 出境关别 (534"", ""*534520260000284324* 24.19千克 24.19千克 征免境内货源地最终目的国(地区)原产国(地区)单价/总价/币制数量及单位商品名称及规格型号商品编号项号 标记唛码及备注 中华人民共和国海关出口货物报关单 页码/页数:1/1(深圳湾关)海关编号：预录入编号：534520260000284324 534520260000284324 仅供核对用 备案号 20260311 申报日期出口日期 深圳湾关 出境关别 (5345)""]}"
4,GDRM26-217,2026/GDRM26-217 查詢129號 1票懷疑兩用物項陸路貨物.zip,查詢,2026年03月11日,raw_cases/GDRM26-217/GDRM26-217貨運文件.pdf,page 15,否,,管制或两用物项; 型号参数可核查字段,"{""管制或两用物项"": [""许可证"", ""稀土""], ""型号参数可核查字段"": [""规格"", ""型号""]}","{""管制或两用物项"": [""货人 结汇方式 一般征税 征免性质 (101) 一般贸易 监管方式 (0110) 海美格磁石技术(深圳)有限公司 生产销售单位(91440300724736304W) 深圳特区 境内货源地(44031) 中国香港 指运港(地区)(HKG000) 中国香港 运抵国(地区)(HKG)许可证号 杂费(44031)保费(HKG000)运费(HKG000) FOB 成交方式(3)批准文号 24.19000 净重（千克） 28.37000 毛重（千克） 纸制或纤维板制盒/ 箱 包装种类 3 件数 HMG26031201 合同协议号 生产厂家随附单证集装箱号 1 稀土永磁体"", ""G)许可证号 杂费(44031)保费(HKG000)运费(HKG000) FOB 成交方式(3)批准文号 24.19000 净重（千克） 28.37000 毛重（千克） 纸制或纤维板制盒/ 箱 包装种类 3 件数 HMG26031201 合同协议号 生产厂家随附单证集装箱号 1 稀土永磁体 0|0|铁：64.32%钕14.57镨4.12%钆 24.19千克 24.19千克 中国香港(HKG) 原产国:中国 117.9099 USD (美元) *534520260000284324* 打印时间：2026年03月16日 10:30:47 第1页/共1页""], ""型号参数可核查字段"": [""------------------------------------------------------------------------------------------------------------------- 币制单价最终目的国(地区)数量及单位商品名称、规格型号序号 你公司以通关无纸化方式向海关发送下列电子报关单数据业经海关审核放行，请携带本通 知书及 相关单证至港区办理装货/提货手续。 深圳市安迅报关有限公司 通关无纸化出口放行通知书 11日3月2026年 深圳湾关海关审单中心 预录入编号： 534520260000284324"", ""------------------------------------------------------------------------------------------------------------------ 币制单价最终目的国(地区)数量及单位商品名称、规格型号序号 你公司以通关无纸化方式向海关发送下列电子报关单数据业经海关审核放行，请携带本通 知书及 相关单证至港区办理装货/提货手续。 深圳市安迅报关有限公司 通关无纸化出口放行通知书 11日3月2026年 深圳湾关海关审单中心 预录入编号： 534520260000284324 海关""]}"
4,GDRM26-217,2026/GDRM26-217 查詢129號 1票懷疑兩用物項陸路貨物.zip,查詢,2026年03月11日,raw_cases/GDRM26-217/GDRM26-217貨運文件.pdf,page 16,否,,管制或两用物项; 型号参数可核查字段,"{""管制或两用物项"": [""许可证"", ""稀土""], ""型号参数可核查字段"": [""规格"", ""型号""]}","{""管制或两用物项"": [""的国(地区)数量及单位商品名称、规格型号商品编号项号 中华人民共和国海关出口货物报关单商品附加页 页码/页数:1/1(深圳湾关)海关编号：统一编号：E20260001706474879 534520260000284324 仅供核对用 备注：不属于管制物项N/M B/L：用途： 许可证/审批号： 原产地对应关系： 运输工具名称：航次号：提运单号：FLSJ24 9000012978255 tips: 总价2852.24,成交数量合计24.19000,法定数量合计24.19000,第二数量合计0 1 8505111000 稀土永磁体 0|0|铁：64.32%钕14"", ""属于管制物项N/M B/L：用途： 许可证/审批号： 原产地对应关系： 运输工具名称：航次号：提运单号：FLSJ24 9000012978255 tips: 总价2852.24,成交数量合计24.19000,法定数量合计24.19000,第二数量合计0 1 8505111000 稀土永磁体 0|0|铁：64.32%钕14.57镨4.12%钆 3.69%铈 10.04%钴0.02%铜1.85%硼1.39%|无牌|无型号| [钕、镨、铈、钆]32.42% |||备注：图号： 0123442 非管控物项 中国香港(HKG) 原产国 :中国 117.9099 285""], ""型号参数可核查字段"": [""*534520260000284324* 24.19千克 24.19千克 危险货物信息版本号征免单价/总价/币制最终目的国(地区)数量及单位商品名称、规格型号商品编号项号 中华人民共和国海关出口货物报关单商品附加页 页码/页数:1/1(深圳湾关)海关编号：统一编号：E20260001706474879 534520260000284324 仅供核对用 备注：不属于管制物项N/M B/L：用途： 许可证/审批号： 原产地对应关系："", ""*534520260000284324* 24.19千克 24.19千克 危险货物信息版本号征免单价/总价/币制最终目的国(地区)数量及单位商品名称、规格型号商品编号项号 中华人民共和国海关出口货物报关单商品附加页 页码/页数:1/1(深圳湾关)海关编号：统一编号：E20260001706474879 534520260000284324 仅供核对用 备注：不属于管制物项N/M B/L：用途： 许可证/审批号： 原产地对应关系： 运输""]}"
4,GDRM26-217,2026/GDRM26-217 查詢129號 1票懷疑兩用物項陸路貨物.zip,查詢,2026年03月11日,raw_cases/GDRM26-217/GDRM26-217貨運文件.pdf,page 2,否,,管制或两用物项; 型号参数可核查字段,"{""管制或两用物项"": [""许可证"", ""稀土""], ""型号参数可核查字段"": [""规格"", ""型号""]}","{""管制或两用物项"": [""的国(地区)数量及单位商品名称、规格型号商品编号项号 中华人民共和国海关出口货物报关单商品附加页 页码/页数:1/1(深圳湾关)海关编号：统一编号：E20260001706476779 534520260000284328 仅供核对用 备注：不属于管制物项N/M B/L：用途： 许可证/审批号： 原产地对应关系： 运输工具名称：航次号：提运单号：FLSJ25 9000012978255 tips: 总价11215.88,成交数量合计256.44000,法定数量合计256.44000,第二数量合计0 1 8505111000 稀土永磁体 0|0|铈5%/钕20%"", ""制物项N/M B/L：用途： 许可证/审批号： 原产地对应关系： 运输工具名称：航次号：提运单号：FLSJ25 9000012978255 tips: 总价11215.88,成交数量合计256.44000,法定数量合计256.44000,第二数量合计0 1 8505111000 稀土永磁体 0|0|铈5%/钕20%镨5%铁67%硼1.5%环氧树脂1.5%| 无牌|无型号|[钕、镨、铈] 30%|||备注图号： H-D143-P-101-12LG 非管控物项 日本(JPN) 原产国 :中国 41.9625 9006.00 美元 (USD) 照章征税 (1) 2""], ""型号参数可核查字段"": [""*534520260000284328* 35.09千克 35.09千克 6.73千克 6.73千克 214.62千克 214.62千克 危险货物信息版本号征免单价/总价/币制最终目的国(地区)数量及单位商品名称、规格型号商品编号项号 中华人民共和国海关出口货物报关单商品附加页 页码/页数:1/1(深圳湾关)海关编号：统一编号：E20260001706476779 534520260000284328 仅供核对用 备注：不属于管制物项N/M B/L：用途： 许可证/审批号： 原产地对应关系："", ""*534520260000284328* 35.09千克 35.09千克 6.73千克 6.73千克 214.62千克 214.62千克 危险货物信息版本号征免单价/总价/币制最终目的国(地区)数量及单位商品名称、规格型号商品编号项号 中华人民共和国海关出口货物报关单商品附加页 页码/页数:1/1(深圳湾关)海关编号：统一编号：E20260001706476779 534520260000284328 仅供核对用 备注：不属于管制物项N/M B/L：用途： 许可证/审批号： 原产地对应关系： 运输""]}"
4,GDRM26-217,2026/GDRM26-217 查詢129號 1票懷疑兩用物項陸路貨物.zip,查詢,2026年03月11日,raw_cases/GDRM26-217/GDRM26-217貨運文件.pdf,page 3,否,,管制或两用物项; 型号参数可核查字段,"{""管制或两用物项"": [""许可证"", ""稀土""], ""型号参数可核查字段"": [""规格"", ""型号""]}","{""管制或两用物项"": [""别 (5345) 海美格磁石技术(深圳)有限公司 境内发货人 (91440300724736304W) FLSJ28 提运单号 /9000012978255 运输工具名称及航次号 公路运输 运输方式 (4) Nidec Philippines Corporation 境外收货人 许可证号 一般征税 征免性质 (101) 一般贸易 监管方式 (0110) 海美格磁石技术(深圳)有限公司 生产销售单位 (91440300724736304W) 深圳湾 离境口岸 (471401) 菲律宾 指运港 (PHL000) 菲律宾 运抵国（地区） (PHL) 菲律宾 贸易国（"", ""同协议号 杂费保费运费 FOB 成交方式 (3) 127.94 净重(千克) 172 毛重(千克) 1 件数 再生木托/再生木托 包装种类 (92/92) 随附单证2:代理报关委托协议（电子）;企业提供的声明 随附单证及编号 备注:不属于管制物项 N/M 1 8505111000稀土永磁体 0|0|钆0.13%钕15.39%铁73.18%钴0.05%镨6.21%铈 2.03%锆0.42%镧1.31%硼1.28%| 49.9896 6395.67 美元 中国 (CHN) 菲律宾 (PHL) (44031)深圳特区 照章征税 (1) 特殊关系确认: 价格影响确认""], ""型号参数可核查字段"": [""*534520260000284340* 127.94千克 127.94千克 征免境内货源地最终目的国(地区)原产国(地区)单价/总价/币制数量及单位商品名称及规格型号商品编号项号 标记唛码及备注 中华人民共和国海关出口货物报关单 页码/页数:1/1(深圳湾关)海关编号：预录入编号：534520260000284340 534520260000284340 仅供核对用 备案号 20260311 申报日期出口日期 深圳湾关 出境关别 (534"", ""*534520260000284340* 127.94千克 127.94千克 征免境内货源地最终目的国(地区)原产国(地区)单价/总价/币制数量及单位商品名称及规格型号商品编号项号 标记唛码及备注 中华人民共和国海关出口货物报关单 页码/页数:1/1(深圳湾关)海关编号：预录入编号：534520260000284340 534520260000284340 仅供核对用 备案号 20260311 申报日期出口日期 深圳湾关 出境关别 (5345)""]}"
4,GDRM26-217,2026/GDRM26-217 查詢129號 1票懷疑兩用物項陸路貨物.zip,查詢,2026年03月11日,raw_cases/GDRM26-217/GDRM26-217貨運文件.pdf,page 4,否,,管制或两用物项; 型号参数可核查字段,"{""管制或两用物项"": [""许可证"", ""稀土""], ""型号参数可核查字段"": [""规格"", ""型号""]}","{""管制或两用物项"": [""收发货人 结汇方式 一般征税 征免性质 (101) 一般贸易 监管方式 (0110) 海美格磁石技术(深圳)有限公司 生产销售单位(91440300724736304W) 深圳特区 境内货源地(44031) 菲律宾 指运港(地区)(PHL000) 菲律宾 运抵国(地区)(PHL)许可证号 杂费(44031)保费(PHL000)运费(PHL000) FOB 成交方式(3)批准文号 127.94000 净重（千克） 172 毛重（千克） 再生木托 包装种类 1 件数 HMG2026031205 合同协议号 生产厂家随附单证集装箱号 1 稀土永磁体 0|0|钆0.1"", ""抵国(地区)(PHL)许可证号 杂费(44031)保费(PHL000)运费(PHL000) FOB 成交方式(3)批准文号 127.94000 净重（千克） 172 毛重（千克） 再生木托 包装种类 1 件数 HMG2026031205 合同协议号 生产厂家随附单证集装箱号 1 稀土永磁体 0|0|钆0.13%钕15.39%铁73.18%钴0 127.94千克 127.94千克 菲律宾(PHL) 原产国:中国 49.9896 USD (美元) *534520260000284340* 打印时间：2026年03月16日 10:33:41 第1页/共1页""], ""型号参数可核查字段"": [""------------------------------------------------------------------------------------------------------------------- 币制单价最终目的国(地区)数量及单位商品名称、规格型号序号 你公司以通关无纸化方式向海关发送下列电子报关单数据业经海关审核放行，请携带本通 知书及 相关单证至港区办理装货/提货手续。 深圳市安迅报关有限公司 通关无纸化出口放行通知书 11日3月2026年 深圳湾关海关审单中心 预录入编号： 534520260000284340"", ""------------------------------------------------------------------------------------------------------------------ 币制单价最终目的国(地区)数量及单位商品名称、规格型号序号 你公司以通关无纸化方式向海关发送下列电子报关单数据业经海关审核放行，请携带本通 知书及 相关单证至港区办理装货/提货手续。 深圳市安迅报关有限公司 通关无纸化出口放行通知书 11日3月2026年 深圳湾关海关审单中心 预录入编号： 534520260000284340 海关""]}"
4,GDRM26-217,2026/GDRM26-217 查詢129號 1票懷疑兩用物項陸路貨物.zip,查詢,2026年03月11日,raw_cases/GDRM26-217/GDRM26-217貨運文件.pdf,page 5,否,,管制或两用物项; 型号参数可核查字段,"{""管制或两用物项"": [""许可证"", ""稀土""], ""型号参数可核查字段"": [""规格"", ""型号""]}","{""管制或两用物项"": [""的国(地区)数量及单位商品名称、规格型号商品编号项号 中华人民共和国海关出口货物报关单商品附加页 页码/页数:1/1(深圳湾关)海关编号：统一编号：E20260001706494349 534520260000284340 仅供核对用 备注：不属于管制物项N/M B/L：用途： 许可证/审批号： 原产地对应关系： 运输工具名称：航次号：提运单号：FLSJ28 9000012978255 tips: 总价6395.67,成交数量合计127.94000,法定数量合计127.94000,第二数量合计0 1 8505111000 稀土永磁体 0|0|钆0.13%钕15"", ""管制物项N/M B/L：用途： 许可证/审批号： 原产地对应关系： 运输工具名称：航次号：提运单号：FLSJ28 9000012978255 tips: 总价6395.67,成交数量合计127.94000,法定数量合计127.94000,第二数量合计0 1 8505111000 稀土永磁体 0|0|钆0.13%钕15.39%铁73.18%钴0.05%镨6.21% 铈2.03%锆0.42%镧1.31%硼1.28%|无牌|无型号| [钕、镨、钆、铈、镧] 25.07% |||备注：图 号：F180083100 非管控物项 菲律宾(PHL) 原产国 :中国 49.""], ""型号参数可核查字段"": [""*534520260000284340* 127.94千克 127.94千克 危险货物信息版本号征免单价/总价/币制最终目的国(地区)数量及单位商品名称、规格型号商品编号项号 中华人民共和国海关出口货物报关单商品附加页 页码/页数:1/1(深圳湾关)海关编号：统一编号：E20260001706494349 534520260000284340 仅供核对用 备注：不属于管制物项N/M B/L：用途： 许可证/审批号： 原产地对应关系："", ""*534520260000284340* 127.94千克 127.94千克 危险货物信息版本号征免单价/总价/币制最终目的国(地区)数量及单位商品名称、规格型号商品编号项号 中华人民共和国海关出口货物报关单商品附加页 页码/页数:1/1(深圳湾关)海关编号：统一编号：E20260001706494349 534520260000284340 仅供核对用 备注：不属于管制物项N/M B/L：用途： 许可证/审批号： 原产地对应关系： 运输""]}"
4,GDRM26-217,2026/GDRM26-217 查詢129號 1票懷疑兩用物項陸路貨物.zip,查詢,2026年03月11日,raw_cases/GDRM26-217/GDRM26-217貨運文件.pdf,page 6,否,,管制或两用物项; 型号参数可核查字段,"{""管制或两用物项"": [""许可证"", ""稀土""], ""型号参数可核查字段"": [""规格"", ""型号""]}","{""管制或两用物项"": [""出境关别 (5345) 海美格磁石技术(深圳)有限公司 境内发货人 (91440300724736304W) FLSJ27 提运单号 /9000012978255 运输工具名称及航次号 公路运输 运输方式 (4) NIDEC VIETNAM CORPORATION 境外收货人 许可证号 一般征税 征免性质 (101) 一般贸易 监管方式 (0110) 海美格磁石技术(深圳)有限公司 生产销售单位 (91440300724736304W) 深圳湾 离境口岸 (471401) 越南 指运港 (VNM000) 越南 运抵国（地区） (VNM) 越南 贸易国（地区）"", ""合同协议号 杂费保费运费 FOB 成交方式 (3) 189.6 净重(千克) 237 毛重(千克) 1 件数 再生木托/再生木托 包装种类 (92/92) 随附单证2:代理报关委托协议（电子）;企业提供的声明 随附单证及编号 备注:不属于管制物项 N/M 1 8505111000稀土永磁体 0|0|钆0.1%钕26.4%铁64.77%钴0.44%镨7%锆0.18%硼 1.11%|无牌|无型号|[钕、镨 27.3022 245.72 美元 中国 (CHN) 越南 (VNM) (44031)深圳特区 照章征税 (1) 2 8505111000稀土永磁体 0|0|""], ""型号参数可核查字段"": [""520260000284336* 9.32千克 9.32千克 6.3千克 6.3千克 34.99千克 34.99千克 7.61千克 7.61千克 122.38千克 122.38千克 9千克 9千克 征免境内货源地最终目的国(地区)原产国(地区)单价/总价/币制数量及单位商品名称及规格型号商品编号项号 标记唛码及备注 中华人民共和国海关出口货物报关单 页码/页数:1/1(深圳湾关)海关编号：预录入编号：534520260000284336 534520260000284336 仅供核对用 备案号 20260311 申报日期出口日期 深圳湾关 出境关别 (534"", ""0260000284336* 9.32千克 9.32千克 6.3千克 6.3千克 34.99千克 34.99千克 7.61千克 7.61千克 122.38千克 122.38千克 9千克 9千克 征免境内货源地最终目的国(地区)原产国(地区)单价/总价/币制数量及单位商品名称及规格型号商品编号项号 标记唛码及备注 中华人民共和国海关出口货物报关单 页码/页数:1/1(深圳湾关)海关编号：预录入编号：534520260000284336 534520260000284336 仅供核对用 备案号 20260311 申报日期出口日期 深圳湾关 出境关别 (5345)""]}"
4,GDRM26-217,2026/GDRM26-217 查詢129號 1票懷疑兩用物項陸路貨物.zip,查詢,2026年03月11日,raw_cases/GDRM26-217/GDRM26-217貨運文件.pdf,page 7,否,,管制或两用物项; 型号参数可核查字段,"{""管制或两用物项"": [""许可证"", ""稀土""], ""型号参数可核查字段"": [""规格"", ""型号""]}","{""管制或两用物项"": [""司 收发货人 结汇方式 一般征税 征免性质 (101) 一般贸易 监管方式 (0110) 海美格磁石技术(深圳)有限公司 生产销售单位(91440300724736304W) 深圳特区 境内货源地(44031) 越南 指运港(地区)(VNM000) 越南 运抵国(地区)(VNM)许可证号 杂费(44031)保费(VNM000)运费(VNM000) FOB 成交方式(3)批准文号 189.60000 净重（千克） 237 毛重（千克） 再生木托 包装种类 1 件数 HMG2026031204 合同协议号 生产厂家随附单证集装箱号 1 稀土永磁体 0|0|钆0.1"", ""抵国(地区)(VNM)许可证号 杂费(44031)保费(VNM000)运费(VNM000) FOB 成交方式(3)批准文号 189.60000 净重（千克） 237 毛重（千克） 再生木托 包装种类 1 件数 HMG2026031204 合同协议号 生产厂家随附单证集装箱号 1 稀土永磁体 0|0|钆0.1%钕26.4%铁64.77%钴0.4 9千克 9千克 越南(VNM) 原产国:中国 27.3022 USD (美元) 2 稀土永磁体 0|0|钆0.08%钕18.26%铁65.57%钴0 122.38千克 122.38千克 越南(VNM) 原产国:中国 3""], ""型号参数可核查字段"": [""------------------------------------------------------------------------------------------------------------------- 币制单价最终目的国(地区)数量及单位商品名称、规格型号序号 你公司以通关无纸化方式向海关发送下列电子报关单数据业经海关审核放行，请携带本通 知书及 相关单证至港区办理装货/提货手续。 深圳市安迅报关有限公司 通关无纸化出口放行通知书 11日3月2026年 深圳湾关海关审单中心 预录入编号： 534520260000284336"", ""------------------------------------------------------------------------------------------------------------------ 币制单价最终目的国(地区)数量及单位商品名称、规格型号序号 你公司以通关无纸化方式向海关发送下列电子报关单数据业经海关审核放行，请携带本通 知书及 相关单证至港区办理装货/提货手续。 深圳市安迅报关有限公司 通关无纸化出口放行通知书 11日3月2026年 深圳湾关海关审单中心 预录入编号： 534520260000284336 海关""]}"
4,GDRM26-217,2026/GDRM26-217 查詢129號 1票懷疑兩用物項陸路貨物.zip,查詢,2026年03月11日,raw_cases/GDRM26-217/GDRM26-217貨運文件.pdf,page 8,否,,管制或两用物项; 型号参数可核查字段,"{""管制或两用物项"": [""许可证"", ""稀土""], ""型号参数可核查字段"": [""规格"", ""型号""]}","{""管制或两用物项"": [""的国(地区)数量及单位商品名称、规格型号商品编号项号 中华人民共和国海关出口货物报关单商品附加页 页码/页数:1/2(深圳湾关)海关编号：统一编号：E20260001706492343 534520260000284336 仅供核对用 备注：不属于管制物项N/M B/L：用途： 许可证/审批号： 原产地对应关系： 运输工具名称：航次号：提运单号：FLSJ27 9000012978255 tips: 总价6441.33,成交数量合计189.60000,法定数量合计189.60000,第二数量合计0 1 8505111000 稀土永磁体 0|0|钆0.1%钕26."", ""管制物项N/M B/L：用途： 许可证/审批号： 原产地对应关系： 运输工具名称：航次号：提运单号：FLSJ27 9000012978255 tips: 总价6441.33,成交数量合计189.60000,法定数量合计189.60000,第二数量合计0 1 8505111000 稀土永磁体 0|0|钆0.1%钕26.4%铁64.77%钴0.44%镨7%锆 0.18%硼1.11%|无牌|无型号|[钕、镨、钆] 33.5%|||备注图号：G190063700A 非管控物项 越南(VNM) 原产国 :中国 27.3022 245.72 美元 (USD) 照章征税""], ""型号参数可核查字段"": [""*534520260000284336* 7.61千克 7.61千克 122.38千克 122.38千克 9千克 9千克 危险货物信息版本号征免单价/总价/币制最终目的国(地区)数量及单位商品名称、规格型号商品编号项号 中华人民共和国海关出口货物报关单商品附加页 页码/页数:1/2(深圳湾关)海关编号：统一编号：E20260001706492343 534520260000284336 仅供核对用 备注：不属于管制物项N/M B/L：用途： 许可证/审批号： 原产地对应关系："", ""*534520260000284336* 7.61千克 7.61千克 122.38千克 122.38千克 9千克 9千克 危险货物信息版本号征免单价/总价/币制最终目的国(地区)数量及单位商品名称、规格型号商品编号项号 中华人民共和国海关出口货物报关单商品附加页 页码/页数:1/2(深圳湾关)海关编号：统一编号：E20260001706492343 534520260000284336 仅供核对用 备注：不属于管制物项N/M B/L：用途： 许可证/审批号： 原产地对应关系： 运输""]}"
4,GDRM26-217,2026/GDRM26-217 查詢129號 1票懷疑兩用物項陸路貨物.zip,查詢,2026年03月11日,raw_cases/GDRM26-217/GDRM26-217貨運文件.pdf,page 9,否,,管制或两用物项; 型号参数可核查字段,"{""管制或两用物项"": [""稀土""], ""型号参数可核查字段"": [""规格"", ""型号""]}","{""管制或两用物项"": [""/总价/币制最终目的国(地区)数量及单位商品名称、规格型号商品编号项号 中华人民共和国海关出口货物报关单商品附加页 页码/页数:2/2(深圳湾关)海关编号：统一编号：E20260001706492343 534520260000284336 仅供核对用 4 8505111000 稀土永磁体 0|0|钆0.13%钕15.39%铁73.18%钴0.05%镨6.21% 铈2.03%锆0.42%镧1.31%硼1.28%|无牌|无型号| [钕、镨、钆、铈、镧] 25.07%|||备注图号： G190087900 非管控物项 越南(VNM) 原产国 :中国 32.761"", "".03%锆0.42%镧1.31%硼1.28%|无牌|无型号| [钕、镨、钆、铈、镧] 25.07%|||备注图号： G190087900 非管控物项 越南(VNM) 原产国 :中国 32.7614 1146.32 美元 ((USD)) 照章征税 (1) 5 8505111000 稀土永磁体 0|0|钆0.08%钕18.48%铁74.08%钴0.03%镨5.92% 铈0.15%锆0.08%镧0.14%硼1.04% |无牌|无型号| [钕、镨、钆、铈、镧] 24.77%|||备注图号： G190230900A 非管控物项 越南(VNM) 原产国 :中国 52.1""], ""型号参数可核查字段"": [""*534520260000284336* 9.32千克 9.32千克 6.3千克 6.3千克 34.99千克 34.99千克 危险货物信息版本号征免单价/总价/币制最终目的国(地区)数量及单位商品名称、规格型号商品编号项号 中华人民共和国海关出口货物报关单商品附加页 页码/页数:2/2(深圳湾关)海关编号：统一编号：E20260001706492343 534520260000284336 仅供核对用 4 8505111000 稀土永磁体 0|0|钆0.13%钕15.39%铁73."", ""*534520260000284336* 9.32千克 9.32千克 6.3千克 6.3千克 34.99千克 34.99千克 危险货物信息版本号征免单价/总价/币制最终目的国(地区)数量及单位商品名称、规格型号商品编号项号 中华人民共和国海关出口货物报关单商品附加页 页码/页数:2/2(深圳湾关)海关编号：统一编号：E20260001706492343 534520260000284336 仅供核对用 4 8505111000 稀土永磁体 0|0|钆0.13%钕15.39%铁73.18""]}"
4,GDRM26-225,2026/GDRM26-225 情報67號 兩宗陸路貨車走私未列艙單案件.zip,情報,2026-03-17,raw_cases/GDRM26-225/GDRM26-225附件一及二.pdf,page 1,否,,型号参数可核查字段; 明确藏匿或未申报,"{""型号参数可核查字段"": [""牌号""], ""明确藏匿或未申报"": [""暗格""]}","{""型号参数可核查字段"": [""- 注意 - 本函所载数据 仅作风险管理分析参考用途，不能向第三者透露或作法庭证供之用。 编号：GDRM26-225 附件一 情报：2026年67号 案件一资料 过关日期及时间 16/03/2026 1419 时 运输方式 陆路货车 路线 香港 (经港珠澳大桥)➔内地 车牌号码 粵 Z YB30 港 / SX6673 申报货物 没有申报 被捕人资料 姓名:余名福 YU MINGFU 性别:男 国藉:中国内地 年龄:40 岁 证件号码: CB6196569 检获物品 37部手提电话 价值($港元) 310,560 收藏手法 收藏于副驾驶座前暗格""], ""明确藏匿或未申报"": [""内地 车牌号码 粵 Z YB30 港 / SX6673 申报货物 没有申报 被捕人资料 姓名:余名福 YU MINGFU 性别:男 国藉:中国内地 年龄:40 岁 证件号码: CB6196569 检获物品 37部手提电话 价值($港元) 310,560 收藏手法 收藏于副驾驶座前暗格""]}"
4,GDRM26-244,2026/GDRM26-244 情報78號 兩宗陸路小車走私香煙及烈酒案件.zip,情報,,raw_cases/GDRM26-244/GDRM26-244附件一及二.pdf,page 1,否,,型号参数可核查字段; 明确藏匿或未申报,"{""型号参数可核查字段"": [""牌号""], ""明确藏匿或未申报"": [""暗格""]}","{""型号参数可核查字段"": [""- 注意 - 本函所载数据 仅作风险管理分析参考用途，不能向第三者透露或作法庭证供之用。 编号：GDRM26-244 附件一 情报：2026年78号 案件一资料 过关日期及时间 25/03/2026 1907 时 运输方式 陆路小车 车牌号码 粤 Z 3M45 港 / ZV8673 路线 内地(经深圳湾管制站)➔香港 被捕人资料 姓名:刘劲超 LIU JINCHAO 性别:男 国籍:中国内地 年龄: 32岁 证件号码: CA1793048 检获物品 13,011支香烟 价值($港元) 58,549.5 应课税值($""], ""明确藏匿或未申报"": [""管制站)➔香港 被捕人资料 姓名:刘劲超 LIU JINCHAO 性别:男 国籍:中国内地 年龄: 32岁 证件号码: CA1793048 检获物品 13,011支香烟 价值($港元) 58,549.5 应课税值($港元) 43,014.37 收藏手法 收藏于前座储物格及车门夹层暗格""]}"
4,GDRM26-254,2026/GDRM26-254 回覆27號 粵查詢24協查需求(10個商品從內地到香港紀錄) (以此為準).zip,查詢,2025-04-01,raw_cases/GDRM26-254/GDRM26-254附件二該批商品在香港的陸路進出口紀錄.xlsx,workbook,否,,管制或两用物项; 型号参数可核查字段,"{""管制或两用物项"": [""石墨"", ""GRAPHITE"", ""镓""], ""型号参数可核查字段"": [""Grade"", ""POWER""]}","{""管制或两用物项"": [""nit 2025-01-02 16:47:15 | VJ6346 | I | 深圳湾 | 深圳市递四方速递有限公司 | 深圳市宝安区福永街道福永社区福海工业区二区12号 | 遞四方速遞有限公司 | 香港新界元朗流浮山廈村屏廈路DD129 Lot 3299 RP | 表面处理的球化石墨 | 1CT 2025-01-11 19:09:07 | WC8317 | I | 深圳湾 | Amazon.com Services LLC | 6971 OTAY MESA RD SAN DIEGO CA | Stephen Sze | 10f, 75 chun yeung"", ""1PK 2025-01-13 15:57:22 | TU5118 | I | 深圳湾 | 深圳市递四方速递有限公司 | 深圳市宝安区福永街道福永社区福海工业区二区12号 | 遞四方速遞有限公司 | 香港新界元朗流浮山廈村屏廈路DD129 Lot 3299 RP | 表面处理的球化石墨 | 1CT 2025-01-15 16:15:24 | WG9457 | I | 深圳湾 | 深圳市递四方速递有限公司 | 深圳市宝安区福永街道福永社区福海工业区二区12号 | 遞四方速遞有限公司 | 香港新界元朗流浮山廈村屏廈路DD129 Lot 3299 RP | 表面处理""], ""型号参数可核查字段"": ["". Chrisman Rd Tracy CA | Ho Tak Shing | 2 wan wah street Rm1806,18F,blkA,Oi Wai house,Tsz Oi Court Tsz Wan | Potassium Permanganate Reagent Grade 10 OZFree Flowing PowderDetox Pro HealthSame Day ShipUSA | 1PK 2025-02-15 22:04:22 | UP1427 | I | 深圳湾 | Amazon.com Services LLC | 6001 E TR"", ""-09-01 23:35:32 | LZ6316 | I | 深圳湾 | 6518104143 | HUIZHOU BTR NEW MATERIAL TECHNOLOGYCO.LTD | Huizhou BTR ,Huangdong Village | PT HLI GREEN POWER | KNICBlock C No. 1 | 表面处理的球化石墨 | 1CT 2025-09-06 21:56:50 | XR4740 | O | 深圳湾 | J45G82BTQ3V | IGP ENGINEERS PVT LTD. | NO.79 ( OLD NO. 29/9)""]}"
4,GDRM26-271,2026/GDRM26-271情報93號四宗陸路小車走私香煙案件.zip,情報,,raw_cases/GDRM26-271/GDRM26-271附件一及二.pdf,page 3,否,,型号参数可核查字段; 明确藏匿或未申报,"{""型号参数可核查字段"": [""牌号""], ""明确藏匿或未申报"": [""暗格""]}","{""型号参数可核查字段"": [""- 注意 - 本函所载数据 仅作风险管理分析参考用途，不能向第三者透露或作法庭证供之用。 附件一 案件三资料 过关日期及时间 17/04/2026 1821 时 运输方式 陆路小车 车牌号码 粤 Z 776E 港 / TV735 路线 内地(经深圳湾管制站)➔香港 被捕人资料 姓名:肖晓东 XIAO XIAODONG 性别:男 国籍:中国香港 年龄: 52岁 身份证号码: R186335(4) 检获物品 8,520支香烟 价值($港元) 42,600 应课税值($""], ""明确藏匿或未申报"": [""经深圳湾管制站)➔香港 被捕人资料 姓名:肖晓东 XIAO XIAODONG 性别:男 国籍:中国香港 年龄: 52岁 身份证号码: R186335(4) 检获物品 8,520支香烟 价值($港元) 42,600 应课税值($港元) 28,167.12 收藏手法 收藏于车头及车尾暗格""]}"
4,GDRM26-366,新增附件/GDRM26-366 情報150號案件资料,情報,,raw_cases/GDRM26-366/GDRM26-366附件一及二.pdf,page 1,否,,型号参数可核查字段; 明确藏匿或未申报,"{""型号参数可核查字段"": [""牌号""], ""明确藏匿或未申报"": [""暗格""]}","{""型号参数可核查字段"": [""- 注意 - 本函所载数据 仅作风险管理分析参考用途，不能向第三者透露或作法庭证供之用。 编号：GDRM26-366 附件一 情报：2026年150号 案件资料 过关日期及时间 14/07/2026 1419 时 运输方式 陆路小车 车牌号码 粵 Z KS61 港 / YA 378 路线 内地(经深圳湾管制站)➔香港 被捕人资料 姓名:钟东新 ZHONG DONGXIN 性别:男 国籍:中国香港 年龄:52岁 身份证号码: M693802(2) 检获物品 ➢ 216只活龟 ➢ 2只乌龟蛋 价值($港元) 21,80""], ""明确藏匿或未申报"": [""/ YA 378 路线 内地(经深圳湾管制站)➔香港 被捕人资料 姓名:钟东新 ZHONG DONGXIN 性别:男 国籍:中国香港 年龄:52岁 身份证号码: M693802(2) 检获物品 ➢ 216只活龟 ➢ 2只乌龟蛋 价值($港元) 21,800 收藏手法 收藏于车尾箱暗格内""]}"
4,GDRM26-372,新增附件/GDRM26-372 情報151號案件资料,情報,,raw_cases/GDRM26-372/GDRM26-372附件一及二.pdf,page 1,否,,型号参数可核查字段; 明确藏匿或未申报,"{""型号参数可核查字段"": [""牌号""], ""明确藏匿或未申报"": [""暗格""]}","{""型号参数可核查字段"": [""- 注意 - 本函所载数据 仅作风险管理分析参考用途，不能向第三者透露或作法庭证供之用。 编号：GDRM26-372 附件一 情报：2026年151号 案件一资料 过关日期及时间 27/07/2026 1520 时 运输方式 陆路小车 车牌号码 粤 H DX682 / FV1131 路线 香港(经文锦渡管制站)➔内地 被捕人资料 姓名:李志雄 LI ZHIXIONG 性别:男 国籍:中国内地 年龄:34岁 证件号码: CA8496900 检获物品 ➢ 1,397克珍珠珠子 ➢ 4部手提电话 价值($港元) 51,97""], ""明确藏匿或未申报"": [""FV1131 路线 香港(经文锦渡管制站)➔内地 被捕人资料 姓名:李志雄 LI ZHIXIONG 性别:男 国籍:中国内地 年龄:34岁 证件号码: CA8496900 检获物品 ➢ 1,397克珍珠珠子 ➢ 4部手提电话 价值($港元) 51,972 收藏手法 收藏于左侧车门暗格内""]}"
4,GDRM26-372,新增附件/GDRM26-372 情報151號案件资料,情報,,raw_cases/GDRM26-372/GDRM26-372附件一及二.pdf,page 2,否,,型号参数可核查字段; 明确藏匿或未申报,"{""型号参数可核查字段"": [""牌号""], ""明确藏匿或未申报"": [""暗格""]}","{""型号参数可核查字段"": [""- 注意 - 本函所载数据 仅作风险管理分析参考用途，不能向第三者透露或作法庭证供之用。 附件一 案件二资料 过关日期及时间 28/07/2026 1804 时 运输方式 陆路小车 车牌号码 粤 Z 8K56 港 / WX5264 路线 香港(经深圳湾管制站)➔内地 被捕人资料 姓名:曹小华 CAO XIAOHUA 性别:男 国籍:中国内地 年龄:50岁 证件号码: CK3542821 姓名:刘志乐 LAU CHI LOK 性别:男 国籍:中国香港 年龄:39 岁""], ""明确藏匿或未申报"": [""岁 证件号码: CK3542821 姓名:刘志乐 LAU CHI LOK 性别:男 国籍:中国香港 年龄:39 岁 证件号码: Z882217(5) 检获物品 ➢ 25,000件电脑晶片 ➢ 200,000件WiFi晶片 价值($港元) 6,250,000 收藏手法 收藏于车尾箱暗格内""]}"
3,GDRM26-006,2026/GDRM26-006 查詢06號 1票懷疑兩用物項陸路貨物.zip,查詢,,raw_cases/GDRM26-006/GDRM26-006貨物圖片.pdf,page 1,否,,管制或两用物项,"{""管制或两用物项"": [""铟""]}","{""管制或两用物项"": [""2 發貨人:广州欧华国际货运代理有限公司东莞分公司深圳長江倉 收貨人:BALTIC CONSOL LINE UAB 貨物申報名稱:锻轧的铟及其制品""]}"
3,GDRM26-084,2026/GDRM26-084 情報24號 兩宗河路貨運走私未列艙單貨物案件.zip,情報,,raw_cases/GDRM26-084/GDRM26-084附件一及二.pdf,page 1,否,,明确藏匿或未申报,"{""明确藏匿或未申报"": [""未列舱单""]}","{""明确藏匿或未申报"": [""货船名称 博石航 8 运输公司 伟航船务公司 发货人资料 (一) 众达国际有限公司 (二) 誉溢国际有限公司 收货人资料 (一) 港湾胜贸易行 (二) 有利国际货运 申报货物 (一) 电子产品、鞋、包、衣服等 (二) 运动鞋、恤衫、手袋等 被捕人资料 没有人被捕 检获物品 一批未列舱单货物(包括雪茄、香烟、烟草、电子烟、 电子烟烟弹、药品、护肤品及手表) 总值(港元$) 4,012,245 应课税值(港元$) 611,882.72""]}"
3,GDRM26-084,2026/GDRM26-084 情報24號 兩宗河路貨運走私未列艙單貨物案件.zip,情報,,raw_cases/GDRM26-084/GDRM26-084附件一及二.pdf,page 2,否,,明确藏匿或未申报,"{""明确藏匿或未申报"": [""未列舱单""]}","{""明确藏匿或未申报"": [""多 收货人资料 (一) 顺兴物流 (二) 大祥贸易商行 (三) PZ 美妆 (四) 快意百货-荷兰园店 申报货物 (一) 保健品、手袋、手表、首饰、化妆品 (二) 日用品、电子产品 (三) 日用品、保健品、美容产品 (四) 日用品、电子产品 被捕人资料 没有人被捕 检获物品 一批未列舱单货物(包括药品、电子产品、雪茄、制成 烟草、水烟烟草、燕窝、濒危鱼翅及濒危沉香木) 总值(港元$) 24,620,059.58 应课税值(港元$) 918,081.68""]}"
3,GDRM26-088,2026/GDRM26-088 回覆6號 粵查詢5號協查需求.zip,查詢,2025-01-14,raw_cases/GDRM26-088/GDRM26-088【附件二】：相关企业于2025年间所有贸易纪录.xlsx,workbook,否,,型号参数可核查字段; 通讯字段,"{""型号参数可核查字段"": [""牌号"", ""POWER"", ""MODEL""], ""通讯字段"": [""Contact""]}","{""型号参数可核查字段"": [""[工作表] 數據 运输日期 | 进口(1/1A/1B) /出口(2) | 运输方式 | 主提单编号 | 副提单编号 | 集装箱号 | 车牌号码（陆）/ 航班编号（空）/ 航次（海） | 船只名称（海） | 收货人名称 | 收货人名称2 | 收货人地址 | 申报人名称 | 申报人名称2 | 申报人地址 | 报关货物名称 | 海关编码( HS 编码 )首四位数 | 海关编码( HS 编码 ) | 货物价格(HKD) |"", ""VERY SERVICE LTD | UNIT B BASEMENT SUNSHINE KOWLOON BAY CARGO CENTER 59 TAI YIP STREET KOWLOON BAY KLN HK | PLASTIC X20-7512 BRUSHLESS HIGH POWER SERVO FOR PART | 9503 | 95030099 | 52319.59 | 7.8 | KG | 1 | PACKAGE | 631 | SDF | 111 | United States of America (the) | 11993719-008 | 31""], ""通讯字段"": [""UDIERE | 10 Rue Ampere, Zone industrielleNERSACFR16440 | FUCONN INDUSTRIAL ELECTRONICS LTD. | 7/F BLISSFUL BLDG 243-247 DES VOEUX RD C HK | Contacts | 8536 | 85369010 | 349.07 | 1.36 | KG | 1 | CARTON | 631 | Guangzhou | 224 | Paris | 32916095-000 | 21232035 MS LAU | 21211095 2025-12-14"", ""UDIERE | 10 Rue Ampere, Zone industrielleNERSACFR16440 | FUCONN INDUSTRIAL ELECTRONICS LTD. | 7/F BLISSFUL BLDG 243-247 DES VOEUX RD C HK | Contacts | 8536 | 85369010 | 3853.08 | 8.27 | KG | 1 | CARTON | 631 | Paris | 224 | Paris | 32916095-000 | 21232035 MS LAU | 21211095 2025-11-04 00""]}"
3,GDRM26-107,2026/GDRM26-107 查詢66號 1票懷疑兩用物項陸路貨物.zip,查詢,2026年2月6日,raw_cases/GDRM26-107/GDRM26-107貨運文件.pdf,page 2,否,,管制或两用物项,"{""管制或两用物项"": [""石墨""]}","{""管制或两用物项"": [""0000008817 5 8703978846 1 22 钢丝绳检测系统 USD 13700 WEITE TECHNOLOGIES CO.,LTD WUH VOSS (F.E.) PTE LTD 新加坡 471220260000008633 6 7965716754 1 3.5 石墨密封环 USD 330 宜昌埃立特密封材料有限公司 WUH DF Industrial Co.,Ltd. 仁川 471220260000008780 7 1171222566 1 4.06 飞机零件 USD 9398.4 WUHAN HANGDA AERO ST WUH WONG""]}"
3,GDRM26-107,2026/GDRM26-107 查詢66號 1票懷疑兩用物項陸路貨物.zip,查詢,2026年2月6日,raw_cases/GDRM26-107/GDRM26-107貨運文件.pdf,page 4,否,,管制或两用物项,"{""管制或两用物项"": [""石墨""]}","{""管制或两用物项"": [""KTED_26 C_SA_英国_6E.10。服装及配饰 利兹 5163552704装运编号-EDIKTED_26 C_SA_英国_6E.10。服装及配饰 利兹 5163552704装运编号-EDIKTED_26 C_SA_英国_6E.10。服装及配饰 利兹 7965716754 石墨密封环 DF Industrial Co.,Ltd. 仁川 8703978846 钢丝绳检测系统 VOSS (F.E.) PTE LTD 新加坡 9624916711 飞机零件 WONG'S IMPORT &EXPORT TRADING LIMITED.青衣岛 968045466""]}"
3,GDRM26-129,2026/GDRM26-129 回覆11號 协查有关货物香港实际收货人.zip,回覆,2022-08-26,raw_cases/GDRM26-129/GDRM26-129【附件二】：实际收货人于2025年以来自内地进口货物的报关记录.xlsx,workbook,否,1203514235@qq.com; 19166265607guanwu@alog.com; 2034662686guanwu@alog.com; 21569908op007@fourseas-group.com; cs01@coeffort-scm.com; gaogao@dsi-log.com; guanwu002@nxubay.com; hong.jie@coscoshipping.com; info@fourseas-group.com; info@fourseas-group.comtrade; josephseet@gmail.com; kayt_wh419@126.com; linfengyanlinfy@cosco-air.com.cn; linfy@cosco-air.com.cnsongming; matthew@fourseas-group.com; matthew@fourseas-group.comtel; minnie@fourseas-group.com; op007@fourseas-group.com; op007@fourseas-group.comtel; op9tsn@dsi-log.com; rjdoow@gmail.com; ruan@fii-foxconn.com; tjbjgm01@163.com; tjbjgm01@163.comtel; yangming@hk.yangming.com,型号参数可核查字段; 通讯字段; 普通拼箱分票字段,"{""型号参数可核查字段"": [""MODEL"", ""POWER"", ""GRADE""], ""通讯字段"": [""E-MAIL"", ""EMAIL"", ""CONTACT""], ""普通拼箱分票字段"": [""CONSOLIDAT"", ""集拼""]}","{""型号参数可核查字段"": [""L LOGISTICS | LTD.RM19,LEVEL 13,BLOCK 1,GOLDENINDUSTRIAL BLDG.,16-26 KWAI TAKSTREET,KWAI CHUNG,NT,HK * | TIME MEDICAL MRI SYSTEM TYPE: PICA MODEL NUMBER: TMS-MRI-3500WB-02* CTC:MATTHEW TANG TEL:85231840241 FAX:85231840242 MAIL: MATTHEW@FOURSEAS-GROUP. COM | 19497 | KGM | 9 | PACKAGE |"", ""L LOGISTICS | LTD.RM19,LEVEL 13,BLOCK 1,GOLDENINDUSTRIAL BLDG.,16-26 KWAI TAKSTREET,KWAI CHUNG,NT,HK * | TIME MEDICAL MRI SYSTEM TYPE: PICA MODEL NUMBER: TMS-MRI-3500WB-02* CTC:MATTHEW TANG TEL:85231840241 FAX:85231840242 MAIL: MATTHEW@FOURSEAS-GROUP. COM | 19512 | KGM | 9 | PACKAGE |""], ""通讯字段"": [""DENINDUSTRIAL BLDG.,16-26 KWAI TAKSTREET,KWAI CHUNG,N.T.HONG KONGTEL:(852) 31840241 ** | CARAMEL COLOR HS CODE:1702.90 **FAX:(852) 31840242 E-MAIL:INFO@FOURSEAS-GROUP.COM TRADE REGISTER#58671324-000-07-22-8 CTC:MATTHEW TANG | 25979 | 830 | CNTAO | CN | CNTAO | CN | HKHKG | HK | T.S. LI"", ""CONNECTOR PRESERVATIVE FILM VINYL FLOORING *PRC:200080TEL:+8621 66116088 TAX:91310109MA1G5QAQ84 **TEL : (852) 31840241 FAX : (852)31840242 E-MAIL:INFO@FOURSEAS-GROUP.COM TRADE REGISTER #58671324-000-07-22-8 CTC:MATTHEW TANG 5X20' FCL CY TO CY 3X40' HQ FCL CY TO CY | 150091 | 1918 | PA""], ""普通拼箱分票字段"": [""LDEN INDUSTRIAL BLDG.,16-26 KWAI TAK STREET,KWAI CHUNG,N.T.HONG KONG | \""SHIPPER'S LOAD, COUNT & SEAL\"";\""SAID TO CONTAIN\"";8X20GP;1044PACKAGES;CONSOLIDATTON;DYEING ADDITIVES;CALCIUM SULPHATE FLOORING;BRACKET;BABY STROLLER BS-X3;HS CODE:871500;POLYCARBONATE RESIN;S-3000VR 5313;MENTHOLCRYSTALS"", ""DUSTRIAL BLDG.,16-26 KWAI TAK STREET,KWAI CHUNG,N.T.HONG KONG | \""SHIPPER'S LOAD, COUNT & SEAL\"";\""SAID TO CONTAIN\"";2X20GP;1X40HC;3473PACKAGES;CONSOLIDATTON;ORIGIN HYBRID PRO MATTRESS;THE ORIGIN HYBRID MATTRESS;PRO COMPACT MATTRESS;ORIGIN COOLMAX LATEX PILLOW;BOLSTER PILLOW;MORINAGA ASSORTED;""]}"
3,GDRM26-167,2026/GDRM26-167 查詢106號 1票懷疑兩用物項陸路貨物.zip,查詢,,raw_cases/GDRM26-167/GDRM26-167貨運文件.pdf,page 5,否,,型号参数可核查字段; 通讯字段,"{""型号参数可核查字段"": [""成分"", ""Composition""], ""通讯字段"": [""联络"", ""电子邮件"", ""contact""]}","{""型号参数可核查字段"": [""环境危害：无已知重大危险。 Environmental harm: No known significant effects or critical hazards. 燃爆危险：本产品可燃。 Combustion hazard: The product can burn. 3 成分/组成信息 Composition/Data on components Chemical characterization: 化学成份 Chemical composition 重量百分比 in % by weight CAS 号 CAS No. 分子式 Molecular F"", ""知重大危险。 Environmental harm: No known significant effects or critical hazards. 燃爆危险：本产品可燃。 Combustion hazard: The product can burn. 3 成分/组成信息 Composition/Data on components Chemical characterization: 化学成份 Chemical composition 重量百分比 in % by weight CAS 号 CAS No. 分子式 Molecular Formula 碳 Carbon 9""], ""通讯字段"": [""、 7 栋 B、8 栋 Building 1, 2, 3, 4,5, 6, 7A, 7B, 8, High-tech Industrial Park, Xitian, Gongming Town, Guangming New Ditrict, Shenzhen, China 紧急联络电话Emergency Telephone：135-3411-9195 传真Fax: / 电子邮件Mail: / 化学品安全技术说明书号 MSDS 2 危险性概述 Hazards identification 侵入途径 Primary routes of entry: 眼睛: 接"", "", High-tech Industrial Park, Xitian, Gongming Town, Guangming New Ditrict, Shenzhen, China 紧急联络电话Emergency Telephone：135-3411-9195 传真Fax: / 电子邮件Mail: / 化学品安全技术说明书号 MSDS 2 危险性概述 Hazards identification 侵入途径 Primary routes of entry: 眼睛: 接触时，会刺激眼睛。 Eye: May irritate the eyes when contact""]}"
3,GDRM26-167,2026/GDRM26-167 查詢106號 1票懷疑兩用物項陸路貨物.zip,查詢,,raw_cases/GDRM26-167/GDRM26-167貨運文件.pdf,page 6,否,,型号参数可核查字段; 通讯字段,"{""型号参数可核查字段"": [""spec""], ""通讯字段"": [""contact""]}","{""型号参数可核查字段"": [""; 2. If a large amount of leakage occurs, collect and recover the leaked material in a suitable and marked container, and transport it to a special waste disposal site. 废弃处理方法: 所有废弃物必须参照联合国，国家，地方性法规进行处置。 Waste treatment methods: All waste must be referring to the United Nations, nati""], ""通讯字段"": [""Page: 3 of 7 4 急救措施 First aid measures 皮肤接触：脱去污染的衣着，用大量清水冲洗。 Skin contact: Remove contaminated clothes and rinse the skin with plenty of water. 眼睛接触：如产品粉尘进入眼睛，提起眼睑，用流动清水或生理盐水冲洗。严重就医。 Eye contact: If the product du"", ""染的衣着，用大量清水冲洗。 Skin contact: Remove contaminated clothes and rinse the skin with plenty of water. 眼睛接触：如产品粉尘进入眼睛，提起眼睑，用流动清水或生理盐水冲洗。严重就医。 Eye contact: If the product dust enters the eye, lift the eyelid, use flowing water or normal saline to irrigate. Get medical aid if serious. 吸入：粉尘大量吸入""]}"
3,GDRM26-167,2026/GDRM26-167 查詢106號 1票懷疑兩用物項陸路貨物.zip,查詢,,raw_cases/GDRM26-167/GDRM26-167貨運文件.pdf,page 8,否,,型号参数可核查字段; 通讯字段,"{""型号参数可核查字段"": [""spec"", ""composition""], ""通讯字段"": [""contact""]}","{""型号参数可核查字段"": [""ss d) pH值：无数据资料。 d) pH value: No data available. e) 沸点/熔点范围：无数据资料。 e) boiling /melting point range: No data available. f) 比重（水=1）：无数据资料。 f) specific gravity (water =1): No data available. g) 水中溶解性：不溶于水 g) solubility in water: Insoluble in water 10 稳定性和反应活性 Stability and reactivity 稳定"", ""contact conditions: Fire, heat 禁配物：无数据资料 Prohibited content: No data available 聚合危害：无数据资料 Aggregate harm: No data available 分解产物：燃烧产生二氧化碳 Decomposition product: Burns may produce carbon dioxide. 11 毒理学资料 Toxicological information 毒理学影响的信息 toxicology influencing information 急性毒性：无数据资料 Acute""], ""通讯字段"": [""water 10 稳定性和反应活性 Stability and reactivity 稳定性：常温常压下稳定。 Stability: Stable under ordinary conditions of use and storage. 避免接触的条件：火源，热源 Avoid contact conditions: Fire, heat 禁配物：无数据资料 Prohibited content: No data available 聚合危害：无数据资料 Aggregate harm: No data available 分解产物：燃烧产生二氧化碳 Decomposi""]}"
3,GDRM26-202,2026/GDRM26-202 情報56號 一宗海路貨運走私毒品案件.zip,情報,2026-02-10,raw_cases/GDRM26-202/GDRM26-202附件一及二.pdf,page 2,否,,明确藏匿或未申报,"{""明确藏匿或未申报"": [""夹藏""]}","{""明确藏匿或未申报"": [""透露或作法庭证供之用。 案件资料 (三) 姓名: KHOKON MIA 性别:男 国籍:孟加拉国 年龄: 49岁 (四) 姓名: SAIFUL ISLAM 性别:男 国籍:孟加拉国 年龄: 33岁 检获物品 30公斤Cocaine 总值(港元$) 22,350,000 收藏手法 夹藏于木材内""]}"
3,GDRM26-203,2026/GDRM26-203 通讯7号 风险联合研判简报.zip,情报,"2026年3月
",raw_cases/GDRM26-203/GDRM26-203 通讯7号 风险联合研判简报.pdf,page 12,否,,管制或两用物项,"{""管制或两用物项"": [""许可证"", ""稀土"", ""石墨"", ""锑"", ""锗"", ""镓"", ""铟"", ""钼"", ""钨""]}","{""管制或两用物项"": [""无法判 定的货 物 (票) 已附出口 许可证 (票) 非管制 &已附出 口许可 证 疑似管 制货物 (票) 内地 回复 (票) *以下总和不等于转介内地的货物票数，因同一票货物会可能 涉及多于一种战略矿产转介内 地的货 物 (票) 中重 稀土 (票) 石墨 (票) 钆 (票) 锑 (票) 锗 (票) 镓 (票) 铋 (票)"", ""无法判 定的货 物 (票) 已附出口 许可证 (票) 非管制 &已附出 口许可 证 疑似管 制货物 (票) 内地 回复 (票) *以下总和不等于转介内地的货物票数，因同一票货物会可能 涉及多于一种战略矿产转介内 地的货 物 (票) 中重 稀土 (票) 石墨 (票) 钆 (票) 锑 (票) 锗 (票) 镓 (票) 铋 (票) 铟 (票) 钼 (票) 钨 (票) 11928110093220412148816837276026111982207累计 总数 0114014090000102114海运 10974552401""]}"
3,GDRM26-203,2026/GDRM26-203 通讯7号 风险联合研判简报.zip,情报,"2026年3月
",raw_cases/GDRM26-203/GDRM26-203 通讯7号 风险联合研判简报.pdf,page 16,否,,管制或两用物项,"{""管制或两用物项"": [""两用物项"", ""GRAPHITE""]}","{""管制或两用物项"": [""内港两用物项数据对碰后续跟进  针对申报内容简略、申报资讯笼统的货物，进一步加大查验力度，严防不实申报 规避监管的行为 运输路线例子 申报例子 货运次数 (由中国内地 发出) 收货人# 目的地来源地 挪威中国内地• SHEET.HEAT TRANSFER GRAPHITE 84733090"", ""内港两用物项数据对碰后续跟进  针对申报内容简略、申报资讯笼统的货物，进一步加大查验力度，严防不实申报 规避监管的行为 运输路线例子 申报例子 货运次数 (由中国内地 发出) 收货人# 目的地来源地 挪威中国内地• SHEET.HEAT TRANSFER GRAPHITE 847330900015Corvus Energy AS1 英国中国内地• ALNICO MAGNETS • MAGNET8Eclipse Magnetics Limited2 日本中国内地 • LITHIUM MIX METAL OXIDE NOT RESTRICTED OR""]}"
3,GDRM26-203,2026/GDRM26-203 通讯7号 风险联合研判简报.zip,情报,"2026年3月
",raw_cases/GDRM26-203/GDRM26-203 通讯7号 风险联合研判简报.pdf,page 17,否,,管制或两用物项,"{""管制或两用物项"": [""两用物项""]}","{""管制或两用物项"": [""2849909000 NON- DG,NOT RESTRICTED AS PER IATA 8Treibacher Industrie AG9 法国中国内地• Yttrium Chloride Hexahydrate1WeylChem Lamotte S.A.S10 16 内港两用物项数据对碰后续跟进  针对申报内容简略、申报资讯笼统的货物，进一步加大查验力度，严防不实申报 规避监管的行为""]}"
3,GDRM26-203,2026/GDRM26-203 通讯7号 风险联合研判简报.zip,情报,"2026年3月
",raw_cases/GDRM26-203/GDRM26-203 通讯7号 风险联合研判简报.pdf,page 21,否,,管制或两用物项,"{""管制或两用物项"": [""两用物项""]}","{""管制或两用物项"": [""展望 调查本地收发货人货运记录 追踪货物最终收货地 参考香烟建模，拓展至两用物项 1. 针对小船的时效性特点，强化通报机制 2. 开展即时跟踪与拦截处置 20""]}"
3,GDRM26-203,2026/GDRM26-203 通讯7号 风险联合研判简报.zip,情报,"2026年3月
",raw_cases/GDRM26-203/GDRM26-203 通讯7号 风险联合研判简报.pdf,page 22,否,,明确藏匿或未申报,"{""明确藏匿或未申报"": [""走私""]}","{""明确藏匿或未申报"": [""数目 2,000万35万2亿1,200万1,700万1亿9,000万5,300万3,700万-检获香烟 (枝) 9,000万150万9亿6,100万7,800万8亿3,400万2亿6,400万1亿3,800万-总值 (港元$) 2024年開始 香烟建模监控 2023年至2026年走私香烟总计 21""]}"
3,GDRM26-203,2026/GDRM26-203 通讯7号 风险联合研判简报.zip,情报,"2026年3月
",raw_cases/GDRM26-203/GDRM26-203 通讯7号 风险联合研判简报.pdf,page 3,否,,管制或两用物项,"{""管制或两用物项"": [""镓"", ""鎵"", ""Gallium"", ""锗"", ""鍺"", ""Germanium"", ""石墨"", ""Graphite"", ""锑"", ""銻"", ""Antimony"", ""钨""]}","{""管制或两用物项"": [""国家战略物资快速核实机制 简体中文繁體中文英文 镓鎵Gallium 锗鍺Germanium 石墨石墨Graphite 锑銻Antimony 钨鎢Tungsten 碲碲Tellurium 铋鉍Bismuth 钼鉬Molybdenum 铟銦Indium 2""]}"
3,GDRM26-203,2026/GDRM26-203 通讯7号 风险联合研判简报.zip,情报,"2026年3月
",raw_cases/GDRM26-203/GDRM26-203 通讯7号 风险联合研判简报.pdf,page 5,否,,明确藏匿或未申报,"{""明确藏匿或未申报"": [""走私""]}","{""明确藏匿或未申报"": [""风险管理 4 风险评估 • 透过货物资料研究，在货物到达前得出风险指标 • 分析不同违禁品于国际航运上的走私形势 • 对高风险的申报货物进行常规抽查 • 内部实时案件交流机制(海、陆、空运) 情报主导 • 情报科及其他调查科系 大数据分析 4""]}"
3,GDRM26-203,2026/GDRM26-203 通讯7号 风险联合研判简报.zip,情报,"2026年3月
",raw_cases/GDRM26-203/GDRM26-203 通讯7号 风险联合研判简报.pdf,page 6,否,,明确藏匿或未申报,"{""明确藏匿或未申报"": [""走私""]}","{""明确藏匿或未申报"": [""5 1 2 3 系统初步筛选 • 目标清单 • 警报清单 • 监察清单 • 行动关注 • 即时案件通报 • 始发港/目的地 • 收发货人详情 • 收发货人过往寄货模式 • 货物的性质、数量和描述 • 付款方式 • 走私趋势 系统随机拣选进一步风险评估 以往案件 大数据分析 情报交流 风险管理 5""]}"
3,GDRM26-237,2026/GDRM26-237回覆23號粵查詢20協查需求(集成電路的貨物流向情況).zip,查詢,2026-01-16,raw_cases/GDRM26-237/粤风26-035 查询20号 附件：2个型号集成电路货物最终流向协查需求表.xlsx,workbook,否,,型号参数可核查字段; 通讯字段,"{""型号参数可核查字段"": [""规格"", ""型号""], ""通讯字段"": [""联系人""]}","{""型号参数可核查字段"": [""[工作表] 一般贸易 经营单位名称 | 进出口日期 | 运输方式 | 运输工具名称 | 提运单号码 | 境外收发货人名称(外文) | 商品名称 | 规格型号 | 香港入境申报收货人 | 收货地址 | 提单通知人或联系人姓名、电话 | 货物最终流向（经香港中转再次出口目的地、提运单信息） | 品名 | 规格型号 | 单价 | 数量及计量单位 | 总价 青岛歌尔声学科技有限公司 | 2025-06-12 00:00:00 | 5(航"", ""[工作表] 一般贸易 经营单位名称 | 进出口日期 | 运输方式 | 运输工具名称 | 提运单号码 | 境外收发货人名称(外文) | 商品名称 | 规格型号 | 香港入境申报收货人 | 收货地址 | 提单通知人或联系人姓名、电话 | 货物最终流向（经香港中转再次出口目的地、提运单信息） | 品名 | 规格型号 | 单价 | 数量及计量单位 | 总价 青岛歌尔声学科技有限公司 | 2025-06-12 00:00:00 | 5(航空运""], ""通讯字段"": [""[工作表] 一般贸易 经营单位名称 | 进出口日期 | 运输方式 | 运输工具名称 | 提运单号码 | 境外收发货人名称(外文) | 商品名称 | 规格型号 | 香港入境申报收货人 | 收货地址 | 提单通知人或联系人姓名、电话 | 货物最终流向（经香港中转再次出口目的地、提运单信息） | 品名 | 规格型号 | 单价 | 数量及计量单位 | 总价 青岛歌尔声学科技有限公司 | 2025-06-12 00:00:00 | 5(航空运输) | NH8506 | 20531965555_5555A"", ""工作表] 保税物流 经营单位名称 | 货主单位名称 | 进出口标志 | 进出口日期 | 运输方式代码代码名称 | 运输工具名称 | 提运单号码 | 境外收发货人名称(外文) | 商品名称 | 规格型号 | 香港出入境申报收货人 | 香港出口提货地址或进口收货地址 | 提单通知人或联系人姓名、电话 | 货物最终流向（经香港中转再次出口目的地、提运单信息） | 品名 | 规格型号 | 单价 | 数量及计量单位 | 总价 泓启（潍坊）国际供应链有限公司 | 潍坊中友公用型保税仓库 | E | 2025-12-31 00:00:00 | 5(航空运输) | CX951""]}"
3,GDRM26-299,2026/GDRM26-299回覆37號粵查詢33協查需求(5個集裝箱).zip,查詢,2026-02-26,raw_cases/GDRM26-299/GDRM26-299【附件一】：相关报关纪录.xlsx,workbook,否,2484743230@qq.com,型号参数可核查字段; 通讯字段,"{""型号参数可核查字段"": [""GRADE""], ""通讯字段"": [""E-MAIL"", ""CONTACT"", ""EMAIL""]}","{""型号参数可核查字段"": [""ATION | 18F, CHINA GARMENTS MANSION 99 JIANGUO ROAD, CHAOYANG DISTRICT, BEIJING 100020, CHINA TEL: 86-10-65838330FAX: 86-10-65813462 | FOOD GRADE PREGELATINIZED TAPIOCA STARCH \""G\"" FIVE STAR BRAND. MADE INVIETNAM CONTRACT NO.: EX665-25/APFCO PACKING: THE GOOD IS PACKED INTO25 KG BAG (N""], ""通讯字段"": [""L. +66 24917000 | GUANGZHOU SPLENDORS NEW MATERIAL CO | ADD: ROOM 1205, NO.3-2, HUAQIANG ROAD, TIANHE DISTRIET, GUANGZHOU TEL:(020)83628237 E-MAIL:2484743230@QQ.COM * | ELITE TM 5100 G ENHANCED POLYETHYLENE RESIN 4080 BAGS PACKED INTO 68PALLETS N.W. 102,000.000 KGS ECC NO.: 118253248/4"", ""BAGS PACKED INTO 68PALLETS N.W. 102,000.000 KGS ECC NO.: 118253248/47525625 ECC NO.: 118285675/47564742 IN THE EVENT OF AN EMERGENCY PLEASE CONTACT THE EMERGENCY DISPATCH CENTER NUMBER 66-38-925400. * MISS ZHOU ** EMAIL:2484743230@QQ.COM 21 DAYS FREE TIME DETENTION AT DESTINATION AGENT""]}"
3,GDRM26-307,2026/GDRM26-307回覆39號粵查詢35協查需求(五家企業及貨物在香港的報關紀錄及兩家企業在香港的注冊信息).zip,查詢,2026年6月22日,raw_cases/GDRM26-307/GDRM26-307附件三該五家企業在香港的陸路報關紀錄.xlsx,workbook,否,,第三国转口或主体替换,"{""第三国转口或主体替换"": [""转口"", ""轉口""]}","{""第三国转口或主体替换"": [""女式裤子，女式连衣裙，短裤，裙裤，套头衫，连衣裙，超短上装，半身裙，吊带背心，保护套，假睫毛，收纳盒，包装袋，紧身连体衫，游泳服套装，泳裤，乳贴，泳衣上装，背心，发饰，女式泳衣，钱包，袜子，手腕饰花，发箍，连裤袜，弹力带，首饰套装，开襟衫，长裤，T恤衫，食物展示架，婴儿襁褓等一批转口货物 | 403CT 2026-04-27 23:26:51 | WX2490 | I | 深圳湾 | 深圳市米仓供应链有限公司 | 深圳市宝安区福海街道和平社区蚝业路20号 理光工业园 进闸口左手边--3号和4号台卸货 | CN | AWOT GLOBAL EXPRESS (H"", ""配件,烘焙模,玩具,塑料保护套,解压玩具,包装袋,腰带,拖鞋,项链,指甲贴片,手链,按摩器,鼻环,女式裙子,女童套装,女式卫衣,收纳架,女式内裤,梳子,女式内衣套装,眼镜,凉鞋,女式睡裙,戒指,女式泳衣,厨房器具,收纳盒,男童套装,手镯,手机保护壳,脐环,女式罩衫,修脚器,等一批转口货物 | 583CT 2026-04-25 08:45:44 | ZJ8109 | I | 港珠澳 | 希音 | 廣東省廣州市番禺區紅棉路與金坑路恆峰2區1棟 | CN | AWOT GLOBAL EXPRESS (HK) LTD | 香港葵涌貨櫃碼頭南路 8 號葵涌三號貨櫃碼頭""]}"
3,GDRM26-314,2026/GDRM26-314回覆43號粵查詢40協查需求(兩家企業在香港的報關紀錄).zip,查詢,2026-06-15,raw_cases/GDRM26-314/GDRM26-314【附件一】：相关报关纪录.xlsx,workbook,否,ken.chung@murata.com; op91@sz-hit.com; sales@ngfsworld.com,型号参数可核查字段; 通讯字段,"{""型号参数可核查字段"": [""POWER"", ""MODEL"", ""SPEC"", ""GRADE""], ""通讯字段"": [""CONTACT"", ""EMAIL""]}","{""型号参数可核查字段"": [""| ICN | KR | HKG | HK | XXXXX | FEDERAL EXPRESS CORPORATION 2026-06-12 00:00:00 | I | 空运 | 023-0612503A | 472003150338 | FX5991 | INVENTUS POWER | 1910 LANDMARK RD. SUITE 101.SAN DIEGOCA | FABRICATORS INTERNATIONAL LTD. | UNIT 16, 12FTECHNOLOGY PARKSHA TIN, NT | STEEL STD, QUARTER-TU"", ""S CORPORATION 2026-06-12 00:00:00 | I | 空运 | 023-0612503A | 497050935199 | FX5991 | AMPHENOL ALDEN | 482 N MARIPOSA RD.NOGALESAZ | INVENTUS POWER/ FABRICATORS INTL L | UNIT 16 12 F TECHNOLOGY PARK18 ON LAI STREETSHATIN N.T | CABLE ASM ICC PL700RA 2P-MIX KYI 72 LG | 183 | KGM | 19 | DM""], ""通讯字段"": [""INTL LTD | UNIT 16 12/F TECHNOLOGY PARK18 ON LAI STREET,SHATIN65500HK | 3M SWEDEN AB | ERNST HEDLUNDS VAG 35SE 785 30 GAGNEFGAGNEF78530SE | CONTACT PLATE, 9819 NO COMMERCIAL VALUE | 1 | 1 | CGN | DE | MMA | UNITED PARCEL SERVICE COMPANY 2026-06-10 00:00:00 | O | 空运 | 016-03280454 | RAF0"", ""910 LANDMARK RD. SUITE 101.SAN DIEGOCA | FABRICATORS INTERNATIONAL LTD. | UNIT 16, 12FTECHNOLOGY PARKSHA TIN, NT | O-RING,9129 COMMNUCATION CONTACT,H20-491-000 | 1 | KGM | 1 | JBK | CN | ANC | US | HKG | HK | XXXXX | FEDERAL EXPRESS CORPORATION 2026-06-07 00:00:00 | O | 空运 | 615-9870831""]}"
3,GDRM26-314,2026/GDRM26-314回覆43號粵查詢40協查需求(兩家企業在香港的報關紀錄).zip,查詢,2026-06-15,raw_cases/GDRM26-314/GDRM26-314【附件二】：相关陆路报关纪录.xlsx,workbook,否,,型号参数可核查字段; 通讯字段,"{""型号参数可核查字段"": [""POWER"", ""ACCURACY""], ""通讯字段"": [""CONTACT""]}","{""型号参数可核查字段"": [""ATORS INTL LTD | UT 16 12/F TECHNOLOGY PARK18 ON LAI ST | SUPPLYNET, INC | NO 13, DATUNG STREET, TUCHENGINDUSTRIAL DISTRICT TAIPEI HSIEN, | POWER SUPPLY VALUE FOR CUSTOMS PURPOSES ONLY | 12PC 2026-04-28 21:00:35 | WV1891 | I | 深圳湾 | Fabricators International Ltd | Unit 16, 12F,Technol"", ""TL LTD | UT 16 12/F TECHNOLOGY PARK18 ON LAI ST | SUPPLYNET, INC | NO 13, DATUNG STREET, TUCHENGINDUSTRIAL DISTRICT TAIPEI HSIEN, | CHARGER POWER SUPPLY | 12PC 2026-04-18 07:49:09 | WH6706 | I | 深圳湾 | INVENTUS POWER | 1200 INTERNATIONALE PARKWAY | FABRICATORS INTERNATIONAL | UNIT 16 1""], ""通讯字段"": [""ed | Unit 16 12F .Technology Park18 On Lai Street Sha Tin N.T. | Inventus Power Inc. | c/o Norman Krieger Inc9654 Siempre Viva RD. Ste. 5 | CONTACT B 8-CELL W/ EARCONN 6439 NICKEL CONTACT C 8-CELL W / EARCONN 6439 NICKEL | 1PK 2025-10-30 19:13:22 | PU1925 | O | 落马洲 | 辉碧国际有限公司 | 香港新界沙田安丽"", ""ai Street Sha Tin N.T. | Inventus Power Inc. | c/o Norman Krieger Inc9654 Siempre Viva RD. Ste. 5 | CONTACT B 8-CELL W/ EARCONN 6439 NICKEL CONTACT C 8-CELL W / EARCONN 6439 NICKEL | 1PK 2025-10-30 19:13:22 | PU1925 | O | 落马洲 | 辉碧国际有限公司 | 香港新界沙田安丽街18号 | 辉碧电子(东莞)有限公司 | 东莞市淸溪上元路23号 | 电子物料""]}"
3,GDRM26-319,2026/GDRM26-319回覆45號粵查詢42協查需求(該商品在香港的貿易紀錄).zip,查詢,2026-04-27,raw_cases/GDRM26-319/GDRM26-319附件二該商品由香港轉口內地和由香港出口內地的貿易紀錄.xlsx,workbook,否,,型号参数可核查字段; 通讯字段,"{""型号参数可核查字段"": [""牌号"", ""POWER"", ""型号"", ""型號""], ""通讯字段"": [""CONTACT""]}","{""型号参数可核查字段"": [""[工作表] 數據 运输日期 | 进口(1/1A/1B) /出口(2) | 运输方式 | 主提单编号 | 副提单编号 | 集装箱号 | 车牌号码（陆）/ 航班编号（空）/ 航次（海） | 船只名称（海） | 收货人名称 | 收货人名称2 | 收货人地址 | 申报人名称 | 申报人名称2 | 申报人地址 | 报关货物名称 | 海关编码( HS 编码 )首四位数 | 海关编码( HS 编码 ) | 货物价格(HKD) |"", ""DAO | 631 | 05945584-000 | 22621031 | 21489731 2026-06-14 00:00:00 | 1 | 大船 | COAU7269797240 | NA | NA | 259W | OOCL CHARLESTON | UNIVERSAL POWER (H.K.) CO LTD | UNIT 39, 8/F.,SINO INDUSTRIAL PLAZA 9 KAI CHEUNG ROAD, KOWLOON BAY, HK KOWLOON BAY HK | TIRES | 4011 | 40112000 | 345300 |""], ""通讯字段"": [""ITED | FLAT/RM 2811 28/F WEST TOWER SHUN TAK CENTRE 200 CONNAUGHT ROAD CENTRAL | 1132 PIECES OF MOTORCYCLE TYRES HS CODE: 401140 * SHIPPING CONTACT E-M | 4011 | 40114000 | 301805.4 | 645 | NO. | 645 | 包裹 | 631 | QINGDAO | 631 | 67476157-000 | 27084499 | 23610398 2026-03-01 00:00:00 | 2""]}"
