email,case_count,document_count,occurrences,case_ids,documents,contexts
hc.smarti@gmail.com,1,1,902,GDRM26-307,raw_cases/GDRM26-307/GDRM26-307附件二該五家企業在香港的空路及海路報關紀錄.xlsx#workbook,"[""1520 | 2606N | KMTC TOKYO | MHC GROUP FREEZONE CO., LTD. 200/2 | MOO.5 NONG IRUN, BAN BUENG,CHONBURI 20220 THAILAND TEL :0924139534 EMAIL :MHC.SMARTI@GMAIL.COM* | FOSHAN JIECHUANGYING RENEWABLE | RESOURCES RECYCLING CO, LTD DODE:USCI+91440605MABTC5UF6W ADD:NO1 OFXINGHONG SOUTH ROA D,CHANGHONGLING P"", ""4131 | 2606N | KMTC TOKYO | MHC GROUP FREEZONE CO., LTD. 200/2 | MOO.5 NONG IRUN, BAN BUENG,CHONBURI 20220 THAILAND TEL :0924139534 EMAIL :MHC.SMARTI@GMAIL.COM* | FOSHAN JIECHUANGYING RENEWABLE | RESOURCES RECYCLING CO, LTD DODE:USCI+91440605MABTC5UF6W ADD:NO1 OFXINGHONG SOUTH ROA D,CHANGHONGLING P""]"
mhc.smarti@gmail.com,1,1,900,GDRM26-307,raw_cases/GDRM26-307/GDRM26-307附件二該五家企業在香港的空路及海路報關紀錄.xlsx#workbook,"[""71520 | 2606N | KMTC TOKYO | MHC GROUP FREEZONE CO., LTD. 200/2 | MOO.5 NONG IRUN, BAN BUENG,CHONBURI 20220 THAILAND TEL :0924139534 EMAIL :MHC.SMARTI@GMAIL.COM* | FOSHAN JIECHUANGYING RENEWABLE | RESOURCES RECYCLING CO, LTD DODE:USCI+91440605MABTC5UF6W ADD:NO1 OFXINGHONG SOUTH ROA D,CHANGHONGLING P"", ""74131 | 2606N | KMTC TOKYO | MHC GROUP FREEZONE CO., LTD. 200/2 | MOO.5 NONG IRUN, BAN BUENG,CHONBURI 20220 THAILAND TEL :0924139534 EMAIL :MHC.SMARTI@GMAIL.COM* | FOSHAN JIECHUANGYING RENEWABLE | RESOURCES RECYCLING CO, LTD DODE:USCI+91440605MABTC5UF6W ADD:NO1 OFXINGHONG SOUTH ROA D,CHANGHONGLING P""]"
oci@awotglobal.com,1,1,299,GDRM26-307,raw_cases/GDRM26-307/GDRM26-307附件二該五家企業在香港的空路及海路報關紀錄.xlsx#workbook,"[""SURFACE MOUNTER YRM20-2 8 SETS AND YRM10 8SETS AND ACCESSORIESAND PARTS * FAX: 03-5860-1939 SHIPPER ID: 9999 + 4012701012475 ** EMAIL: HKG_OCI@AWOTGLOBAL.COM TRADE REGISTER NUMBER : 52936479000 36 SKIDS | 31070 | 36 | SKID | JPSMZ | JP | JPSMZ | JP | HKHKG | HK | HKHKG | HK | WAN HAI LINES (HK) L"", ""LOBAL EXPRESS (HK) LTD. | 33/F., THE OCTAGON, NO. 6 SHA TSUIROAD, TSUEN WAN, N.T., HONG KONGTEL:+852 3102 6224 FAX:+852 35425013 EMAIL: HKG_OCI@AWOTGLOBAL.COM | PL NO.1-9 PLASTIC REEL PL NO.1-14 PLASTIC TRAY ACTUAL SHIPPER: SUMIDAELECTRIC (THAILAND) CO.,LTD. *TAX ID: 0105557106960 TEL:+66 2 171 76""]"
hkg_oci@awotglobal.co,1,1,286,GDRM26-307,raw_cases/GDRM26-307/GDRM26-307附件二該五家企業在香港的空路及海路報關紀錄.xlsx#workbook,"[""MAHA SURFACE MOUNTER YRM20-2 8 SETS AND YRM10 8SETS AND ACCESSORIESAND PARTS * FAX: 03-5860-1939 SHIPPER ID: 9999 + 4012701012475 ** EMAIL: HKG_OCI@AWOTGLOBAL.COM TRADE REGISTER NUMBER : 52936479000 36 SKIDS | 31070 | 36 | SKID | JPSMZ | JP | JPSMZ | JP | HKHKG | HK | HKHKG | HK | WAN HAI LINES (HK)"", ""OT GLOBAL EXPRESS (HK) LTD. | 33/F., THE OCTAGON, NO. 6 SHA TSUIROAD, TSUEN WAN, N.T., HONG KONGTEL:+852 3102 6224 FAX:+852 35425013 EMAIL: HKG_OCI@AWOTGLOBAL.COM | PL NO.1-9 PLASTIC REEL PL NO.1-14 PLASTIC TRAY ACTUAL SHIPPER: SUMIDAELECTRIC (THAILAND) CO.,LTD. *TAX ID: 0105557106960 TEL:+66 2 171 7""]"
hkg_oci@awotglobal.com,1,1,285,GDRM26-307,raw_cases/GDRM26-307/GDRM26-307附件二該五家企業在香港的空路及海路報關紀錄.xlsx#workbook,"[""MAHA SURFACE MOUNTER YRM20-2 8 SETS AND YRM10 8SETS AND ACCESSORIESAND PARTS * FAX: 03-5860-1939 SHIPPER ID: 9999 + 4012701012475 ** EMAIL: HKG_OCI@AWOTGLOBAL.COM TRADE REGISTER NUMBER : 52936479000 36 SKIDS | 31070 | 36 | SKID | JPSMZ | JP | JPSMZ | JP | HKHKG | HK | HKHKG | HK | WAN HAI LINES (HK) L"", ""OT GLOBAL EXPRESS (HK) LTD. | 33/F., THE OCTAGON, NO. 6 SHA TSUIROAD, TSUEN WAN, N.T., HONG KONGTEL:+852 3102 6224 FAX:+852 35425013 EMAIL: HKG_OCI@AWOTGLOBAL.COM | PL NO.1-9 PLASTIC REEL PL NO.1-14 PLASTIC TRAY ACTUAL SHIPPER: SUMIDAELECTRIC (THAILAND) CO.,LTD. *TAX ID: 0105557106960 TEL:+66 2 171 76""]"
info@fourseas-group.com,1,1,177,GDRM26-129,raw_cases/GDRM26-129/GDRM26-129【附件二】：实际收货人于2025年以来自内地进口货物的报关记录.xlsx#workbook,"[""STRIAL BLDG.,16-26 KWAI TAKSTREET,KWAI CHUNG,N.T.HONG KONGTEL:(852) 31840241 ** | CARAMEL COLOR HS CODE:1702.90 **FAX:(852) 31840242 E-MAIL:INFO@FOURSEAS-GROUP.COM TRADE REGISTER#58671324-000-07-22-8 CTC:MATTHEW TANG | 25979 | 830 | CNTAO | CN | CNTAO | CN | HKHKG | HK | T.S. LINES LIMITED 2025-04-07 0"", ""TOR PRESERVATIVE FILM VINYL FLOORING *PRC:200080TEL:+8621 66116088 TAX:91310109MA1G5QAQ84 **TEL : (852) 31840241 FAX : (852)31840242 E-MAIL:INFO@FOURSEAS-GROUP.COM TRADE REGISTER #58671324-000-07-22-8 CTC:MATTHEW TANG 5X20' FCL CY TO CY 3X40' HQ FCL CY TO CY | 150091 | 1918 | PACKAGE | CNSHA | CN | CNS""]"
mhcimport66@gmail.co,1,1,117,GDRM26-307,raw_cases/GDRM26-307/GDRM26-307附件二該五家企業在香港的空路及海路報關紀錄.xlsx#workbook,"[""27515 | SEKU5215200 | 2605N | KMTC TOKYO | MHC GROUP FREEZONE CO.,LTD | 200/2 MOO.5 NONG IRUN, BAN BUENG,CHONBURI 20220TAX ID: 0205564025464MHCIMPORT66@GMAIL.COM | FOSHAN SHUN TONG CHUANG YI DECLARAT | (ROOM 310A,OFFICE NO.1 SANSHAN AVENUE,GUICHENG STREET,NANHAI DISTRICT,FOSHAN)CONTACT:YUKI | \""SHIPP"", ""REY AVE ONTARIO,CALIFORNIA 91764 | MHC GROUP FREE ZONE CO., LTD. | 200/2 MOO.5 NONG IRUN,BAN BUENG,CHONBURI 20220TAX ID: 0205564025464EMAIL:MHCIMPORT66@GMAIL.COM * | MIXED METAL SCRAP | 20965 | KGM | 1 | PACKAGE | USSAV | US | THLCH | TH | XXXXX | TH | COSCO SHIPPING CONTAINER LINE. 2026-04-22 00:00""]"
mhcimport66@gmail.com,1,1,115,GDRM26-307,raw_cases/GDRM26-307/GDRM26-307附件二該五家企業在香港的空路及海路報關紀錄.xlsx#workbook,"[""27515 | SEKU5215200 | 2605N | KMTC TOKYO | MHC GROUP FREEZONE CO.,LTD | 200/2 MOO.5 NONG IRUN, BAN BUENG,CHONBURI 20220TAX ID: 0205564025464MHCIMPORT66@GMAIL.COM | FOSHAN SHUN TONG CHUANG YI DECLARAT | (ROOM 310A,OFFICE NO.1 SANSHAN AVENUE,GUICHENG STREET,NANHAI DISTRICT,FOSHAN)CONTACT:YUKI | \""SHIPPE"", ""REY AVE ONTARIO,CALIFORNIA 91764 | MHC GROUP FREE ZONE CO., LTD. | 200/2 MOO.5 NONG IRUN,BAN BUENG,CHONBURI 20220TAX ID: 0205564025464EMAIL:MHCIMPORT66@GMAIL.COM * | MIXED METAL SCRAP | 20965 | KGM | 1 | PACKAGE | USSAV | US | THLCH | TH | XXXXX | TH | COSCO SHIPPING CONTAINER LINE. 2026-04-22 00:00:""]"
awotsgn.oi@awotglobal.com,1,1,72,GDRM26-307,raw_cases/GDRM26-307/GDRM26-307附件二該五家企業在香港的空路及海路報關紀錄.xlsx#workbook,"[""VIETNAM* | 3 PALLETS AND 212 CARTONS SHOE MATERIALOUTSOLE MOLDS HS CODE:64069099/84807110*TEL: +84 28 3899 8992 FAX: +84 8 3899 8982EMAIL : AWOTSGN.OI@AWOTGLOBAL.COMMST: 0313144257 | 3782 | 215 | PACKAGE | HKHKG | HK | HKHKG | HK | VNSGN | VN | VNSGN | VN | EVERGREEN MARINE (HONG KONG) LTD 2026-04-19 00:"", ""| 1 PALLET AND 212 CARTONS SHOE MATERIALOUTSOLE MOLDS H.S CODE:64069099,64062010,84807110 *TEL: +84 28 3899 8992FAX: +84 8 3899 8982 EMAIL :AWOTSGN.OI@AWOTGLOBAL.COM MST: 0313144257 | 3072 | 213 | PACKAGE | HKHKG | HK | HKHKG | HK | VNSGN | VN | VNSGN | VN | EVERGREEN MARINE (HONG KONG) LTD 2026-04-05 00""]"
pactrausa@pglus.com,1,1,64,GDRM26-254,raw_cases/GDRM26-254/GDRM26-254附件一該批商品在香港的空路及海路進出口紀錄.xlsx#workbook,"[""UNINGAN TIMUR,SETIA BUDI, JAKARTA SELATAN | PACTRA USA, INC. | 2700 N BERKELEY LAKE RD NWSUITE 120 DULUTH, GA 30096TEL:1-770-807-3989E-MAIL:PACTRAUSA@PGLUS.COM | 201 PACKAGES CONSIST OF - 200 PACKAGES OFSURFACE TREATED SPHERICAL GRAPHITEN.W : 160,000.00 KGS INV NO. : AB20251217-1P/O NO. : 429002565"", ""UNINGAN TIMUR,SETIA BUDI, JAKARTA SELATAN | PACTRA USA, INC. | 2700 N BERKELEY LAKE RD NWSUITE 120 DULUTH, GA 30096TEL:1-770-807-3989E-MAIL:PACTRAUSA@PGLUS.COM | 201 PACKAGES CONSIST OF - 200 PACKAGES OFSURFACE TREATED SPHERICAL GRAPHITEN.W : 160,000.00 KGS INV NO. : AB20251225-1P/O NO. : 429002565""]"
lee@awotglobal.com,1,1,52,GDRM26-307,raw_cases/GDRM26-307/GDRM26-307附件二該五家企業在香港的空路及海路報關紀錄.xlsx#workbook,"[""5-4787584 | AWOT GLOBAL EXPRESS (HK) LTD | 33/F., THE OCTAGON, NO. 6 SHA TSUIROAD, TSUEN WAN, N.T., HONG KONG.T:852-31026224 EMAIL: CHARMMY_LEE@AWOTGLOBAL.COM | FURNITURE | 4165 | KGM | 11 | LOT | XXXXX | US | XXXXX | TW | XXXXX | TW | XXXXX | HK | YANG MING LINE (HONG KONG) LIMITED 2026-03-30 00:"", ""AIN | AWOT GLOBAL EXPRESS (HK) LTD | 33/F., THE OCTAGON, NO. 6 SHA TSUIROAD, TSUEN WAN, N.T., HONG KONG. TEL: +852 3102 6224 EMAIL: CHARMMY_LEE@AWOTGLOBAL.COM | INTIMATE CARE UN 1950 / AEROSOLS / CLASS 2.1 | 10766 | KGM | 25 | PALLET | XXXXX | ES | XXXXX | SG | XXXXX | SG | XXXXX | HK | YANG MING""]"
charmmy_lee@awotglobal.com,1,1,51,GDRM26-307,raw_cases/GDRM26-307/GDRM26-307附件二該五家企業在香港的空路及海路報關紀錄.xlsx#workbook,"[""88 EIN:95-4787584 | AWOT GLOBAL EXPRESS (HK) LTD | 33/F., THE OCTAGON, NO. 6 SHA TSUIROAD, TSUEN WAN, N.T., HONG KONG.T:852-31026224 EMAIL: CHARMMY_LEE@AWOTGLOBAL.COM | FURNITURE | 4165 | KGM | 11 | LOT | XXXXX | US | XXXXX | TW | XXXXX | TW | XXXXX | HK | YANG MING LINE (HONG KONG) LIMITED 2026-03-30 00:"", ""08040 SPAIN | AWOT GLOBAL EXPRESS (HK) LTD | 33/F., THE OCTAGON, NO. 6 SHA TSUIROAD, TSUEN WAN, N.T., HONG KONG. TEL: +852 3102 6224 EMAIL: CHARMMY_LEE@AWOTGLOBAL.COM | INTIMATE CARE UN 1950 / AEROSOLS / CLASS 2.1 | 10766 | KGM | 25 | PALLET | XXXXX | ES | XXXXX | SG | XXXXX | SG | XXXXX | HK | YANG MING""]"
infinityshipping9@gmail.com,1,1,48,GDRM26-307,raw_cases/GDRM26-307/GDRM26-307附件二該五家企業在香港的空路及海路報關紀錄.xlsx#workbook,"[""G7, SANXIFARMERS COMPREHENSIVE MARKET,LEPING TOWN, SANSHUI DISTRICT,FOSHAN CITY ** | RECYCLING MATERIAL FOR CAST ALUMINIUM ALLOYS *EMAIL : INFINITYSHIPPING9@GMAIL.COM TAX ID : 0205564025464 **USCI: 91440607MABWDB1DXK CONTACT:MANDY TEL:+601133284226 EMAIL :KOKR430@GMAIL.COM | 141520 | 5 | THLCH | TH | THLC"", ""2995 | 26002N | TS TIANJIN | MHC GROUP FREEZONE CO., LTD. 200/2 | MOO.5 NONG IRUN, BAN BUENG,CHONBURI 20220 THAILAND TEL :02-3856400 EMAIL :INFINITYSHIPPING9@GMAIL.COM TAX ID | FOSHAN QIJI IMPORT AND EXPORT CO., | LTD. ONE OF 206, BLOCK 2, SANJIANGGARDEN, NO. 30 EAST GUANGHAIAVENUE, SOUTHWEST STREET, SANSH""]"
logistics@goldenlinkvietnam.co,1,1,48,GDRM26-307,raw_cases/GDRM26-307/GDRM26-307附件二該五家企業在香港的空路及海路報關紀錄.xlsx#workbook,"[""FAX:+852-35425013 | GOLDEN LINK JSC NO 445 DA NANG, | DONG HAI WARD, HAI PHONG CITY,VIET NAM TEL: +84.225.3979566 TAXCODE: 0200994849 EMAIL:LOGISTICS@GOLDENLINKVIETNAM.COM | 11 PALLETS S.T.C. 271 CARTONS POWER SUPPLY INVOICE NO: 0081551202,0081551203,0081551204 HS CODE: 850440 | 3901 | 11 | HKHKG | HK | HKHKG"", ""200 FAX: 35425013 | GOLDEN LINK JSC NO 445 DA NANG, | DONG HAI WARD, HAI PHONG CITY,VIET NAM TEL: +84.225.3979566 TAXCODE: 0200994849 EMAIL:LOGISTICS@GOLDENLINKVIETNAM.COM | 18 PALLETS S.T.C. 210 CARTONS FAN ( NO BATTERY) VF80801BX-Q180-S9H FDA128080BX-012 HS CODE : 84145990.00 INV.AA2642701 | 2964 | 18 | HKH""]"
logistics@goldenlinkvietnam.com,1,1,47,GDRM26-307,raw_cases/GDRM26-307/GDRM26-307附件二該五家企業在香港的空路及海路報關紀錄.xlsx#workbook,"[""FAX:+852-35425013 | GOLDEN LINK JSC NO 445 DA NANG, | DONG HAI WARD, HAI PHONG CITY,VIET NAM TEL: +84.225.3979566 TAXCODE: 0200994849 EMAIL:LOGISTICS@GOLDENLINKVIETNAM.COM | 11 PALLETS S.T.C. 271 CARTONS POWER SUPPLY INVOICE NO: 0081551202,0081551203,0081551204 HS CODE: 850440 | 3901 | 11 | HKHKG | HK | HKHKG"", ""200 FAX: 35425013 | GOLDEN LINK JSC NO 445 DA NANG, | DONG HAI WARD, HAI PHONG CITY,VIET NAM TEL: +84.225.3979566 TAXCODE: 0200994849 EMAIL:LOGISTICS@GOLDENLINKVIETNAM.COM | 18 PALLETS S.T.C. 210 CARTONS FAN ( NO BATTERY) VF80801BX-Q180-S9H FDA128080BX-012 HS CODE : 84145990.00 INV.AA2642701 | 2964 | 18 | HKHK""]"
op007@fourseas-group.com,1,1,47,GDRM26-129,raw_cases/GDRM26-129/GDRM26-129【附件二】：实际收货人于2025年以来自内地进口货物的报关记录.xlsx#workbook,"[""16-26 KWAI TAK STREET, KWAI CHUNG, NT, HK* | 6M CHASSIS PLATFORM 8M CHASSIS PLATFORM *TRADE REGISTER#58671324-000-07-22-8 ATTN: ENDEE LEE / OP007@FOURSEAS-GROUP.COM TEL: 21569908 / FAX: 31060991 SOC | 123400 | KGM | 27 | PALLET | XXXXX | CN | XXXXX | CN | XXXXX | HK | XXXXX | HK | YANG MING LINE (HONG K"", ""50 | FOURSEAS INTERNATIONAL LOGISTICS | RM 19,13/F,BLOCK 1,GOLDEN INDUSTRIAL,BUILDING, 16-26 KWAI TAK STREET,KWAI CHUNG, N.T., H.K. 21569908OP007@FOURSEAS-GROUP.COM ENDEE LEE | 保健品 | 800 | 3 | PACKAGE | CNNSA | CN | CNNSA | CN | HKHKG | HK | HKHKG | HK | HAI HE SHIPPING AGENCIES (HK) LTD 2025-03-31 00:0""]"
0205564025464mhcimport66@gmail.com,1,1,45,GDRM26-307,raw_cases/GDRM26-307/GDRM26-307附件二該五家企業在香港的空路及海路報關紀錄.xlsx#workbook,"[""船 | KMTCLCH5627515 | SEKU5215200 | 2605N | KMTC TOKYO | MHC GROUP FREEZONE CO.,LTD | 200/2 MOO.5 NONG IRUN, BAN BUENG,CHONBURI 20220TAX ID: 0205564025464MHCIMPORT66@GMAIL.COM | FOSHAN SHUN TONG CHUANG YI DECLARAT | (ROOM 310A,OFFICE NO.1 SANSHAN AVENUE,GUICHENG STREET,NANHAI DISTRICT,FOSHAN)CONTACT:YUKI | \""SHIPPE"", ""大船 | 320610046831 | GAOU2025565 | 2603N | KMTC POHANG | MHC GROUP FREEZONE CO.,LTD 200/2 | MOO.5 NONG IRUN, BANBUENG,CHONBURI 20220 TAX ID:0205564025464MHCIMPORT66@GMAIL.COM* | FOSHAN HONGCHENGDA TRADING | COM.,LTD SUITE410,ROOM401 NO.4JIANLIBAO NORTH ROADXINAN,SANSHUI DISTRICT FOSHANCITY PHONE:(+852)95605850 E-""]"
wht1688@hotmail.com,1,1,45,GDRM26-307,raw_cases/GDRM26-307/GDRM26-307附件二該五家企業在香港的空路及海路報關紀錄.xlsx#workbook,"[""GMAIL.CO | QINGYUAN XINYU METAL CO.,LTD NO.9,J | IAFU BUILDING,NO.8,JIAFU ROAD,QINGCHENG DISTRICT,QINGYUAN CITY TEL: 00852-51068568 E-MAIL: WHT1688@HOTMAIL.COM USCI: 91441802MADPP4A472 0 | RECYCLING MATERIALS FOR COPPER | 25973 | 13 | PACKAGE | THLCH | TH | THLCH | TH | HKHKG | HK | CNSJQ | CN | SI"", ""4EMAIL: MHC.SMARTI@GMAIL.COM | PROFIT WISE TRADING LIMITED | WORKSHOP NO.2 ON 4TH FLOOR OF VOGUECENTRE,NO.696 CASTLE PEAK ROAD,KL.,HKE-MAIL:WHT1688@HOTMAIL.COM | RECYCLING MATERIAL FOR CAST ALUMINIUMALLOYS * TEL:00852-51068568FAX:00852-37434300 | 23230 | 25 | PACKAGE | THLCH | TH | THLCH | TH | HKH""]"
64231840kemai19926634219@163.com,1,1,42,GDRM26-307,raw_cases/GDRM26-307/GDRM26-307附件二該五家企業在香港的空路及海路報關紀錄.xlsx#workbook,"[""| 聯係人：夏偉TEL:13926814738 | AWOT GLOBAL EXPRESS (HK) LIMITED | FLAT/ROOM 01-02,05-07 37/F KINGPALACE PL AZA.52A SHA TSUI ROADTSUEN WAN NT 周小姐 64231840kemai19926634219@163.com | 生活用品、家居用品等 | 7300 | 221 | PACKAGE | CNHUA | CN | CNHUA | CN | HKHKG | HK | HKHKG | HK | RICHWING SHIPPING (HONG KONG) LTD 2025-07-04 00:0"", ""07506729 /19926634269 劉生 | AWOT GLOBAL EXPRESS (HK) LIMITED | FLAT/ROOM 01-02,05-07 37/F KINGPALACE PLAZA.52A SHA TSUI ROADTSUEN WAN NT 周小姐 64231840kemai19926634219@163.com | 支架玻璃、電子產品、電子配件 | 10545 | 342 | PACKAGE | CNHUA | CN | CNHUA | CN | HKHKG | HK | HKHKG | HK | RICHWING SHIPPING (HONG KONG) LTD 2025-01-23""]"
fsjkl2025@126.com,1,1,41,GDRM26-307,raw_cases/GDRM26-307/GDRM26-307附件二該五家企業在香港的空路及海路報關紀錄.xlsx#workbook,"[""G, NO .15 ZHONGBIAN AVENUE,DALI TOWN, NANHAI DISTRICT, FOSHANCITY TEL: 13143191868** | RECYCLED ALUMINIUM *TAX ID : 0205564025464 **E-MAIL: FSJKL2025@126.COM ATTN: MR LIANG | 107210 | 81 | THLCH | TH | THLCH | TH | CNLIH | CN | T.S. LINES (HK) LIMITED 2026-05-17 00:00:00 | I | 大船 | 320610109918 |"", ""G, NO .15 ZHONGBIAN AVENUE,DALI TOWN, NANHAI DISTRICT, FOSHANCITY TEL: 13143191868** | RECYCLED ALUMINIUM *TAX ID : 0205564025464 **E-MAIL: FSJKL2025@126.COM ATTN: MR LIANG | 158050 | 132 | THLCH | TH | THLCH | TH | CNLIH | CN | T.S. LINES (HK) LIMITED 2026-05-17 00:00:00 | I | 大船 | 320610109918""]"
303181974@qq.com,1,1,38,GDRM26-307,raw_cases/GDRM26-307/GDRM26-307附件二該五家企業在香港的空路及海路報關紀錄.xlsx#workbook,"[""| PY NEXUS TRADE LIMITED | FLAT/RM A 12/F ZJ 300,300LOCKHART ROAD,WAN CHAIHONG KONG | DRY COW LEATHER *CONTACT PERSON:ZHANG XIANMING E-MAIL:303181974@QQ.COM | 22229 | KGM | 118 | BAG | XXXXX | CN | CNRZH | CN | HKHKG | HK | COSCO SHIPPING CONTAINER LINE. 2025-12-26 00:00:00 | I | 大船 | 7264288252"", ""| PY NEXUS TRADE LIMITED | FLAT/RM A 12/F ZJ 300,300LOCKHART ROAD,WAN CHAIHONG KONG | DRY COW LEATHER *CONTACT PERSON:ZHANG XIANMING E-MAIL:303181974@QQ.COM | 21458 | KGM | 121 | BAG | XXXXX | CN | CNRZH | CN | HKHKG | HK | COSCO SHIPPING CONTAINER LINE. 2025-12-25 00:00:00 | I | 小船 | RWHPHK2512""]"
kokr430@gmail.com,1,1,35,GDRM26-307,raw_cases/GDRM26-307/GDRM26-307附件二該五家企業在香港的空路及海路報關紀錄.xlsx#workbook,"[""MINIUM ALLOYS *EMAIL : INFINITYSHIPPING9@GMAIL.COM TAX ID : 0205564025464 **USCI: 91440607MABWDB1DXK CONTACT:MANDY TEL:+601133284226 EMAIL :KOKR430@GMAIL.COM | 141520 | 5 | THLCH | TH | THLCH | TH | CNGOM | CN | T.S. LINES (HK) LIMITED 2026-03-25 00:00:00 | I | 大船 | 320610039017 | TEMU5673144 | 2"", ""STRIT, FOSHAN CITY TAX ID: | RECYCLING MATERIAL FOR CAST ALUMINIUM ALLOYS *TAX ID : 0205564025464 **CONTACT: MANDY TEL:+601133284226 EMAIL: KOKR430@GMAIL.COM | 141870 | 5 | THLCH | TH | THLCH | TH | CNGOM | CN | T.S. LINES (HK) LIMITED 2026-03-25 00:00:00 | I | 大船 | 320610037853 | TSSU5010243 | 2""]"
matthew@fourseas-group.com,1,1,35,GDRM26-129,raw_cases/GDRM26-129/GDRM26-129【附件二】：实际收货人于2025年以来自内地进口货物的报关记录.xlsx#workbook,"[""CS | LTD.RM19,LEVEL 13,BLOCK 1,GOLDENINDUSTRIAL BLDG.,16-26 KWAI TAKSTREET,KWAI CHUNG,N.T.HONG KONG | CHASSIS * FAX : (852) 31840242E-MAIL :MATTHEW@FOURSEAS-GROUP.COM** FAX : (852) 31840242 E-MAIL:MATTHEW@FOURSEAS-GROUP.COM | 25504 | 1770 | CNSHA | CN | CNSHA | CN | HKHKG | HK | HKHKG | HK | EVERGREEN MAR"", ""26 KWAI TAKSTREET,KWAI CHUNG,N.T.HONG KONG | CHASSIS * FAX : (852) 31840242E-MAIL :MATTHEW@FOURSEAS-GROUP.COM** FAX : (852) 31840242 E-MAIL:MATTHEW@FOURSEAS-GROUP.COM | 25504 | 1770 | CNSHA | CN | CNSHA | CN | HKHKG | HK | HKHKG | HK | EVERGREEN MARINE (HONG KONG) LTD 2025-07-03 00:00:00 | I | 大船 | EGLV14""]"
info@fourseas-group.comtrade,1,1,30,GDRM26-129,raw_cases/GDRM26-129/GDRM26-129【附件二】：实际收货人于2025年以来自内地进口货物的报关记录.xlsx#workbook,"[""LOCK 1,GOLDENINDUSTRIAL BLDG.,16-26 KWAI TAK STREET,KWAI | ACTIVATED CARBON HS:3802109000* TEL : (852) 31840241 FAX : (852) 31840242E-MAIL :INFO@FOURSEAS-GROUP.COMTRADE REGISTER#58671324-000-07-22-8CTC:MATTHEW TANG | 44660 | 44 | PALLET | CNTXG | CN | CNTXG | CN | HKHKG | HK | HKHKG | HK | EVERGREEN MARINE"", ""LOCK 1,GOLDENINDUSTRIAL BLDG.,16-26 KWAI TAK STREET,KWAI | ACTIVATED CARBON HS:3802109000* TEL : (852) 31840241 FAX : (852) 31840242E-MAIL :INFO@FOURSEAS-GROUP.COMTRADE REGISTER#58671324-000-07-22-8CTC:MATTHEW TANG | 24360 | 22 | PALLET | CNTXG | CN | CNTXG | CN | HKHKG | HK | HKHKG | HK | EVERGREEN MARINE""]"
21569908op007@fourseas-group.com,1,1,29,GDRM26-129,raw_cases/GDRM26-129/GDRM26-129【附件二】：实际收货人于2025年以来自内地进口货物的报关记录.xlsx#workbook,"[""5915599450 | FOURSEAS INTERNATIONAL LOGISTICS | RM 19,13/F,BLOCK 1,GOLDEN INDUSTRIAL,BUILDING, 16-26 KWAI TAK STREET,KWAI CHUNG, N.T., H.K. 21569908OP007@FOURSEAS-GROUP.COM ENDEE LEE | 保健品 | 800 | 3 | PACKAGE | CNNSA | CN | CNNSA | CN | HKHKG | HK | HKHKG | HK | HAI HE SHIPPING AGENCIES (HK) LTD 2025-03-31 00:0"", ""3790552001 | FOURSEAS INTERNATIONAL LOGISTICS | RM 19,13/F,BLOCK 1,GOLDEN INDUSTRIAL,BUILDING, 16-26 KWAI TAK STREET,KWAI CHUNG, N.T., H.K. 21569908OP007@FOURSEAS-GROUP.COM ENDEE LEE | 洗發水，粉餅，粉底液，面霜， 魚肝油，護臀膏，果泥，肥皂， 除菌洗衣液，潔面啫喱，身體乳，咖啡豆，保溫袋，咖啡粉，卸妝油 | 10420 | 313 | PACKAGE | CNNSA | CN | CNNSA | CN | HKHKG | HK | H""]"
axt2022uu@outlook.com,1,1,24,GDRM26-307,raw_cases/GDRM26-307/GDRM26-307附件二該五家企業在香港的空路及海路報關紀錄.xlsx#workbook,"[""CYCLING MATERIAL FOR CAST ALUMINIUM ALLOYS *TAX ID : 0205564025464**FOSHAN CITY,GUANGDONG PROVINCE,CHINA CONTACT：CY TEL: 13077466381 EMAIL: AXT2022UU@OUTLOOK.COM | 80120 | 3 | THLCH | TH | THLCH | TH | CNGOM | CN | T.S. LINES (HK) LIMITED 2026-06-03 00:00:00 | I | 大船 | 320610129374 | TIIU4474131 | 26"", ""CYCLING MATERIAL FOR CAST ALUMINIUM ALLOYS *TAX ID : 0205564025464**FOSHAN CITY,GUANGDONG PROVINCE,CHINA CONTACT：CY TEL: 13077466381 EMAIL: AXT2022UU@OUTLOOK.COM | 80120 | 3 | THLCH | TH | THLCH | TH | CNGOM | CN | T.S. LINES (HK) LIMITED 2026-06-03 00:00:00 | I | 大船 | 320610129381 | TRHU8939524 | 26""]"
l1217125427@163.com,1,1,20,GDRM26-307,raw_cases/GDRM26-307/GDRM26-307附件二該五家企業在香港的空路及海路報關紀錄.xlsx#workbook,"["", QINGCHENG DISTRICT, | \""SHIPPER'S LOAD, COUNT & SEAL\"";\""SAID TO CONTAIN\"";3X20';126PACKAGES;ROUGH COPPERINGOT;*TEL: 0086-13018709986;E-MAIL: L1217125427@163.COM;USCI: 91441802MAEQAFJD9J | 72660 | KGM | 126 | PACKAGE | THLCH | TH | THLCH | TH | HKHKG | HK | CNSJQ | CN | KMTC (HK) CO., LIMITED 2026-02"", ""HASE II, EDUCATIONROAD, SHIJIAOTOWN, QINGCHENGDISTRICT, QINGYUAN CITY TEL: | RECYCLING MATERIALS FOR COPPER *TAX ID: 0205564025464 **EMAIL: L1217125427@163.COM USCI: 91441802MAEQAFJD9J | 27165 | 12 | THBKK | TH | THBKK | TH | CNSJQ | CN | T.S. LINES (HK) LIMITED 2026-02-22 00:00:00 | I | 大船 | 32061""]"
8992awotsgn.oi@awotglobal.com,1,1,19,GDRM26-307,raw_cases/GDRM26-307/GDRM26-307附件二該五家企業在香港的空路及海路報關紀錄.xlsx#workbook,"[""HUU CANH STREET, WARD 22,BINH THANH DISTRICT,HO CHI MINH | 10 PALLETS = 372 CARTONS ELECTRONIC MATERIAL*TAX ID: 0313144257 TELL: 84.8.3899 8992AWOTSGN.OI@AWOTGLOBAL.COM | 3852 | 10 | PALLET | HKHKG | HK | HKHKG | HK | VNSGN | VN | VNSGN | VN | EVERGREEN MARINE (HONG KONG) LTD 2025-07-16 00:00:00 | O | 大船 |"", ""HUU CANH STREET, WARD 22,BINH THANH DISTRICT,HO CHI MINH | 10 PALLETS = 397 CARTONS ELECTRONIC MATERIAL*TAX ID: 0313144257 TELL: 84.8.3899 8992AWOTSGN.OI@AWOTGLOBAL.COM | 3641 | 10 | PALLET | HKHKG | HK | HKHKG | HK | VNSGN | VN | VNSGN | VN | EVERGREEN MARINE (HONG KONG) LTD 2025-07-10 00:00:00 | O | 空运 |""]"
2034662686guanwu@alog.com,1,1,18,GDRM26-129,raw_cases/GDRM26-129/GDRM26-129【附件二】：实际收货人于2025年以来自内地进口货物的报关记录.xlsx#workbook,"[""TD 2025-09-21 00:00:00 | I | 小船 | NH2509029 | HXDU1911964 | NGI250920A | YUE JIANG 898 | 廣東沃天下供應鏈管理有限公司 | 廣東省廣州市南沙區龍穴島廣州南沙保稅港區物流區天運4號倉6門李先生：2034662686guanwu@alog.com | FOURSEAS INTERNATIONAL LOGISTICS | RM 19,13/F,BLOCK 1,GOLDEN INDUSTRIAL,BUILDING, 16-26 KWAI TAK STREET,KWAI CHUNG, N.T., H.K. 21569908OP"", ""HK) LTD 2025-08-16 00:00:00 | I | 小船 | NH2508031 | HYCU2214330 | NGI250815 | FU LI 688 | 廣東沃天下供應鏈管理有限公司 | 廣東省廣州市南沙區龍穴島廣州南沙保稅港區物流區天運4號倉6門李先生：2034662686guanwu@alog.com | FOURSEAS INTERNATIONAL LOGISTICS | RM 19,13/F,BLOCK 1,GOLDEN INDUSTRIAL,BUILDING, 16-26 KWAI TAK STREET,KWAI CHUNG, N.T., H.K. 21569908OP""]"
sueli.ching@grupomultilaser.com.br,1,1,18,GDRM26-307,raw_cases/GDRM26-307/GDRM26-307附件四該五家企業在香港的貿易紀錄.xlsx#workbook,"[""0 | 2 | 空运 | 172-05288511 | AADGM2650137 | NA | CV5797 | GRUPO MULTI S.A | AV. BURITI,2350, BLOCO G2,DISTINDLI-CEP:69075-903-MANAUS/AMEMAIL:SUELI.CHING@GRUPOMULTILASER.COM.BR TEL:55-11-999120877BRMAO | AWOT GLOBAL EXPRESS (HK) LIMITED | 33/F., The Octagon, No.6 Sha Tsui Road Tsuen Wan NT HK | Surface mounted indu"", ""0 | 2 | 空运 | 369-98366096 | AADGM2650106 | NA | 5Y654 | GRUPO MULTI S.A | AV. BURITI,2350, BLOCO G2,DIST INDLI-CEP:69075-903-MANAUS/AMEMAIL:SUELI.CHING@GRUPOMULTILASER.COM.BR TEL:55-11-999120877BRMAO | AWOT GLOBAL EXPRESS (HK) LIMITED | 33/F., The Octagon, No.6 Sha Tsui Road Tsuen Wan NT HK | \""SPARE PARTS FOR MOB""]"
teamspiritmcl@gmail.com,1,1,18,GDRM26-307,raw_cases/GDRM26-307/GDRM26-307附件二該五家企業在香港的空路及海路報關紀錄.xlsx#workbook,"[""BUENG, | TEAM SPIRIT METAL COMPANY LIMITED | DD134 LOT 423 SHEUNG TAN VILLAGE LUNG KWU TAN TUEN MUN NT HONGKONG TEL: 00852-96345510 EMAIL: TEAMSPIRITMCL@GMAIL.COM | RECYCLING MATERIALS FOR AL UMINIUM ALLOYS HS CODE: 76 0200 | 20639 | 1 | THLCH | TH | THLCH | TH | HKHKG | HK | HKHKG | HK | MEDITERRANEA"", ""BUENG, | TEAM SPIRIT METAL COMPANY LIMITED | DD134 LOT 423 SHEUNG TAN VILLAGE LUNG KWU TAN TUEN MUN NT HONGKONG TEL: 00852-96345510 EMAIL: TEAMSPIRITMCL@GMAIL.COM | RECYCLING MATERIALS FOR AL UMINIUM ALLOYS HS CODE: 76 0200 | 20267 | 1 | THLCH | TH | THLCH | TH | HKHKG | HK | HKHKG | HK | MEDITERRANEA""]"
tjbjgm01@163.com,1,1,16,GDRM26-129,raw_cases/GDRM26-129/GDRM26-129【附件二】：实际收货人于2025年以来自内地进口货物的报关记录.xlsx#workbook,"[""L LOGISTICS | LTD.RM19,LEVEL 13,BLOCK 1,GOLDENINDUSTRIAL BLDG.,16-21 KWAI TAKSTREET,KWAI CHUNG,N.T.HONG KONG** | ALKALINE SURFACTANT *EMAIL:TJBJGM01@163.COMTEL: 15522949355 ZIP 300000**E-MAIL :MATTHEW@FOURSEAS-GROUP.COMTEL : (852) 31840241 (EXT:12) FAX : (852) 31840242DIRECT LINE :(852) 31070271"", ""IONAL LOGISTICS | LTD.RM19,LEVEL 13,BLOCK 1,GOLDENINDUSTRIAL BLDG.,16-21 KWAI TAKSTREET,KWAI CHUNG,N.T.HONG KONG** | SODIUM SILICATE *EMAIL:TJBJGM01@163.COMTEL: 15522949355 **E-MAIL:MATTHEW@FOURSEAS-GROUP.COM TEL : (852) 31840241 (EXT:12)FAX : (852) 31840242 DIRECT LINE :(852) 31070271MOBILE : (""]"
hkg_oci@awotglobal.comtel,1,1,15,GDRM26-307,raw_cases/GDRM26-307/GDRM26-307附件二該五家企業在香港的空路及海路報關紀錄.xlsx#workbook,"[""NOON, LAD KRABANG, BANGKOK10520* | AWOT GLOBAL EXPRESS (HK) LTD | 33/F., THE OCTAGON, NO. 6 SHA TSUIROAD,TSUEN WAN, N.T., HONG KONGE-MAIL : HKG_OCI@AWOTGLOBAL.COMTEL: +852 3102 6224 FAX: +852 | COOLING DISTRIBUTION UNIT INV. NO. : 3310233241 DATE : 29-JAN-26 ACTUAL SHIPPER : NIDEC PRECISION (THAILAND) CO"", ""OON, LAD KRABANG, BANGKOK10520* | AWOT GLOBAL EXPRESS (HK) LTD | 33/F., THE OCTAGON, NO. 6 SHA TSUIROAD, TSUEN WAN, N.T., HONG KONGE-MAIL : HKG_OCI@AWOTGLOBAL.COMTEL:+852 3102 6224 FAX: +852 3542 | COOLING DISTRIBUTION UNIT HOSE ASSEMBLY INV. NO. : 3310233200,NPT260005,NPT260006 DATE : 28-JAN-26 ACTUAL S""]"
tjbjgm01@163.comtel,1,1,15,GDRM26-129,raw_cases/GDRM26-129/GDRM26-129【附件二】：实际收货人于2025年以来自内地进口货物的报关记录.xlsx#workbook,"[""L LOGISTICS | LTD.RM19,LEVEL 13,BLOCK 1,GOLDENINDUSTRIAL BLDG.,16-21 KWAI TAKSTREET,KWAI CHUNG,N.T.HONG KONG** | ALKALINE SURFACTANT *EMAIL:TJBJGM01@163.COMTEL: 15522949355 ZIP 300000**E-MAIL :MATTHEW@FOURSEAS-GROUP.COMTEL : (852) 31840241 (EXT:12) FAX : (852) 31840242DIRECT LINE :(852) 31070271 MO"", ""IONAL LOGISTICS | LTD.RM19,LEVEL 13,BLOCK 1,GOLDENINDUSTRIAL BLDG.,16-21 KWAI TAKSTREET,KWAI CHUNG,N.T.HONG KONG** | SODIUM SILICATE *EMAIL:TJBJGM01@163.COMTEL: 15522949355 **E-MAIL:MATTHEW@FOURSEAS-GROUP.COM TEL : (852) 31840241 (EXT:12)FAX : (852) 31840242 DIRECT LINE :(852) 31070271MOBILE : (852""]"
wht1688@hotmail.comusci,1,1,15,GDRM26-307,raw_cases/GDRM26-307/GDRM26-307附件二該五家企業在香港的空路及海路報關紀錄.xlsx#workbook,"[""ARE PLASTICCO.,LTD.,ZONE 4,QINGYUAN * | ROUGH COPPER INGOT *HIGH-TECH INDUSTRIALDEVELOPMENT ZONE TEL:00852-51068568FAX:00852-37434300 EMAIL:WHT1688@HOTMAIL.COMUSCI:91441802MA7J3EKA01 | 96650 | 110 | PACKAGE | THLCH | TH | THLCH | TH | HKHKG | HK | CNSJQ | CN | EVERGREEN MARINE (HONG KONG) LTD 2026-02-1"", ""ASTIC CO.,LTD.,ZONE 4,QINGYUAN HIGH-TECH | RECYCLING MATERIAL FOR COPPER ALLOY* DEVELOPMENT ZONE TEL:00852-51068568FAX:00852-37434300 EMAIL:WHT1688@HOTMAIL.COMUSCI:91441802MA7J3EKA01 | 24630 | 22 | PACKAGE | THLCH | TH | THLCH | TH | HKHKG | HK | CNLIH | CN | EVERGREEN MARINE (HONG KONG) LTD 2026-02-16""]"
info@daygard.comtel,1,1,14,GDRM26-254,raw_cases/GDRM26-254/GDRM26-254附件一該批商品在香港的空路及海路進出口紀錄.xlsx#workbook,"[""ORT ROADKWAI CHUNG, NEW TERRITORIESHONG KONG | DAYGARD LOGISTICS GROUP | UNIT B1/B2, J31 PARK, MOTHERWELLWAY, WEST THURROCK, RM20 3XDEMAIL: info@daygard.comTEL: 44 1708 630 448 | SOLAR LIGHT PIR LIGHT HS CODE 940541 COLD ROLLED STAINLESS STEEL STRIP IN COIL HS CODE : 7220.20 UNDERWEAR BRIEF HS CODE""]"
fsjkl2025@126.comattn,1,1,12,GDRM26-307,raw_cases/GDRM26-307/GDRM26-307附件二該五家企業在香港的空路及海路報關紀錄.xlsx#workbook,"[""7 GUANGFO ROAD, HUANGQI, DALITOWN, NANHAI DISTRICT,FOSHANCITY,CHINA TEL: 13143191868 | RECYCLED ALUMINIUM *TAX ID : 0205564025464 **E-MAIL: FSJKL2025@126.COMATTN: MR LIANG | 61080 | 3 | THLCH | TH | THLCH | TH | CNLIH | CN | T.S. LINES (HK) LIMITED 2026-04-10 00:00:00 | I | 大船 | 320610062510 | TSSU50"", ""7 GUANGFO ROAD, HUANGQI, DALITOWN, NANHAI DISTRICT,FOSHANCITY,CHINA TEL: 13143191868 | RECYCLED ALUMINIUM *TAX ID : 0205564025464 **E-MAIL: FSJKL2025@126.COMATTN: MR LIANG | 61080 | 3 | THLCH | TH | THLCH | TH | CNLIH | CN | T.S. LINES (HK) LIMITED 2026-04-10 00:00:00 | I | 大船 | 320610062510 | TSSU51""]"
mhcexport1@gmail.com,1,1,12,GDRM26-307,raw_cases/GDRM26-307/GDRM26-307附件二該五家企業在香港的空路及海路報關紀錄.xlsx#workbook,"[""TE 204 JERICHO NY 11753 UNITED STATES | MHC GROUP FREE ZONE CO.,LTD. | 200 2 MOO.5 NONG IRUN,BAN BUENG, CHONBURI 20220 TEL 023856400-1 EMAILMHCEXPORT1@GMAIL.COM | SHIPPER'S LOAD AND COUNT 5X40HC CONTAINER(S) 5 LOOSE PIECES MIXED METAL SCRAP - ZORBA IMPORTERS REF NO.: ZL10279 AES X20240719250148 ---"", ""C CITY, HO CHI MINH CITY TEL:84-28-37408020 | MHC GROUP FREE ZONE CO.,LTD | 200/2 MOO.5 NONG IRUN, BAN BUENG,CHONBURI 20220 THAILAND EMAIL: MHCEXPORT1@GMAIL.COM TEL: 081-023856400-1 | RUBBER | 28700 | 1 | PKGS | VNDAD | VN | HKHKG | HK | THLCH | TH | THLCH | TH | SITC SHIPPING AGENCY (HK) CO LTD 202""]"
hkgoci@awotglobal.com,1,1,11,GDRM26-307,raw_cases/GDRM26-307/GDRM26-307附件二該五家企業在香港的空路及海路報關紀錄.xlsx#workbook,"[""NGKOK 10520TAX ID: 0105557106960* | AWOT GLOBAL EXPRESS (HK) LTD33/F., | THE OCTAGON, NO. 6 SHA TSUIROAD,TSUEN WAN, N.T., HONG KONGE-MAIL : HKGOCI@AWOTGLOBAL.COMTEL: +852 3102 6224 ** | COOLING DISTRIBUTION UNIT HOSE ASSEMBLY INV. NO. : 3310235911,NPT260025 *TEL:+66 2 171 7692 FAX:+66 2 171 7696 ** F"", ""NGKOK 10520TAX ID: 0105557106960* | AWOT GLOBAL EXPRESS (HK) LTD33/F., | THE OCTAGON, NO. 6 SHA TSUIROAD,TSUEN WAN, N.T., HONG KONGE-MAIL : HKGOCI@AWOTGLOBAL.COMTEL: +852 31026224 * | COOLING DISTRIBUTION UNIT HOSE ASSEMBLY INV. NO. : 3310235518,NPT260020, 3310235519,NPT260021 DATE : 26-FEB-26 * FAX:""]"
emailmhcexport1@gmail.com,1,1,10,GDRM26-307,raw_cases/GDRM26-307/GDRM26-307附件二該五家企業在香港的空路及海路報關紀錄.xlsx#workbook,"[""PLZ STE 204 JERICHO NY 11753 UNITED STATES | MHC GROUP FREE ZONE CO.,LTD. | 200 2 MOO.5 NONG IRUN,BAN BUENG, CHONBURI 20220 TEL 023856400-1 EMAILMHCEXPORT1@GMAIL.COM | SHIPPER'S LOAD AND COUNT 5X40HC CONTAINER(S) 5 LOOSE PIECES MIXED METAL SCRAP - ZORBA IMPORTERS REF NO.: ZL10279 AES X20240719250148 ---""]"
info@sharafnigeria.com,1,1,10,GDRM26-254,raw_cases/GDRM26-254/GDRM26-254附件一該批商品在香港的空路及海路進出口紀錄.xlsx#workbook,"[""NIDE FOR INDUSTRIALUSE SH> TEL: (852)28516765, (852)28516765 FAX: (852)28514312, (IMP DEPT)28514325 CN> CONTACT PERSON: TINUKE ALAKA EMAIL: INFO@SHARAFNIGERIA.COM CONTACT NUMBER: +2348090213472 NP> TINCAN ISLAND, LAGOS. NIGERIA | 2680 | 1 | PACKAGE | NGAPP | NG | NGAPP | NG | OCEAN NETWORK EXPRESS(EAS"", ""NIDE FOR INDUSTRIALUSE SH> TEL: (852)28516765, (852)28516765 FAX: (852)28514312, (IMP DEPT)28514325 CN> CONTACT PERSON: TINUKE ALAKA EMAIL: INFO@SHARAFNIGERIA.COM CONTACT NUMBER: +2348090213472 NP> TINCAN ISLAND, LAGOS. NIGERIA | 198 | 1 | WOODEN CASE | NGAPP | NG | NGAPP | NG | OCEAN NETWORK EXPRESS(""]"
jason_li@awotglobal.com,1,1,10,GDRM26-307,raw_cases/GDRM26-307/GDRM26-307附件二該五家企業在香港的空路及海路報關紀錄.xlsx#workbook,"[""LL ROAD, ARFORD, HEADLEY | AWOT GLOBAL EXPRESS (HK) LTD | ROOM 3705-07, 37/F KING PALACE PLAZA ,HONG KONG JASON LI +85231026224+85235425013 JASON_LI@AWOTGLOBAL.COM | LF SWEETCORN PUFFS 20G CN | 1928 | 2000 | GBDGN | GB | GBBEL | GB | HKHKG | HK | HKHKG | HK | MEDITERRANEAN SHIPPING CO (HK) LTD 2023-09-"", ""LL ROAD, ARFORD, HEADLEY | AWOT GLOBAL EXPRESS (HK) LTD | ROOM 3705-07, 37/F KING PALACE PLAZA ,HONG KONG JASON LI +85231026224+85235425013 JASON_LI@AWOTGLOBAL.COM | LF STRAWBERRY & RASPBERRY HOOPS CN LF BLUEBERRY & STAWBERRY HOOPS CN LF BLUEBERRY & STAWBERRY HOOPS ENG LF SWEETCORN PUFFS 20G CN FREIGHT""]"
manish.jain@kotharimetals.in,1,1,10,GDRM26-165,raw_cases/GDRM26-165/GDRM26-165【附件一】：协查公司的报关记录.xlsx#workbook,"[""IGADH (MAHARASHTRA)PIN:410208, | ELECTROLYTIC MANGANESE METAL FLAKES (UNWROUGHT & UNALLOYED)HS CODE:811100 * GST NO.:27AABCK0820C1Z7.EMAIL: MANISH.JAIN@KOTHARIMETALS.INC.P. MR. MANISH JAIN (M) 91-9769928273PAN NO. AABCK0820C ** GST NO.:27AABCK0820C1Z7. | 54108 | 54 | XXXXX | CN | HKHKG | HK | INNSA | IN | I"", ""IGADH (MAHARASHTRA)PIN:410208, | ELECTROLYTIC MANGANESE METAL FLAKES (UNWROUGHT & UNALLOYED)HS CODE:811100 * GST NO.:27AABCK0820C1Z7.EMAIL: MANISH.JAIN@KOTHARIMETALS.INC.P. MR. MANISH JAIN (M) 91-9769928273PAN NO. AABCK0820C ** GST NO.:27AABCK0820C1Z7. | 54108 | 54 | XXXXX | CN | XXXXX | CN | HKHKG | HK | I""]"
mhc.smarti@gmail.comtax,1,1,10,GDRM26-307,raw_cases/GDRM26-307/GDRM26-307附件二該五家企業在香港的空路及海路報關紀錄.xlsx#workbook,"[""LIIN-2601N | LITTLE DOLPHIN | MHC GROUP FREEZONE CO.,LTD | 200/2 MOO.5 NONG IRUN, BAN BUENG,CHONBURI 20220 THAILAND TEL: 0924139534 EMAIL: MHC.SMARTI@GMAIL.COMTAX ID: 0205564025464 | FOSHAN YIFU METALMATERIAL CO.,LTD N | O.203,BLOCK B11,JIULONG HARDWARE &STAINLESS STEEL TRADE CENTER,SHUITO U JIULONG C"", ""IN-2601N | LITTLE DOLPHIN | MHC GROUP FREEZONE CO., LTD. | 200/2 MOO.5 NONG IRUN, BAN BUENG,CHONBURI 20220 THAILAND TEL: 0924139534 Email : mhc.smarti@gmail.comTAX ID : 0205564025464 | FOSHAN BOHANG NEW MATERIALS CO., LT | D NO. 211, 2ND FLOOR, BUILDING 1A,QIBAO ALUMINIUM MATERIALS DECORATION EXHIBITIO""]"
emailsueli.ching@grupomultilaser.com.brbrvcp,1,1,9,GDRM26-307,raw_cases/GDRM26-307/GDRM26-307附件四該五家企業在香港的貿易紀錄.xlsx#workbook,"[""04273 | NA | 5Y8373 | GRUPO MULTI S.A | RUA JOSEPHA GOMES DE SOUZA,382-BAIRRO DOSPIRES,EXTREMA,MG-BRASIL CEP:37640-000 CONTACT: SUELI CHING EMAILSUELI.CHING@GRUPOMULTILASER.COM.BRBRVCP | AWOT GLOBAL EXPRESS (HK) LIMITED | 33/F., The Octagon, No.6 Sha Tsui Road Tsuen Wan NT HK | Battery cover | 8517 | 85177990 | 65166.57 |"", ""04251 | NA | 5Y8373 | GRUPO MULTI S.A | RUA JOSEPHA GOMES DE SOUZA,382-BAIRRO DOSPIRES,EXTREMA,MG-BRASIL CEP:37640-000 CONTACT: SUELI CHING EMAILSUELI.CHING@GRUPOMULTILASER.COM.BRBRVCP | AWOT GLOBAL EXPRESS (HK) LIMITED | 33/F., The Octagon, No.6 Sha Tsui Road Tsuen Wan NT HK | \""SPARE PARTS FOR MOBILE PHONE (Die out access""]"
baojianghong1990@gmail.com,1,1,8,GDRM26-307,raw_cases/GDRM26-307/GDRM26-307附件二該五家企業在香港的空路及海路報關紀錄.xlsx#workbook,"[""ADING CO.,LTD.ROOM 2207A, 28MAGI ROAD, CHINA (SHANGHAI) PILOTFREE TRADE ZONE TEL : 13681836667** | ALUMINIUM ALLOYS INGOT C2-MHC005 **EMAIL:BAOJIANGHONG1990@GMAIL.COM USCI : 91310000MA7F0HN06B | 110500 | 146 | THLCH | TH | HKHKG | HK | CNDLC | CN | CNDLC | CN | T.S. LINES LIMITED 2024-08-29 00:00:00 | O |"", ""ADING CO.,LTD.ROOM 2207A, 28MAGI ROAD, CHINA (SHANGHAI) PILOTFREE TRADE ZONE TEL : 13681836667** | ALUMINIUM ALLOYS INGOT C2-MHC005 **EMAIL:BAOJIANGHONG1990@GMAIL.COM USCI : 91310000MA7F0HN06B | 110500 | 146 | THLCH | TH | HKHKG | HK | CNDLC | CN | CNDLC | CN | T.S. LINES LIMITED 2024-08-29 00:00:00 | I |""]"
hkgoci@awotglobal.comtel,1,1,8,GDRM26-307,raw_cases/GDRM26-307/GDRM26-307附件二該五家企業在香港的空路及海路報關紀錄.xlsx#workbook,"[""NGKOK 10520TAX ID: 0105557106960* | AWOT GLOBAL EXPRESS (HK) LTD33/F., | THE OCTAGON, NO. 6 SHA TSUIROAD,TSUEN WAN, N.T., HONG KONGE-MAIL : HKGOCI@AWOTGLOBAL.COMTEL: +852 3102 6224 ** | COOLING DISTRIBUTION UNIT HOSE ASSEMBLY INV. NO. : 3310235911,NPT260025 *TEL:+66 2 171 7692 FAX:+66 2 171 7696 ** FAX:"", ""NGKOK 10520TAX ID: 0105557106960* | AWOT GLOBAL EXPRESS (HK) LTD33/F., | THE OCTAGON, NO. 6 SHA TSUIROAD,TSUEN WAN, N.T., HONG KONGE-MAIL : HKGOCI@AWOTGLOBAL.COMTEL: +852 31026224 * | COOLING DISTRIBUTION UNIT HOSE ASSEMBLY INV. NO. : 3310235518,NPT260020, 3310235519,NPT260021 DATE : 26-FEB-26 * FAX: +8""]"
minnie@fourseas-group.com,1,1,8,GDRM26-129,raw_cases/GDRM26-129/GDRM26-129【附件二】：实际收货人于2025年以来自内地进口货物的报关记录.xlsx#workbook,"[""16-26 KWAI TAKSTREET,KWAI CHUNG, N.T.HONG KONG** | PVC FILM **TEL : (852) 31840241 FAX : (852) 31840242 DIRECT LINE: (852) 31072686 E-MAIL :MINNIE@FOURSEAS-GROUP.COM ***FAX : (852) 31840242 DIRECT LINE: (852) 31072686 E-MAIL :MINNIE@FOURSEAS-GROUP.COM | 9171 | 18 | CNSHA | CN | CNSHA | CN | HKHKG | HK |"", "": (852) 31840242 DIRECT LINE: (852) 31072686 E-MAIL :MINNIE@FOURSEAS-GROUP.COM ***FAX : (852) 31840242 DIRECT LINE: (852) 31072686 E-MAIL :MINNIE@FOURSEAS-GROUP.COM | 9171 | 18 | CNSHA | CN | CNSHA | CN | HKHKG | HK | T.S. LINES LIMITED 2025-01-06 00:00:00 | I | 大船 | 757411002795 | FCIU4775146 | 24013S""]"
mrwv398@163.com,1,1,8,GDRM26-307,raw_cases/GDRM26-307/GDRM26-307附件二該五家企業在香港的空路及海路報關紀錄.xlsx#workbook,"[""WN, NANHAI DISTRICT,FOSHAN CITY* | RECYCLING MATERIAL FOR CAST ALUMINIUM ALLOYS HS CODE: 760200 *TEL: 0757-87667727 CONTACT: LU LU E-MALL: MRWV398@163.COM USCI CODE: 91440605MAC63R7N73 | 111060 | 80 | PACKAGE | THLCH | TH | THLCH | TH | HKHKG | HK | CNLIH | CN | SINOTRANS (HK) SHIPPING LTD 202"", ""WN, NANHAI DISTRICT,FOSHAN CITY* | RECYCLING MATERIAL FOR CAST ALUMINIUM ALLOYS HS CODE: 760200 *TEL: 0757-87667727 CONTACT: LU LU E-MALL: MRWV398@163.COM USCI CODE: 91440605MAC63R7N73 | 109430 | 72 | PACKAGE | THLCH | TH | THLCH | TH | HKHKG | HK | CNLIH | CN | SINOTRANS (HK) SHIPPING LTD 202""]"
he17124474639@126.com,1,1,7,GDRM26-307,raw_cases/GDRM26-307/GDRM26-307附件二該五家企業在香港的空路及海路報關紀錄.xlsx#workbook,"[""NG MAO , WEST SIDE OF QINGSAN HIGHWAY, 12T H EVENING VILLAGE, TANGTOU NEIGH | RECYCLING MATERIALS FOR BRASS *CONTACT PERSON: MISS GUO MAIL: HE17124474639@126.COM TEL: +86-13725103439 USCI: 91441802MA55LMBH4F | 27930 | 21 | PACKAGE | THLCH | TH | THLCH | TH | HKHKG | HK | CNNHS | CN | SINOTRANS (HK) S"", ""S LOAD, COUNT & SEAL\"";\""SAID TO CONTAIN\"";1X40';19PACKAGE;RECYCLING MATERIALS FOR COPPER;*CONTACT PERSON: MISS GUO;TEL: +86-13725103439;MAIL: HE17124474639@126.COM;USCI: 91441802MA55LMBH4F | 27482 | KGM | 19 | PACKAGE | THLCH | TH | THLCH | TH | HKHKG | HK | XXXXX | CN | KMTC (HK) CO., LIMITED 2026-02-""]"
joyshipping38@shokz.comusord,1,1,7,GDRM26-307,raw_cases/GDRM26-307/GDRM26-307附件四該五家企業在香港的貿易紀錄.xlsx#workbook,"[""ZX2650435 | NA | CV5327 | SHOKZ(SINGAPORE)PTE.LTD. | 11 NORTH BUONA VISTA DRIVE #16-09THE METROPOLIS SINGAPORE (138589)TEL 15640715943 ATTN：JOYSHIPPING38@SHOKZ.COMUSORD | AWOT GLOBAL EXPRESS (HK) LIMITED | 33/F., The Octagon, No.6 Sha Tsui Road Tsuen Wan NT HK | earring | 7116 | 71162000 | 21594.14 | 3.63 |"", ""ZX2650435 | NA | CV5327 | SHOKZ(SINGAPORE)PTE.LTD. | 11 NORTH BUONA VISTA DRIVE #16-09THE METROPOLIS SINGAPORE (138589)TEL 15640715943 ATTN：JOYSHIPPING38@SHOKZ.COMUSORD | AWOT GLOBAL EXPRESS (HK) LIMITED | 33/F., The Octagon, No.6 Sha Tsui Road Tsuen Wan NT HK | Wireless Bluetooth headphones | 8518 | 851830""]"
sungo888@outlook.com,1,1,7,GDRM26-307,raw_cases/GDRM26-307/GDRM26-307附件二該五家企業在香港的空路及海路報關紀錄.xlsx#workbook,"[""ST ALUMINIUM ALLOYS *TAX ID : 0205564025464**FOSHAN CITY (REPORTED FOR RESIDENCE) CONTACT:COUSIN TEL:00852-95702813 FAX:00852-95702813 MAIL:SUNGO888@OUTLOOK.COM | 55670 | 48 | THLCH | TH | THLCH | TH | CNLIH | CN | T.S. LINES (HK) LIMITED 2026-02-03 00:00:00 | I | 大船 | 320610019606 | TIIU4442880 | 2"", ""TY USCI:91440113MACNOLOT4W** | RECYCLED ALUMINIUM *TAX ID : 0205564025464 **CONTACT: COUSIN TEL: 00852-95702813 FAX: 00852-95702813 E-MAIL: SUNGO888@OUTLOOK.COM | 54910 | 40 | THLCH | TH | THLCH | TH | CNLIH | CN | T.S. LINES (HK) LIMITED 2026-02-03 00:00:00 | I | 大船 | 320610011143 | TRHU8863970 | 2""]"
20220mhcimport66@gmail.com,1,1,6,GDRM26-307,raw_cases/GDRM26-307/GDRM26-307附件二該五家企業在香港的空路及海路報關紀錄.xlsx#workbook,"[""0:00:00 | I | 大船 | 320610030724 | GAOU6773971 | 26001N | TS TIANJIN | MHC GROUP FREEZONE CO.,LTD 200/2 | MOO.5 NONG IRUN, BANBUENG,CHONBURI 20220MHCIMPORT66@GMAIL.COM TEL.OFFICE033-674738* | FOSHANHUAYI TRADING CO.,LTD. | NO.840B,BUILDING 3,SANSHUI SQUARE,NO.9,ZHANGBIAN RD,XINAN,SANSHUIDISTRICT, FOSHAN.TE"", ""0:00:00 | I | 大船 | 320610026048 | TEMU7940384 | 26001N | TS TIANJIN | MHC GROUP FREEZONE CO.,LTD 200/2 | MOO.5 NONG IRUN, BANBUENG,CHONBURI 20220MHCIMPORT66@GMAIL.COM TEL.OFFICE033-674738* | FOSHANHUAYI TRADING CO.,LTD. | NO.840B,BUILDING 3,SANSHUI SQUARE,NO.9,ZHANGBIAN RD,XINAN,SANSHUIDISTRICT,FOSHAN. TE""]"
757580603@qq.co,1,1,6,GDRM26-307,raw_cases/GDRM26-307/GDRM26-307附件二該五家企業在香港的空路及海路報關紀錄.xlsx#workbook,"[""QINGDAO KAIMINGDA MACHINERY CO., LT | ROOM 328, NO. 316 MAOSHAN ROAD, HUANGDAO DISTRICT, QINGDAO CITY PHONENUMBER: (+86) 15318722000 E-MAIL:757580603@QQ.CO USCI+9137021105727571 | COW LEATHER (DRY) | 23980 | 58 | CTNS | HKHKG | HK | HKHKG | HK | CNTAO | CN | CNRZH | CN | SITC SHIPPING AGENCY (H"", ""QINGDAO KAIMINGDA MACHINERY CO., LT | ROOM 328, NO. 316 MAOSHAN ROAD, HUANGDAO DISTRICT, QINGDAO CITY PHONENUMBER: (+86) 15318722000 E-MAIL:757580603@QQ.CO USCI+9137021105727571 | COW LEATHER (DRY) | 39270 | 82 | CTNS | HKHKG | HK | HKHKG | HK | CNTAO | CN | CNRZH | CN | SITC SHIPPING AGENCY (H""]"
annie_tsang@awotglobal.com,1,1,6,GDRM26-307,raw_cases/GDRM26-307/GDRM26-307附件二該五家企業在香港的空路及海路報關紀錄.xlsx#workbook,"[""+852 3102 6225 FAX: +852 3542 5013 (**) | PLASTIC REEL( HS CODE: 39234090) INVOICE NO.: SEQR26050501 ( 20 PALLETS) (*) VIETNAM. (**) EMAIL :ANNIE_TSANG@AWOTGLOBAL.COM ANNIE TSANG | 4840 | KGM | 20 | PALLET | XXXXX | VN | XXXXX | VN | XXXXX | HK | XXXXX | HK | YANG MING LINE (HONG KONG) LIMITED 2026-05-19"", ""G TEL: +852 3102 6225 FAX: +852 3542 5013 ** | PLASTIC REEL (HS CODE: 39234090) INVOICE NO.: SEQR26022501 (20 PALLETS) * VIETNAM. ** EMAIL :ANNIE_TSANG@AWOTGLOBAL.COM ANNIE TSANG | 4840 | KGM | 20 | PALLET | XXXXX | VN | XXXXX | VN | XXXXX | HK | XXXXX | HK | YANG MING LINE (HONG KONG) LIMITED 2026-03-19""]"
awotsgn.oi@awotglobal.commst,1,1,6,GDRM26-307,raw_cases/GDRM26-307/GDRM26-307附件二該五家企業在香港的空路及海路報關紀錄.xlsx#workbook,"[""VIETNAM* | 3 PALLETS AND 212 CARTONS SHOE MATERIALOUTSOLE MOLDS HS CODE:64069099/84807110*TEL: +84 28 3899 8992 FAX: +84 8 3899 8982EMAIL : AWOTSGN.OI@AWOTGLOBAL.COMMST: 0313144257 | 3782 | 215 | PACKAGE | HKHKG | HK | HKHKG | HK | VNSGN | VN | VNSGN | VN | EVERGREEN MARINE (HONG KONG) LTD 2026-04-19 00:00:"", ""THANH MYTAY WARD,HO CHI MINH CITY,VIETNAM* | 10 PALLETS = 385 CARTONS ELECTRONIC MATERIAL*TEL: +84 28 3899 8992 FAX: +84 8 3899 8982EMAIL : AWOTSGN.OI@AWOTGLOBAL.COMMST: 0313144257 | 3367 | 10 | PALLET | HKHKG | HK | HKHKG | HK | VNSGN | VN | VNSGN | VN | EVERGREEN MARINE (HONG KONG) LTD 2025-11-08 00:00:00""]"
hkchengyue@gmail.com,1,1,6,GDRM26-307,raw_cases/GDRM26-307/GDRM26-307附件二該五家企業在香港的空路及海路報關紀錄.xlsx#workbook,"[""G, NANHAI,FOSHAN, GUANGDONG.** | RECYCLING MATERIALS FOR CAST ALUMINIUM ALLOYS *TAX ID : 0205564025464**TEL:852-84190098 NAME:MS. LEE EMAIL:HKCHENGYUE@GMAIL.COM | 55380 | 2 | THLCH | TH | THLCH | TH | CNLIH | CN | T.S. LINES (HK) LIMITED 2026-04-07 00:00:00 | I | 大船 | 320610067140 | TLLU8705708 | 26"", ""G, NANHAI,FOSHAN, GUANGDONG.** | RECYCLING MATERIALS FOR CAST ALUMINIUM ALLOYS *TAX ID : 0205564025464**TEL:852-84190098 NAME:MS. LEE EMAIL:HKCHENGYUE@GMAIL.COM | 55490 | 2 | THLCH | TH | THLCH | TH | CNLIH | CN | T.S. LINES (HK) LIMITED 2026-04-07 00:00:00 | I | 大船 | 320610057493 | TLLU8707450 | 26""]"
infinityimport8@gmail.com,1,1,6,GDRM26-307,raw_cases/GDRM26-307/GDRM26-307附件二該五家企業在香港的空路及海路報關紀錄.xlsx#workbook,"[""C CITY, HO CHI MINH CITY TEL:84-28-37408020 | MHC GROUP FREE ZONE CO.,LTD | 200/2 MOO.5 NONG IRUN, BAN BUENG,CHONBURI 20220 THAILAND EMAIL: INFINITYIMPORT8@GMAIL.COM TEL: (+66) 23856400-1 | RUBBER | 28500 | 1 | PKGS | VNDAD | VN | HKHKG | HK | THLCH | TH | THLCH | TH | SITC SHIPPING AGENCY (HK) CO LTD 20"", ""C CITY, HO CHI MINH CITY TEL:84-28-37408020 | MHC GROUP FREE ZONE CO.,LTD | 200/2 MOO.5 NONG IRUN, BAN BUENG,CHONBURI 20220 THAILAND EMAIL: INFINITYIMPORT8@GMAIL.COM TEL: (+66) 23856400-1 | RUBBER | 28500 | 1 | PKGS | VNDAD | VN | VNDAD | VN | THLCH | TH | THLCH | TH | SITC SHIPPING AGENCY (HK) CO LTD 20""]"
243808769@qq.com,1,1,5,GDRM26-307,raw_cases/GDRM26-307/GDRM26-307附件二該五家企業在香港的空路及海路報關紀錄.xlsx#workbook,"[""738* | FOSHANHUAYI TRADING CO.,LTD. | NO.840B,BUILDING 3,SANSHUI SQUARE,NO.9,ZHANGBIAN RD,XINAN,SANSHUIDISTRICT, FOSHAN.TEL: 26321186EMAIL: 243808769@QQ.COM USCI: | RECYCLING MATERIAL FOR CAST ALUMINIUM ALLOYS *TAX ID: 0205564025464 | 55300 | 69 | THBKK | TH | THBKK | TH | CNBJO | CN | T.S. LINE"", ""738* | FOSHANHUAYI TRADING CO.,LTD. | NO.840B,BUILDING 3,SANSHUI SQUARE,NO.9,ZHANGBIAN RD,XINAN,SANSHUIDISTRICT,FOSHAN. TEL: 26321186EMAIL: 243808769@QQ.COM USCI: | RECYCLING MATERIAL FOR CAST ALUMINIUM ALLOYS *TAX ID: 0205564025464 | 27290 | 31 | THBKK | TH | THBKK | TH | CNBJO | CN | T.S. LINE""]"
kelvin_cheung@awotglobal.com,1,1,5,GDRM26-307,raw_cases/GDRM26-307/GDRM26-307附件二該五家企業在香港的空路及海路報關紀錄.xlsx#workbook,"[""PKL25120010 FREIGHT PREPAID SHIPPED ON BOARD BY CHENNAI VOYAGER V.2510N DATED 27.12.2025 AT PENANG, MALAYSIA *MOBILE: +852 96413545 EMAIL : KELVIN_CHEUNG@AWOTGLOBAL.COM | 14203 | 24 | MYPEN | MY | MYPEN | MY | SINOKOR HONGKONG CO., LIMITED 2026-01-02 00:00:00 | I | 大船 | 320510285293 | SLSU2085918 | 25022N |"", ""e Octagon, No. 6 Sha TsuiRoad, Tsuen Wan, N.T., Hong Kong Tel: +852 3102 6220 Fax: +852 3542 5013** | RAIL ** Mobile: +852 96413545 Email : kelvin_cheung@awotglobal.com hkg_oci@awotglobal.com | 8738 | 20 | PACKAGE | TWKHH | TW | TWKHH | TW | HKHKG | HK | HKHKG | HK | WAN HAI LINES (HK) LIMITED 2025-12-19 00""]"
mtl2008@yahoo.com,1,1,5,GDRM26-307,raw_cases/GDRM26-307/GDRM26-307附件二該五家企業在香港的空路及海路報關紀錄.xlsx#workbook,"[""S.A. | DONTO S.A. (CUIT 30-68149138-0) TUCUMAN 637 PISO 1 (1049) CAPITAL FEDERAL REPUBLICA ARGENTINA | SAIER TRADE LTD | SAIER TRADE LTD. E:mtl2008@yahoo.com FLAT/RM F , 5/F , FULL YAU COURT,51G YAU SAN STREET YUEN LONG NT HKTel:56841238 Fax:30079239 Contact | BOVINE LEATHER, IN SIDES NET WEIGHT"", ""T,FUTIAN DISTRIC,* | SAIER TRADE LTD. FLAT F, 5/F FULL | YAU COURT, 51 YAU SAN STREET, YUENLONG, HONG KONG IVAN CHEUNG /852-5684 1238 EMAIL:MTL2008@YAHOO.COM | COW LEATHER HS CODE: 4107121090 *SHENZHEN 518000, CHINA USCI: 91440300MA5H2JCG1M 0755-88108001 | 20080 | 40 | CNNGB | CN | CNNGB | CN | H""]"
sueli.ching@grupomultilaser.cbrvcp,1,1,5,GDRM26-307,raw_cases/GDRM26-307/GDRM26-307附件四該五家企業在香港的貿易紀錄.xlsx#workbook,"[""94 | NA | 5Y654 | GRUPO MULTI S.A | RUA JOSEPHA GOMES DE SOUZA,382-BAIRRO DOSPIRES,EXTREMA,MG-BRASILCEP:37640-000 CONTACT: SUELI CHINGEMAIL:SUELI.CHING@GRUPOMULTILASER.CBRVCP | AWOT GLOBAL EXPRESS (HK) LIMITED | 33/F., The Octagon, No.6 Sha Tsui Road Tsuen Wan NT HK | \""SPARE PARTS FOR MOBILE PHONE (Die out access"", ""25 | NA | 5Y654 | GRUPO MULTI S.A | RUA JOSEPHA GOMES DE SOUZA,382-BAIRRO DOSPIRES,EXTREMA,MG-BRASILCEP:37640-000 CONTACT: SUELI CHINGEMAIL:SUELI.CHING@GRUPOMULTILASER.CBRVCP | AWOT GLOBAL EXPRESS (HK) LIMITED | 33/F., The Octagon, No.6 Sha Tsui Road Tsuen Wan NT HK | TP bonding adhesive | 3824 | 38249999 | 20443""]"
xingxuanyu.com@gmail.com,1,1,5,GDRM26-307,raw_cases/GDRM26-307/GDRM26-307附件二該五家企業在香港的空路及海路報關紀錄.xlsx#workbook,"[""CT, CHANCHENGDISTRICT,FOSHAN CITY,** | RECYCLED STAINLESS STEEL *TEL.OFFICE 033-674738 **GUANGDONG,CHINA TEL:13670624870/18098942369 EMAIL: XINGXUANYU.COM@GMAIL.COM;KITTY@ TOPWAYOCEAN.NET USCI: 91440604MAECL42X1L | 54680 | 42 | THLCH | TH | THLCH | TH | CNSHG | CN | T.S. LINES (HK) LIMITED 2026-02-13 00"", ""SUB-DIS TRICT, CHANCHENG DISTRICT,FOSHANCI TY, GUANGDONG,CHINA * 180989423 | RECYCLED STAINLESS STEEL *TEL: 13670624870/18098942369 EMAIL: XINGXUANYU.COM@GMAIL.COM, KITTY@TOPWAYOCEAN.NET USCI: 91440604MAECL42X1L | 80910 | 94 | PACKAGE | THLCH | TH | THLCH | TH | HKHKG | HK | CNNHS | CN | SINOTRANS (HK)""]"
442330000@qq.com,1,1,4,GDRM26-307,raw_cases/GDRM26-307/GDRM26-307附件二該五家企業在香港的空路及海路報關紀錄.xlsx#workbook,"[""NG | NINGBO YUANHAN INFORMATION TECHNOLO | 7-1-4, BUILDING 017, NO.128 HUIZHANROAD, YINZHOU DISTRICT, NINGBO CITY, ZHEJIANG PROVINCE E-MAIL:442330000@QQ.COM USCI+91330201MA2AEHHE5U | AWOT GLOBAL EXPRESS (HK) LTD | 33/F., THE OCTAGON, NO. 6 SHA TSUIROAD, TSUEN WAN, N.T., HONG KONG TEL: +852 3102""]"
85235425013charmmy_lee@awotglobal.com,1,1,4,GDRM26-307,raw_cases/GDRM26-307/GDRM26-307附件二該五家企業在香港的空路及海路報關紀錄.xlsx#workbook,"[""NG SHANROAD,XU HUI | AWOT GLOBAL EXPRESS (HK) LTD. | 33/F., THE OCTAGON, NO. 6 SHA TSUIROAD, TSUEN WAN, N.T., HONG KONG.TEL:85231026200 FAX:85235425013CHARMMY_LEE@AWOTGLOBAL.COM | PECTIN GUMMY(SWEETENERS ADDED) 1PC/POUCH*30POUCHES/CAN*24CANS/CTN THIS SHIPMENT CONTAINS NOSOLID WOOD PACKING MATERIALS.* ZIP CODE:200235""]"
dusiyi@btrchina.com,1,1,4,GDRM26-254,raw_cases/GDRM26-254/GDRM26-254附件一該批商品在香港的空路及海路進出口紀錄.xlsx#workbook,"[""00MA5H68E80C ATTN : JIANG HEPING MOBILE :+86-13066948884 E-MAIL : JIANGHEPING@BTRCHINA.COM ATTN : DU SIYI MOBILE : +86-15012678209 E-MAIL : DUSIYI@BTRCHINA.COM 60 PALLETS | 31500 | 60 | PACKAGE | JPUKB | JP | HKHKG | HK | XXXXX | CN | XXXXX | CN | WAN HAI LINES (HK) LIMITED 2026-03-12 00:00:00 | O"", ""00MA5H68E80C ATTN : JIANG HEPING MOBILE :+86-13066948884 E-MAIL : JIANGHEPING@BTRCHINA.COM ATTN : DU SIYI MOBILE : +86-15012678209 E-MAIL : DUSIYI@BTRCHINA.COM 60 PALLETS | 31500 | 60 | PACKAGE | JPUKB | JP | HKHKG | HK | XXXXX | CN | XXXXX | CN | WAN HAI LINES (HK) LIMITED 2026-03-10 00:00:00 | I""]"
emily.pkl@pavilionlogistics.com,1,1,4,GDRM26-307,raw_cases/GDRM26-307/GDRM26-307附件二該五家企業在香港的空路及海路報關紀錄.xlsx#workbook,"[""425013 | PAVILION LOGISTICS (M) SDN BHD | NO 23-1, JALAN ECO ARDENCE C U12/36C, ECO ARDENCE, SEKSYEN U12, 40170SHAH ALAM, SELANGOR,MALAYSIA EMILY.PKL@PAVILIONLOGISTICS.COM** | SLIDER RAIL MECHANICAL PARTS BUSBAR **TEL:016-4435201 | 23950 | 61 | PACKAGE | HKHKG | HK | HKHKG | HK | MYPKG | MY | MYPEN | MY | WAN""]"
fsbst999@126.com,1,1,4,GDRM26-307,raw_cases/GDRM26-307/GDRM26-307附件二該五家企業在香港的空路及海路報關紀錄.xlsx#workbook,"[""SIDE | \""SHIPPER'S LOAD, COUNT & SEAL\"";\""SAID TO CONTAIN\"";2X40';44BAGS;RECYCLING MATERIAL FOR CAST AL;UMINIUM ALLOYS;*TEL:13528932180;E-MAIL:FSBST999@126.COM;ATTN:SHAO | 55100 | KGM | 44 | BAG | THLCH | TH | THLCH | TH | HKHKG | HK | CNLIH | CN | KMTC (HK) CO., LIMITED 2026-02-22 00:00:00 | I | 大"", ""SIDE | \""SHIPPER'S LOAD, COUNT & SEAL\"";\""SAID TO CONTAIN\"";2X40';38BAGS;RECYCLING MATERIAL FOR CAST AL;UMINIUM ALLOYS;*TEL:13528932180;E-MAIL:FSBST999@126.COM;ATTN:SHAO | 53170 | KGM | 38 | BAG | THLCH | TH | THLCH | TH | HKHKG | HK | CNLIH | CN | KMTC (HK) CO., LIMITED 2026-02-22 00:00:00 | I | 大""]"
fzx11235@qq.com,1,1,4,GDRM26-307,raw_cases/GDRM26-307/GDRM26-307附件二該五家企業在香港的空路及海路報關紀錄.xlsx#workbook,"[""NO.23,QINGSAN ROAD, | \""SHIPPER'S LOAD, COUNT & SEAL\"";\""SAID TO CONTAIN\"";4X40';174BAGS;RECYCLING MATERIALS FOR CAST A;LUMINIUM ALLOYS;*EMAIL: FZX11235@QQ.COM;TEL: 15812431903 CONTACT: EON;USCI: 91441802MADRHWC1XJ | 82190 | KGM | 174 | BAG | THLCH | TH | THLCH | TH | HKHKG | HK | CNSJQ | CN | KMTC""]"
import@kotharimetals.in,1,1,4,GDRM26-165,raw_cases/GDRM26-165/GDRM26-165【附件一】：协查公司的报关记录.xlsx#workbook,"[""288015916, GST NO.:19AABCK0820C1Z4. (TO BE CONTINUED1) | MAGNESIUM INGOT (UNWROUGHT & UNALLOYED) HS CODE:81041100 (TO BE CONTINUED 1) EMAIL:IMPORT@KOTHARIMETALS.IN C.P.MR.K.K.SOMAN (M)91-9830491560PAN NO.AABCK0820C TRANSHIPMENT CARGO FROM TIANJINXINGANG TO VIZAG VIAHONG KONG | 24040 | 20 | PACKAGE | XX"", ""288015916, GST NO.:19AABCK0820C1Z4. (TO BE CONTINUED1) | MAGNESIUM INGOT (UNWROUGHT & UNALLOYED) HS CODE:81041100 (TO BE CONTINUED 1) EMAIL:IMPORT@KOTHARIMETALS.IN C.P.MR.K.K.SOMAN (M)91-9830491560PAN NO. AABCK0820C TRANSHIPMENT CARGO FROM TIANJINXINGANG TO VIZAG VIA HONG KONG | 24040 | 20 | PACKAGE |""]"
jiangheping@btrchina.com,1,1,4,GDRM26-254,raw_cases/GDRM26-254/GDRM26-254附件一該批商品在香港的空路及海路進出口紀錄.xlsx#workbook,"[""0001235595 TEL:06-6908-1171/080-43300986 FAX:06-6937-7107 ** USCI : 91440300MA5H68E80C ATTN : JIANG HEPING MOBILE :+86-13066948884 E-MAIL : JIANGHEPING@BTRCHINA.COM ATTN : DU SIYI MOBILE : +86-15012678209 E-MAIL : DUSIYI@BTRCHINA.COM 60 PALLETS | 31500 | 60 | PACKAGE | JPUKB | JP | HKHKG | HK | XXXXX |"", ""0001235595 TEL:06-6908-1171/080-43300986 FAX:06-6937-7107 ** USCI : 91440300MA5H68E80C ATTN : JIANG HEPING MOBILE :+86-13066948884 E-MAIL : JIANGHEPING@BTRCHINA.COM ATTN : DU SIYI MOBILE : +86-15012678209 E-MAIL : DUSIYI@BTRCHINA.COM 60 PALLETS | 31500 | 60 | PACKAGE | JPUKB | JP | JPUKB | JP | HKHKG |""]"
mhc-hk@outlook.com,1,1,4,GDRM26-307,raw_cases/GDRM26-307/GDRM26-307附件二該五家企業在香港的空路及海路報關紀錄.xlsx#workbook,"[""CENTRE, 100GRANVILLE ROAD, TSIM SHA TSUI HONGKONG | \""SHIPPER'S LOAD, COUNT & SEAL\"";\""SAID TO CONTAIN\"";4X40';83BAGS;RECYCLEDALUMINIUM;*EMAIL: MHC-HK@OUTLOOK.COM;EMAIL: JOEYLAU@CHUNGSCTN.COM.H;K;EMAIL: SHIPPING@CHUNGSCTN.COM.;HK | 105410 | KGM | 83 | BAG | THLCH | TH | THLCH | TH | HKHKG | HK | HKHKG""]"
19166265607guanwu@alog.com,1,1,3,GDRM26-129,raw_cases/GDRM26-129/GDRM26-129【附件二】：实际收货人于2025年以来自内地进口货物的报关记录.xlsx#workbook,"[""(HK) LTD 2025-12-28 00:00:00 | I | 小船 | NH2512049 | EITU0028001 | NGI251227 | HONG AN TAI 918 | 廣州沃天下供應鏈管理有限公司 | 廣州南沙區万頃沙保稅港區出口加工區保利電商港TEL:19166265607guanwu@alog.com | FOURSEAS INTERNATIONAL LOGISTICS | RM 19,13/F,BLOCK 1,GOLDEN INDUSTRIAL,BUILDING, 16-26 KWAI TAK STREET,KWAI CHUNG, N.T., H.K. 21569908OP"", ""(HK) LTD 2025-12-07 00:00:00 | I | 小船 | NH2511033 | FCIU2395419 | NGI251206 | HONG AN TAI 918 | 廣州沃天下供應鏈管理有限公司 | 廣州南沙區万頃沙保稅港區出口加工區保利電商港TEL:19166265607guanwu@alog.com | FOURSEAS INTERNATIONAL LOGISTICS | RM 19,13/F,BLOCK 1,GOLDEN INDUSTRIAL,BUILDING, 16-26 KWAI TAK STREET,KWAI CHUNG, N.T., H.K. 21569908OP""]"
awotbkk.oi@awotglobal.com,1,1,3,GDRM26-307,raw_cases/GDRM26-307/GDRM26-307附件二該五家企業在香港的空路及海路報關紀錄.xlsx#workbook,"[""2603, CI1393303, CI1394503,CI1395603, INVTW025656,CI1395304, CI1393805,CI1396203, CI1392703 * ATTN:AWOTBKK TAX CODE: 0105557106960 'E-MAIL: AWOTBKK.OI@AWOTGLOBAL.COM | 30903 | 111 | PACKAGES | HKHKG | HK | HKHKG | HK | THBKK | TH | THBKK | TH | SINOTRANS (HK) SHIPPING LTD 2025-01-22 00:00:00 | O | 大船 | P"", ""2603, CI1393303, CI1394503,CI1395603, INVTW025656,CI1395304, CI1393805,CI1396203, CI1392703 * ATTN:AWOTBKK TAX CODE: 0105557106960 'E-MAIL: AWOTBKK.OI@AWOTGLOBAL.COM | 30903 | 111 | PACKAGES | HKHKG | HK | HKHKG | HK | THBKK | TH | THBKK | TH | SINOTRANS (HK) SHIPPING LTD 2025-01-22 00:00:00 | O | 空运 | 2""]"
candy1379407@163.com,1,1,3,GDRM26-307,raw_cases/GDRM26-307/GDRM26-307附件二該五家企業在香港的空路及海路報關紀錄.xlsx#workbook,"[""| \""SHIPPER'S LOAD, COUNT & SEAL\"";\""SAID TO CONTAIN\"";1X40';15BAGS;RECYCLING IRON-STEEL MATERIALS;*TEL:13794070317;FAX: 0757 86239813;E-MAIL: CANDY1379407@163.COM | 18830 | KGM | 15 | BAG | THLCH | TH | THLCH | TH | HKHKG | HK | CNGOM | CN | KMTC (HK) CO., LIMITED 2026-04-11 00:00:00 | I | 大船 | KMTCLC"", ""| \""SHIPPER'S LOAD, COUNT & SEAL\"";\""SAID TO CONTAIN\"";2X40';34BAGS;RECYCLING IRON-STEEL MATERIALS;*TEL:13794070317;FAX: 0757 86239813;E-MAIL: CANDY1379407@163.COM | 44220 | KGM | 34 | BAG | THLCH | TH | THLCH | TH | HKHKG | HK | CNGOM | CN | KMTC (HK) CO., LIMITED 2026-04-11 00:00:00 | I | 大船 | KMTCLC""]"
fszc6722@163.com,1,1,3,GDRM26-307,raw_cases/GDRM26-307/GDRM26-307附件二該五家企業在香港的空路及海路報關紀錄.xlsx#workbook,"[""ISTRICT, QINGYUAN | RECYCLING MATERIALS FOR CAST ALUMINIUM ALLOYS *TAX ID : 0205564025464**USCI:91441802MAEXGLJK1F TEL: 18823146722 E-MAIL: FSZC6722@163.COM | 82110 | 3 | THLCH | TH | THLCH | TH | CNSHG | CN | T.S. LINES (HK) LIMITED 2026-02-03 00:00:00 | I | 大船 | 320610019040 | MAGU5604902 | 26"", ""ISTRICT, QINGYUAN | RECYCLING MATERIALS FOR CAST ALUMINIUM ALLOYS *TAX ID : 0205564025464**USCI:91441802MAEXGLJK1F TEL: 18823146722 E-MAIL: FSZC6722@163.COM | 82110 | 3 | THLCH | TH | THLCH | TH | CNSHG | CN | T.S. LINES (HK) LIMITED 2026-02-03 00:00:00 | I | 大船 | 320610007658 | TXGU7361889 | 26""]"
guanwu002@nxubay.com,1,1,3,GDRM26-129,raw_cases/GDRM26-129/GDRM26-129【附件二】：实际收货人于2025年以来自内地进口货物的报关记录.xlsx#workbook,"[""| NINGBO NINGSHING UBAY CROSS-BORDER | NO. 18 XINGYE 2ND ROAD, BEILUN FREETRADE ZONE, NINGBO. NING BO SHI ZHE JIANG SHENG CHINA WANG YINAN GUANWU002@NXUBAY.COM 0574-88328521 | FOURSEAS INTERNATIONAL LOGISTICS LT | RM19,LEVEL 13,BLOCK 1,GOLDEN INDUSTRIAL BLDG., 16-26 KWAI TAK STREET,KWAI CHUNG,N.T.H""]"
hkg_oci@awotglobal.comattn,1,1,3,GDRM26-307,raw_cases/GDRM26-307/GDRM26-307附件二該五家企業在香港的空路及海路報關紀錄.xlsx#workbook,"[""* | YAMAHA SURFACE MOUNTER YRM20-2 2 SETS AND ACCESSORIES ANDPARTS \""FREIGHT COLLECT\""* FAX: +81-6-4309-6576 ID : 9999+1010402005842** EMAIL: HKG_OCI@AWOTGLOBAL.COMATTN: CHARMMY TRADE REGISTER NUMBER: | 5185 | 4 | JPSMZ | JP | JPSMZ | JP | HKHKG | HK | HKHKG | HK | EVERGREEN MARINE (HONG KONG) LTD 2025-10-1"", ""542 5013 ** | YAMAHA SURFACE MOUNTER YSM20R-21 SET AND ACCESSORIES \""FREIGHT COLLECT\""* FAX: +81-6-4309-6576 ID : 9999+1010402005842** EMAIL: HKG_OCI@AWOTGLOBAL.COMATTN: CHARMMY TRADE REGISTER NUMBER: | 2805 | 6 | JPSMZ | JP | JPSMZ | JP | HKHKG | HK | HKHKG | HK | EVERGREEN MARINE (HONG KONG) LTD 2025-07-2""]"
hkg_oci@awotglobal.ctel,1,1,3,GDRM26-307,raw_cases/GDRM26-307/GDRM26-307附件二該五家企業在香港的空路及海路報關紀錄.xlsx#workbook,"[""ONG SONG TONLAD KRABANG, BANGKOK 10520 TH | AWOT GLOBAL EXPRESS (HK) LTD | 33/F., THE OCTAGON, NO. 6 SHAROAD, TSUEN WAN, N.T., HONG KE-MAIL HKG_OCI@AWOTGLOBAL.CTEL 852 3102 6224 | P/NV0972AX0000 00000 PO NO. 4500332980-1 QTY14PCSPACKING 7PLTS / 14CTNS MADE IN THAILAND P/NV0972B10000 00000 PO NO. 450033"", ""ONG SONG TONLAD KRABANG, BANGKOK 10520 TH | AWOT GLOBAL EXPRESS (HK) LTD | 33/F., THE OCTAGON, NO. 6 SHAROAD,TSUEN WAN, N.T., HONG KOE-MAIL HKG_OCI@AWOTGLOBAL.CTEL852 3102 6224 | FLYING DRAGON CENTURY LOGISTIC S(H.K.) LIMITED MADE INTHAILAND SHIP TO FLYING DRAGON CENTURY LOGISTICS(H.K.)LIMITED DD124 LO""]"
import.ar@rhenus.com,1,1,3,GDRM26-254,raw_cases/GDRM26-254/GDRM26-254附件一該批商品在香港的空路及海路進出口紀錄.xlsx#workbook,"[""DAO.* | BLU LOGISTICS ARGENTINA SA | BLU LOGISTICS ARGENTINA SA CUIT: 30-71563266-3 JUANA MANSO 205 - PB CAPITAL FEDERAL - ARGENTINA EMAIL: IMPORT.AR@RHENUS.COM | SODIUM HYDROSULFIDE HS CODE 283010 UN 2949 CLASS 8 CONSOLIDATED CARGO *TEL0532-80907983 FAX0532-80907989 TAX9137020033412031XX | 19152 |""]"
international@speedgs.com,1,1,3,GDRM26-307,raw_cases/GDRM26-307/GDRM26-307附件二該五家企業在香港的空路及海路報關紀錄.xlsx#workbook,"[""T CONTAINERS NO SOLID WOOD PACKING MATERIAL**SECOND NOTIFY PARTY: SPEED GLOBAL SERVICES 2299 KENMORE AVE BUFFALO,NY 14207 P: 716-854-0477E: INTERNATIONAL@SPEEDGS.COM | 5711 | 592 | XXXXX | HK | HKHKG | HK | CAVAN | CA | XXXXX | CA | OOCLL-OOCL Hong Kong Branch 2023-09-08 00:00:00 | O | 大船 | OOLU272408345"", ""NT CONTAINERS NOSOLID WOODPACKING MATERIAL** SECOND NOTIFY PARTY: SPEED GLOBAL SERVICES 2299KENMORE AVE BUFFALO, NY 14207 P: 716-854-0477 E:INTERNATIONAL@SPEEDGS.COM | 4168 | 3126 | XXXXX | HK | HKHKG | HK | CAVAN | CA | XXXXX | CA | OOCLL-OOCL Hong Kong Branch 2023-09-08 00:00:00 | O | 大船 | OOLU27240834""]"
kitty@topwayocean.net,1,1,3,GDRM26-307,raw_cases/GDRM26-307/GDRM26-307附件二該五家企業在香港的空路及海路報關紀錄.xlsx#workbook,"[""DISTRICT,FOSHANCI TY, GUANGDONG,CHINA * 180989423 | RECYCLED STAINLESS STEEL *TEL: 13670624870/18098942369 EMAIL: XINGXUANYU.COM@GMAIL.COM, KITTY@TOPWAYOCEAN.NET USCI: 91440604MAECL42X1L | 80910 | 94 | PACKAGE | THLCH | TH | THLCH | TH | HKHKG | HK | CNNHS | CN | SINOTRANS (HK) SHIPPING LTD 2026-02-1""]"
maxkk22@163.com,1,1,3,GDRM26-307,raw_cases/GDRM26-307/GDRM26-307附件二該五家企業在香港的空路及海路報關紀錄.xlsx#workbook,"[""LSDECORATION EXHIBITION AND TRADEPARK, NORTH OF GUANGFO NEW | RECYCLED ALUMINUM *TEL.OFFICE 033-674738 ** ATTN:MR.LUO TEL:18924568899 EMAIL:MAXKK22@163.COM | 55890 | 2 | THLCH | TH | THLCH | TH | CNSHG | CN | T.S. LINES (HK) LIMITED 2026-02-06 00:00:00 | I | 大船 | 320610018647 | TXGU5809059 | 26"", ""ALSDECORATION EXHIBITION AND TRADEPARK, NORTH OF GUANGFO NEW | RECYCLED ALUMINUM *TEL.OFFICE 033-674738 **ATTN:MR.LUO TEL:18924568899 EMAIL:MAXKK22@163.COM | 27980 | 1 | THLCH | TH | THLCH | TH | CNSHG | CN | T.S. LINES (HK) LIMITED 2026-02-06 00:00:00 | I | 大船 | 320610014021 | TXGU6552089 | 26""]"
op91@sz-hit.com,1,1,3,GDRM26-314,raw_cases/GDRM26-314/GDRM26-314【附件一】：相关报关纪录.xlsx#workbook,"[""SIMON CHOW | RECHARGEABLE BATTERY INV.NO.260128481C HS CODE:850760 * JIANAN COMMUNITY, NANHU STREET, LUOHU DISTRICT, SHENZHEN CHINA EMAIL: OP91@SZ-HIT.COM TEL:0755-82287456 FAX:0755-25662331 | 1717 | 3 | JPTYO | JP | JPTYO | JP | HKHKG | HK | T.S. LINES (HK) LIMITED 2026-02-20 00:00:00 | I | 空"", ""SIMON CHOW | RECHARGEABLE BATTERY INV.NO.251224628B HS CODE:850760 * JIANAN COMMUNITY, NANHU STREET, LUOHU DISTRICT, SHENZHEN CHINA EMAIL: OP91@SZ-HIT.COM TEL:0755-82287456 FAX:0755-25662331 | 1799 | 3 | JPTYO | JP | JPTYO | JP | HKHKG | HK | T.S. LINES (HK) LIMITED 2026-01-20 00:00:00 | O | 空""]"
sales@intercargo.co.uk,1,1,3,GDRM26-307,raw_cases/GDRM26-307/GDRM26-307附件二該五家企業在香港的空路及海路報關紀錄.xlsx#workbook,"[""THE OCTAGON,NO.6 SHA TSUIROAD,TSUEN WAN,N.T. HONG KONGTEL: +852 3102 6225 | UN NO. IMO CLASS 1950 2.1HAWKINS AND BRIMBLE HAIRSPRAY * E-MAIL:SALES@INTERCARGO.CO.UK PHONE: +447708467757 | 5798 | 13 | PALLET | GBLIV | GB | GBFXT | GB | HKHKG | HK | HKHKG | HK | EVERGREEN MARINE (HONG KONG) LTD 2026-03-19"", ""524E | CAP SAN MALEAS | INTERCARGO LTD | INTERCARGO LTD Gloucester House 399Silbury Boulevard Milton Keynes MK9 2AH UNITED KINGDOM E-mail: sales@intercargo.co.uk | AWOT GLOBAL EXPRESS HK LIMITED | AWOT GLOBAL EXPRESS (HK) LTD. 33/F., THE OCTAGON, NO. 6 SHA TSUI ROAD,TSUEN WAN, N.T., HONG KONG. TEL:85""]"
thailand0960650404@gmail.co,1,1,3,GDRM26-307,raw_cases/GDRM26-307/GDRM26-307附件二該五家企業在香港的空路及海路報關紀錄.xlsx#workbook,"[""SHENGLI VILLAGE ,SH ENCUN,SHIWAN TOWN STREET ,CHANCH | RECYCLING MATERIALS FOR BRASS *CONTACT PERSON: MISS CHEN MAIL: HE17124474639@126.COM THAILAND0960650404@GMAIL.COM TEL: 00852-5231 7615USCI: 91440604MACR0YQU78 | 24900 | 15 | PACKAGE | THLCH | TH | THLCH | TH | HKHKG | HK | CNJIU | CN | SINOTRANS (HK) S"", ""HENG STREET,SHENGLI VILLAGE ,SHENCUN, | \""SHIPPER'S LOAD, COUNT & SEAL\"";\""SAID TO CONTAIN\"";1X20';27PACKAGES;RECYCLING MATERIALS FOR COPPER;* THAILAND0960650404@GMAIL.CO;M | 24080 | KGM | 27 | PACKAGE | THLCH | TH | THLCH | TH | HKHKG | HK | CNJIU | CN | KMTC (HK) CO., LIMITED 2025-11-30 00:00:00 | I | 大船 |""]"
2484743230@qq.com,1,1,2,GDRM26-299,raw_cases/GDRM26-299/GDRM26-299【附件一】：相关报关纪录.xlsx#workbook,"[""24917000 | GUANGZHOU SPLENDORS NEW MATERIAL CO | ADD: ROOM 1205, NO.3-2, HUAQIANG ROAD, TIANHE DISTRIET, GUANGZHOU TEL:(020)83628237 E-MAIL:2484743230@QQ.COM * | ELITE TM 5100 G ENHANCED POLYETHYLENE RESIN 4080 BAGS PACKED INTO 68PALLETS N.W. 102,000.000 KGS ECC NO.: 118253248/47525625 ECC NO.: 1"", ""NO.: 118285675/47564742 IN THE EVENT OF AN EMERGENCY PLEASE CONTACT THE EMERGENCY DISPATCH CENTER NUMBER 66-38-925400. * MISS ZHOU ** EMAIL:2484743230@QQ.COM 21 DAYS FREE TIME DETENTION AT DESTINATION AGENT AT | 25883 | KGM | 17 | PALLET | XXXXX | TH | XXXXX | TH | XXXXX | HK | XXXXX | CN | YANG""]"
alwaysylsh@126.com,1,1,2,GDRM26-307,raw_cases/GDRM26-307/GDRM26-307附件二該五家企業在香港的空路及海路報關紀錄.xlsx#workbook,"[""OSHAN CITY** | RECYCLING MATERIALS FOR CAST ALUMINIUM ALLOYS *TAX ID : 0205564025464**CONTACT PERSON:MR.CUI MOBILE PHONE:15118682713 E-MAIL:ALWAYSYLSH@126.COM | 54500 | 2 | THLCH | TH | THLCH | TH | CNSHG | CN | T.S. LINES (HK) LIMITED 2026-02-03 00:00:00 | I | 大船 | 320610019040 | TEMU7731147 | 26"", ""OSHAN CITY** | RECYCLING MATERIALS FOR CAST ALUMINIUM ALLOYS *TAX ID : 0205564025464**CONTACT PERSON:MR.CUI MOBILE PHONE:15118682713 E-MAIL:ALWAYSYLSH@126.COM | 54500 | 2 | THLCH | TH | THLCH | TH | CNSHG | CN | T.S. LINES (HK) LIMITED 2026-02-03 00:00:00 | I | 大船 | 320610007658 | TRHU8511644 | 26""]"
apple@cnfshxy.com,1,1,2,GDRM26-307,raw_cases/GDRM26-307/GDRM26-307附件二該五家企業在香港的空路及海路報關紀錄.xlsx#workbook,"[""FOSHAN,CHINA DODE:91440605MAENHBUC51** | RECYCLING MATERIAL FOR COPPER ALLOY *EMAIL:INFINITYSHIPPING9@GMAIL.COM**TEL: 0757-86180607 EMAIL: APPLE@CNFSHXY.COM ***EMAIL: CHUJACKY1688@GMAIL.COM | 50550 | 2 | THLCH | TH | THLCH | TH | CNSHG | CN | T.S. LINES LIMITED 2025-12-22 00:00:00 | I | 大船 | 320"", ""FOSHAN,CHINA DODE:91440605MAENHBUC51** | RECYCLING MATERIAL FOR COPPER ALLOY *EMAIL:INFINITYSHIPPING9@GMAIL.COM**TEL: 0757-86180607 EMAIL: APPLE@CNFSHXY.COM ***EMAIL: CHUJACKY1688@GMAIL.COM | 50550 | 2 | THLCH | TH | THLCH | TH | CNSHG | CN | T.S. LINES LIMITED 2025-12-21 00:00:00 | I | 大船 | KMT""]"
chennai@kotharimetals.in,1,1,2,GDRM26-165,raw_cases/GDRM26-165/GDRM26-165【附件一】：协查公司的报关记录.xlsx#workbook,"[""-8A TALCO INDUSTRIAL ESTATE,MADHAVARAM,CHENNAI-600060, IE CODE:0288015916 GST NO.33AABCK0820C1ZE.* | SILICON METAL HS CODE:28046900 *EMAIL: CHENNAI@KOTHARIMETALS.IN C.P. MR.RISHAV JAIN (M) 91-9566031130 PAN NO. AABCK0820C TRANSHIPMENT CARGOFROM TIANJINXINGANG TO CHENNAI VIA HONG KONG | 25050 | 25 | BAG""]"
chujacky1688@gmail.com,1,1,2,GDRM26-307,raw_cases/GDRM26-307/GDRM26-307附件二該五家企業在香港的空路及海路報關紀錄.xlsx#workbook,"[""AENHBUC51** | RECYCLING MATERIAL FOR COPPER ALLOY *EMAIL:INFINITYSHIPPING9@GMAIL.COM**TEL: 0757-86180607 EMAIL: APPLE@CNFSHXY.COM ***EMAIL: CHUJACKY1688@GMAIL.COM | 50550 | 2 | THLCH | TH | THLCH | TH | CNSHG | CN | T.S. LINES LIMITED 2025-12-22 00:00:00 | I | 大船 | 320510277588 | TLLU8717592 | 0QIMCN"", ""AENHBUC51** | RECYCLING MATERIAL FOR COPPER ALLOY *EMAIL:INFINITYSHIPPING9@GMAIL.COM**TEL: 0757-86180607 EMAIL: APPLE@CNFSHXY.COM ***EMAIL: CHUJACKY1688@GMAIL.COM | 50550 | 2 | THLCH | TH | THLCH | TH | CNSHG | CN | T.S. LINES LIMITED 2025-12-21 00:00:00 | I | 大船 | KMTCLCH5441864 | BMOU6226194 | 2536N""]"
dragon_li@awotglobal.com,1,1,2,GDRM26-307,raw_cases/GDRM26-307/GDRM26-307附件二該五家企業在香港的空路及海路報關紀錄.xlsx#workbook,"[""2 3102 6224 FAX: +852 3542 5013 EMAIL : CHARMMY_LEE@AWOTGLOBAL.C | INTIMATE CARE *TEL: +86 20 3876 2476 (DIRECT) MP: +86 13726730284 EMAIL: DRAGON_LI@AWOTGLOBAL.COM **16F, NO.183,METRO PLAZA, TIAN HE NORTH ROAD TIAN HE DISTRICT, GUANGZHOU, P.R.CHINA (510610) TEL: +86 203876 2476 (DIRECT) MP: +86 1372673"", ""83,METRO PLAZA, TIAN HE NORTH ROAD TIAN HE DISTRICT, GUANGZHOU, P.R.CHINA (510610) TEL: +86 203876 2476 (DIRECT) MP: +86 13726730284 EMAIL: DRAGON_LI@AWOTGLOBAL.COM WWW.AWOTGLOBAL.COM | 7525 | KGM | 25 | PALLET | XXXXX | ES | XXXXX | ES | XXXXX | HK | XXXXX | HK | YANG MING LINE (HONG KONG) LIMITED 2025""]"
fcfungchun88@outlook.com,1,1,2,GDRM26-307,raw_cases/GDRM26-307/GDRM26-307附件二該五家企業在香港的空路及海路報關紀錄.xlsx#workbook,"[""MHC.SMARTI@GMAIL.COM | FC TRADING & LOGISTICS LTD | DD 87 LOT 380 & 381 HUNG LUNG HANGTA KWU LING NT,HK TEL :+852 3905 0433 PIC : YIPEMAIL :FCFUNGCHUN88@OUTLOOK.COM | \""SHIPPER'S LOAD, COUNT & SEAL\"";\""SAID TO CONTAIN\"";2X40';44PACKAGES;RECYCLING MATERIAL FOR CAST AL;UMINIUM ALLOYS | 52700 | KGM | 44 | PACK""]"
frank_wu@awotglobal.com,1,1,2,GDRM26-307,raw_cases/GDRM26-307/GDRM26-307附件二該五家企業在香港的空路及海路報關紀錄.xlsx#workbook,"[""ICT, QINGDAO CITYPHONE NUMBER: (+86) 15318722000 | COW LEATHER * USCI+91330283MA2KQM262F**TEL: +86 574 88183556/ FAX:+86 574 87051342E-MAIL:FRANK_WU@AWOTGLOBAL.COM USCI+91330204062929181R | 38620 | 105 | HKHKG | HK | HKHKG | HK | TWKHH | TW | CNRZH | CN | EVERGREEN MARINE (HONG KONG) LTD 2024-06-12 00:""]"
glg_ocean@kao.ofscoltd.com,1,1,2,GDRM26-254,raw_cases/GDRM26-254/GDRM26-254附件一該批商品在香港的空路及海路進出口紀錄.xlsx#workbook,"[""G, KWAI CHUNG, N.T., HK | ORIENTAL FREIGHT SERVICES CO., LTD. | 6F-1, NO.10, SIWEI 4TH RD., LINGYADIST., KAOHSIUNG CITY 80247, TAIWAN P.I.C GLG_OCEAN@KAO.OFSCOLTD.COM | DOCUMENT NUMBER 1810-3-CG-2400022 HYDROFLUORIC ACID SG 49% HSEU 2118270 TARE: 4140KGS G.W.:4140KG N.W.:4100KGS UN:1790 IMDG:8 ISO TANK CO"", "", KWAI CHUNG, N.T., HK* | ORIENTAL FREIGHT SERVICES CO., LTD. | 6F-1, NO.10, SIWEI 4TH RD., LINGYADIST., KAOHSIUNG CITY 80247, TAIWANEMAIL: GLG_OCEAN@KAO.OFSCOLTD.COM | DOCUMENT NUMBER 1810-3-CG-2400022 HYDROFLUORIC ACID SG 49% HSEU2118270TARE: 4100 KGS UN:1790 IMDG:8 ISO TANK CONTAINERSHIPPER'S OWN CONTA""]"
impop3@charter-link.com.hk,1,1,2,GDRM26-254,raw_cases/GDRM26-254/GDRM26-254附件一該批商品在香港的空路及海路進出口紀錄.xlsx#workbook,"[""ER LINK LOGISTICS (HK)LIMITED | RM1905 EVER GAIN PLAZA TOWER 188 CONTAINER PORT ROAD KWAI CHUNG HK TEL:85228516765 FAX:00852-2626 3030EMAIL:IMPOP3@CHARTER-LINK.COM.HK | CONSOLIDATION CARGO - FLUTE ROLLER, SINTERING FURNACE, RUIFENG VACUUMCLEANER, DENTURE PROCESSING MACHINE, PIPETTE, EXPANDED GRAPHITE POWD""]"
info@forwarding.gr,1,1,2,GDRM26-307,raw_cases/GDRM26-307/GDRM26-307附件二該五家企業在香港的空路及海路報關紀錄.xlsx#workbook,"[""ZIM THAILAND | AP PENTA CARGO IKE | AP PENTA CARGO IKE VAT:GR80038671728km Koropi-Markopoulo Avenue 19400, Greece Tel.: +30 210 41 00 005 E:info@forwarding.gr | AWOT GLOBAL EXPRESS HK LIMITED | AWOT GLOBAL EXPRESS HK LIMITED 33/F., THE OCTAGON, NO. 6 SHA TSUI ROAD,TSUEN WAN, N.T., HONG KONG. TELEP""]"
josephseet@gmail.com,1,1,2,GDRM26-129,raw_cases/GDRM26-129/GDRM26-129【附件二】：实际收货人于2025年以来自内地进口货物的报关记录.xlsx#workbook,"[""DALIAN BRIGHT INTERNATIONAL LOGISTI | CS CO.,LTD. ROOM B3306,NEW TIMES SQUARE,ZHONGSHAN DISTRICT, DALIAN,CHI NA TEL: 86 411 82799119 EMAIL:JOSEPHSEET@GMAIL.COM | FOURSEAS INTERNATIONAL LOGISTICS LT | D. RM19,LEVEL 13,BLOCK 1,GOLDEN INDUSTRIAL BLDG., 16-21 KWAI TAK STREE T,KWAI CHUNG,N.T.HONG KONG T""]"
ken.chung@murata.com,1,1,2,GDRM26-314,raw_cases/GDRM26-314/GDRM26-314【附件一】：相关报关纪录.xlsx#workbook,"[""Y LIMITED UNIT 1801-08, LEVEL 18, TOWER GRAND CENTURY PLACE 193 PRINCE EDWARD ROAD WEST, MONG KOK, KOWLOON, HONG KONG ATTN: KENCHUNG EMAIL: KEN.CHUNG@MURATA.COM | 13816 | KGM | 15 | PALLET | XXXXX | SG | SGSIN | SG | HKHKG | HK | COSCO SHIPPING CONTAINER LINE. 2026-01-01 00:00:00 | O | 空运 | 023-5035"", ""Y LIMITED UNIT 1801-08, LEVEL 18, TOWER GRAND CENTURY PLACE 193 PRINCE EDWARD ROAD WEST, MONG KOK, KOWLOON, HONG KONG ATTN: KENCHUNG EMAIL: KEN.CHUNG@MURATA.COM | 13816 | KGM | 15 | PALLET | XXXXX | SG | SGSIN | SG | HKHKG | HK | COSCO SHIPPING CONTAINER LINE. 2025-11-29 00:00:00 | I | 空运 | 160-9457""]"
linfy@cosco-air.com.cnsongming,1,1,2,GDRM26-129,raw_cases/GDRM26-129/GDRM26-129【附件二】：实际收货人于2025年以来自内地进口货物的报关记录.xlsx#workbook,"[""S (HK) LTD 2025-10-26 00:00:00 | I | 小船 | NH2510029 | GLDU3461115 | NGI251025 | HONG AN TAI 918 | 廣州中遠海運電商供應鏈管理有限公司 | 廣州南沙區萬頃沙保稅港區出口加工區保利電商港linfy@cosco-air.com.cnSONGMING/LINFENGYAN：8602038781272 | FOURSEAS INTERNATIONAL LOGISTICS | RM 19,13/F,BLOCK 1,GOLDEN INDUSTRIAL,BUILDING, 16-26 KWAI TAK STREET,KWAI CHU"", ""S (HK) LTD 2025-10-16 00:00:00 | I | 小船 | NH2510007 | TEMU4158406 | NGI251015 | HONG AN TAI 918 | 廣州中遠海運電商供應鏈管理有限公司 | 廣州南沙區萬頃沙保稅港區出口加工區保利電商港linfy@cosco-air.com.cnSONGMING/LINFENGYAN：8602038781272 | FOURSEAS INTERNATIONAL LOGISTICS | RM 19,13/F,BLOCK 1,GOLDEN INDUSTRIAL,BUILDING, 16-26 KWAI TAK STREET,KWAI CHU""]"
matthew@fourseas-group.comtel,1,1,2,GDRM26-129,raw_cases/GDRM26-129/GDRM26-129【附件二】：实际收货人于2025年以来自内地进口货物的报关记录.xlsx#workbook,"[""IAL BLDG.,16-21 KWAI TAKSTREET,KWAI CHUNG,N.T.HONG KONG** | ALKALINE SURFACTANT *EMAIL:TJBJGM01@163.COMTEL: 15522949355 ZIP 300000**E-MAIL :MATTHEW@FOURSEAS-GROUP.COMTEL : (852) 31840241 (EXT:12) FAX : (852) 31840242DIRECT LINE :(852) 31070271 MOBILE : (852) 93808055 | 24840 | 2160 | CNTXG | CN | CNTXG | CN"", ""TERNATIONAL LOGISTICS | LTD.RM19,LEVEL 13,BLOCK 1,GOLDENINDUSTRIAL BLDG.,16-21 KWAI TAKSTREET,KWAI CHUNG,N.T.HONG KONG | SODIUM SILICATE * :MATTHEW@FOURSEAS-GROUP.COMTEL : (852) 31840241 (EXT :12) FAX : (852) 31840242 DIRECT LINE :(852) 31070271 MOBILE : (852) 93808055 | 25726 | 817 | CNTXG | CN | CNTXG | CN""]"
mhcimport66@gmail.comtel.office,1,1,2,GDRM26-307,raw_cases/GDRM26-307/GDRM26-307附件二該五家企業在香港的空路及海路報關紀錄.xlsx#workbook,"[""00/2 MOO.5 NONG IRUN, BANBUENG,CHONBURI 20220TAX ID: 0205564025464 ** | PMMA SHEET *ATTN: MS CHEN,TEL : 0909693977 MST: 0317094705** EMAIL: MHCIMPORT66@GMAIL.COMTEL.OFFICE 023856400 | 57315 | 1909 | VNHPH | VN | VNHPH | VN | HKHKG | HK | THLCH | TH | EVERGREEN MARINE (HONG KONG) LTD 2024-08-21 00:00:00 | O | 空"", ""00/2 MOO.5 NONG IRUN, BANBUENG,CHONBURI 20220TAX ID: 0205564025464 ** | PMMA SHEET *ATTN: MS CHEN,TEL : 0909693977 MST: 0317094705** EMAIL: MHCIMPORT66@GMAIL.COMTEL.OFFICE 023856400 | 57315 | 1909 | VNHPH | VN | VNHPH | VN | HKHKG | HK | THLCH | TH | EVERGREEN MARINE (HONG KONG) LTD 2024-08-21 00:00:00 | O | 大""]"
op9tsn@dsi-log.com,1,1,2,GDRM26-129,raw_cases/GDRM26-129/GDRM26-129【附件二】：实际收货人于2025年以来自内地进口货物的报关记录.xlsx#workbook,"[""0815-079S | EVER BUILD | QINGDAO DSI LOGISTICS CO., LTD. | ROOM.17E,HUANHAI BUILDING,NO.2 MID DONGHAI RD.,QINGDAO,CHINATEL:17822085835EMAIL:OP9TSN@DSI-LOG.COM | FOURSEAS INTERNATIONAL LOGISTICS | LTD.RM19,LEVEL 13,BLOCK 1,GOLDENINDUSTRIAL BLDG.,16-26 KWAI TAK STREET,KWAI | ACTIVATED CARBON HS:3802""]"
ops@asgwind.eu,1,1,2,GDRM26-307,raw_cases/GDRM26-307/GDRM26-307附件二該五家企業在香港的空路及海路報關紀錄.xlsx#workbook,"["",HONG KONG.TEL:852-3102 6200 | FFWD/ASG WIND TRANSPORT SRL | CALEA BUCURESTILOR 95A,1ST FLOOR075150 OTOPENI,ROMANIATEL:+40 372 764 447EMAIL:OPS@ASGWIND.EU | ASHUZ2406011 BARE PRINTED CIRCUIT BOARD 4PLTS=136CTNS DN: 0085573718,0085573809, 0085573811,0085574084, 0070761151,0075501859, 0070761544"", ""ONG KONG.TEL:852-3102 6200 | FFWD/ASG WIND TRANSPORT SRL | CALEA BUCURESTILOR 95A,1ST FLOOR075150 OTOPENI,ROMANIA.TEL: +40 372 764 447EMAIL:OPS@ASGWIND.EU | ASHUZ2405020 BARE PRINTED CIRCUIT BOARD 4PLTS=115CTNS DN: 0085572393,0085572684, 0075501046,0075501327, 0070759447,0070759773, 0075501136""]"
rjdoow@gmail.com,1,1,2,GDRM26-129,raw_cases/GDRM26-129/GDRM26-129【附件二】：实际收货人于2025年以来自内地进口货物的报关记录.xlsx#workbook,"[""LDENINDUSTRIAL BLDG.,16-26 KWAI TAKSTREET,KWAI CHUNG, NT, HK TRADEREGISTER#** | COMPUTER ACCESSORIES *ATTN: LEMON GUO TEL:15011864525 EMAIL:RJDOOW@GMAIL.COM **58671324-000-07-22-8 ATTN: ENDEE LEE / TEL: 21569908 / FAX:31060991 EMAIL: OP007@FOURSEAS-GROUP.COM ***ATTN: ENDEE LEE / TEL: 21569908 /"", ""DENINDUSTRIAL BLDG.,16-26 KWAI TAKSTREET, KWAI CHUNG, NT, HK TRADEREGISTER#** | COMPUTER ACCESSORIES *ATTN: LEMON GUO TEL:15011864525 EMAIL:RJDOOW@GMAIL.COM **58671324-000-07-22-8 ATTN: ENDEE LEE / TEL: 21569908 / FAX:31060991 EMAIL: OP007@FOURSEAS-GROUP.COM ***ATTN: ENDEE LEE / TEL: 21569908 /""]"
sales@ngfsworld.com,1,1,2,GDRM26-314,raw_cases/GDRM26-314/GDRM26-314【附件一】：相关报关纪录.xlsx#workbook,"[""259155020 | CAIU3009277 | 041N | MANET | NGFS SINGAPORE PTE LTD | 115 AIRPORT CARGO ROAD#01-35 CARGO AGENT BUILDING CSINGAPORE 819466EMAIL: SALES@NGFSWORLD.COM | FABRICATORS INTERNATIONAL LIMITED | UNIT 1216 TECHNOLOGY PARK 18 ONLAI STREET SHATIN, N.T. HONG KONGATTN: SIMON SHOW * | 7 PALLETS LITHIU"", ""180 | OOCU0380597 | 151E | XIN BEIJING | NGFS SINGAPORE PTE LTD | 115 AIRPORT CARGO ROAD#01-35 CARGO AGENT BUILDING CSINGAPORE 819466EMAIL: SALES@NGFSWORLD.COM | FABRICATORS INTERNATIONAL LTD. | UNIT 1216 TECHNOLOGY PARK 18 ON LAISTREET, SHATIN, N.T. HONGKONGATTN: SIMON SHOWTEL: +852-2896-4456* | 1""]"
sueli.ching@grupomultilaser..com.br,1,1,2,GDRM26-307,raw_cases/GDRM26-307/GDRM26-307附件四該五家企業在香港的貿易紀錄.xlsx#workbook,"[""00 | 2 | 空运 | 369-98366096 | AADGM2650134 | NA | 5Y654 | GRUPO MULTI S.A | AV. BURITI,2350, BLOCO G2,DISTINDLI-CEP:69075-903-MANAUS/AMEMAIL:SUELI.CHING@GRUPOMULTILASER..COM.BR TEL:55-11-999120877BRMAO | AWOT GLOBAL EXPRESS (HK) LIMITED | 33/F., The Octagon, No.6 Sha Tsui Road Tsuen Wan NT HK | RF radio frequency h"", ""0 | 2 | 空运 | 369-98059404 | AADGM2650113 | NA | 5Y8373 | GRUPO MULTI S.A | AV. BURITI,2350, BLOCO G2,DISTINDLI-CEP:69075-903-MANAUS/AMEMAIL:SUELI.CHING@GRUPOMULTILASER..COM.BR TEL:55-11-999120877BRMAO | AWOT GLOBAL EXPRESS (HK) LIMITED | 33/F., The Octagon, No.6 Sha Tsui Road Tsuen Wan NT HK | Acoustic Filter | 85""]"
thailand0960650404@gmail.com,1,1,2,GDRM26-307,raw_cases/GDRM26-307/GDRM26-307附件二該五家企業在香港的空路及海路報關紀錄.xlsx#workbook,"[""SHENGLI VILLAGE ,SH ENCUN,SHIWAN TOWN STREET ,CHANCH | RECYCLING MATERIALS FOR BRASS *CONTACT PERSON: MISS CHEN MAIL: HE17124474639@126.COM THAILAND0960650404@GMAIL.COM TEL: 00852-5231 7615USCI: 91440604MACR0YQU78 | 24900 | 15 | PACKAGE | THLCH | TH | THLCH | TH | HKHKG | HK | CNJIU | CN | SINOTRANS (HK) SH""]"
tobias.wolf@mbslogistics.com,1,1,2,GDRM26-307,raw_cases/GDRM26-307/GDRM26-307附件二該五家企業在香港的空路及海路報關紀錄.xlsx#workbook,"[""2392718* | DT0902/71 SKODA ABT 9.2INCH DISPLAY HS CODE:8529 9092 000 266CTNS NW:1963.47KGS GW:2848.20KGS 20.49CBM (17PLTS=266CTNS) *EMAIL: TOBIAS.WOLF@MBSLOGISTICS.COM **EMAIL: TOBIAS.WOLF@MBSLOGISTICS.COM | 2848 | KGM | 266 | CARTON | HKHKG | HK | CNYTN | CN | XXXXX | DE | COSCO SHIPPING CONTAINER LINE. 2"", ""H DISPLAY HS CODE:8529 9092 000 266CTNS NW:1963.47KGS GW:2848.20KGS 20.49CBM (17PLTS=266CTNS) *EMAIL: TOBIAS.WOLF@MBSLOGISTICS.COM **EMAIL: TOBIAS.WOLF@MBSLOGISTICS.COM | 2848 | KGM | 266 | CARTON | HKHKG | HK | CNYTN | CN | XXXXX | DE | COSCO SHIPPING CONTAINER LINE. 2024-06-28 00:00:00 | O | 空运 | 828-5570""]"
tus8803@foxmail.com,1,1,2,GDRM26-210,raw_cases/GDRM26-210/GDRM26-210附件三涉案報關紀錄.xlsx#workbook,"[""WEAR | 1PK 2026-03-01 15:21:00 | WB952 | O | SBC | SOLEUSA CO LIMITED | RM C1 11/F BLK 1 GOLDENDRAGON IND CTR | LISA JONES | 8435 WAHRMAN STTUS8803@FOXMAIL.COM | 100 PLASTIC HAIR ACCESSORY HTS 3926904590 MID CNG | 1PK 2026-03-01 15:21:00 | WB952 | O | SBC | SOLEUSA CO LIMITED | RM C1 11/F BLK 1 GOL"", ""WB952 | O | SBC | SOLEUSA CO LIMITED | RM C1 11/F BLK 1 GOLDENDRAGON IND CTR | CHRISTOPHER SCHNEIDER | 4510 LINDENBAUM LN PARADISE CA95969 TUS8803@FOXMAIL.COM | Silicone scaffold HTS 3926905900 MId- CNGXP12GUA Silicone FOR Measurement | 1PK 2026-03-01 15:21:00 | WB952 | O | SBC | HK KAIPUSHI INTL""]"
yijiangmetals@163.com,1,1,2,GDRM26-307,raw_cases/GDRM26-307/GDRM26-307附件二該五家企業在香港的空路及海路報關紀錄.xlsx#workbook,"[""FFICE:(+66)23856400-1** | RECYCLING MATERIAL FOR COPPER RECYCLING MATERIAL FOR COPPER ALLOY \""RETURN CARGO\"" *CHINA TEL : 18958689561 EMAIL : YIJIANGMETALS@163.COM **MHCIMPORT66@GMAIL.COM | 27254 | 15 | BAG | CNNGB | CN | HKHKG | HK | THLCH | TH | THLCH | TH | HYALINE SHIPPING (HK) CO LTD 2025-04-09 00"", ""FFICE:(+66)23856400-1** | RECYCLING MATERIAL FOR COPPER RECYCLING MATERIAL FOR COPPER ALLOY \""RETURN CARGO\"" *CHINA TEL : 18958689561 EMAIL : YIJIANGMETALS@163.COM **MHCIMPORT66@GMAIL.COM TRANSHIPMENT CARGO FROM NINGBO TO LAEM CHABANG VIA HONG KONG | 27254 | 15 | BAG | CNNGB | CN | CNNGB | CN | HKHKG |""]"
yongmai2021@126.com,1,1,2,GDRM26-307,raw_cases/GDRM26-307/GDRM26-307附件二該五家企業在香港的空路及海路報關紀錄.xlsx#workbook,"[""9 TAIPING SECTION, GOLF ROAD,DALI TOWN, NANHAI DISTRICT, | ALUMINIUM ALLOY INGOT HS CODE:76012000* TEL: +86 17818900551 ATTN: MS DENGEMAIL: YONGMAI2021@126.COM ** CONTACT PERSON: MS DENG | 55680 | 56 | PACKAGE | THLCH | TH | THLCH | TH | HKHKG | HK | CNNAH | CN | EVERGREEN MARINE (HONG KONG) LTD 20""]"
zongwei@xichunyutu.cn,1,1,2,GDRM26-307,raw_cases/GDRM26-307/GDRM26-307附件二該五家企業在香港的空路及海路報關紀錄.xlsx#workbook,"[""000050 *TRADE CENTER, NO.777 MEILI ROAD, SECOND RING WEST ROAD, MEILIHU STREET, HUAIYIN DISTRICT, JINAN,CHINA TELEPHONE+8618653920101 EMAIL ZONGWEI@XICHUNYUTU.CN | 23130 | 1 | PACKAGE | CNTAO | CN | CNTAO | CN | HKHKG | HK | HKHKG | HK | MAERSK HONG KONG LIMITED 2025-10-04 00:00:00 | O | 空运 | 936-012"", ""000050 *TRADE CENTER, NO.777 MEILI ROAD, SECOND RING WEST ROAD, MEILIHU STREET, HUAIYIN DISTRICT, JINAN,CHINA TELEPHONE+8618653920101 EMAIL ZONGWEI@XICHUNYUTU.CN | 23130 | 1 | PACKAGE | CNTAO | CN | CNTAO | CN | HKHKG | HK | HKHKG | HK | MAERSK HONG KONG LIMITED 2025-10-03 00:00:00 | I | 大船 | A15FX14""]"
1-786-536-5572forwarding@pazinc.com,1,1,1,GDRM26-307,raw_cases/GDRM26-307/GDRM26-307附件二該五家企業在香港的空路及海路報關紀錄.xlsx#workbook,"[""| MAERSK SAN CHRISTOBAL | PAN AMERICAN ZINC LLC | PAN AMERICAN ZINC LLC TOWN CENTER ONE SUITE 1805 8950 SW 74TH COURT MIAMI, FL 33156 TEL : 1-786-536-5572FORWARDING@PAZINC.COM | MHC GROUP FREE ZONE CO LTD | MHC GROUP FREE ZONE CO., LTD. ADD :200/ 2 MOO.5 NONG IRUN, BAN BUENG,CHONBURI 20220 Tax ID : 0205564025464 T""]"
1203514235@qq.com,1,1,1,GDRM26-129,raw_cases/GDRM26-129/GDRM26-129【附件二】：实际收货人于2025年以来自内地进口货物的报关记录.xlsx#workbook,"[""80 * NO,87,89,91,GAOXIN SOUTH 10TH ROAD,BINHAI COMMUNITY,YUEHAI STREET,NANSHAN DISRTRICT,SHENZHEN USCI:91440300MADY6QPE98 DAISY 15021902402 1203514235@QQ.COM ** CONTACT:ENDEE LEE TEL:21569908 EMAIL: OP007@FOURSEAS-GROUP.COM | 22140 | KGM | 20 | CASE | XXXXX | CN | CNSGH | CN | HKHKG | HK | COSCO""]"
2922054039@qq.com,1,1,1,GDRM26-307,raw_cases/GDRM26-307/GDRM26-307附件二該五家企業在香港的空路及海路報關紀錄.xlsx#workbook,"[""93 | AWOT GLOBAL EXPRESS(HK)LTDO/BCNPC U | 香港新界荃灣沙咀道6號嘉達環球中心33TEL:0085231026254; | 北京華美世紀國際技術有限公司 | 北京市昌平区科技园区超前路9号3号楼B2367室TEL:18309731957;2922054039@qq.com | 130K lbs injector連續油管注入頭總成 | 4588 | 1 | package 件 | XXXXX | HK | XXXXX | HK | XXXXX | CN | XXXXX | CN | CHU KONG AGENCY COMPANY LIMITED 2""]"
37673ykimj@rist.re.kr,1,1,1,GDRM26-254,raw_cases/GDRM26-254/GDRM26-254附件一該批商品在香港的空路及海路進出口紀錄.xlsx#workbook,"[""SHOUDAITAJIKA. HIRAKATA-SHI.OSAKA 573-1132.JAPANFAX. 81-72-855-2669 | RIST | 65. JIGOK-RO 127BEON-GIL. NAM-GU.POHANG-SI. GYEONGSANGBUK-DO. (37673YKIMJ@RIST.RE.KR | SPHERICAL GRAPHITE | 297000 | 1 | NRT | JP | NRT | JP | HKG | HK | PUS | KR | DHL AVIATION (HONG KONG) LIMITED 2025-11-30 00:00:00 | O |""]"
60668034op_sz@xinheguan.com,1,1,1,GDRM26-295,raw_cases/GDRM26-295/GDRM26-295附件三涉案報關紀錄.xlsx#workbook,"["". 2KEFA ROAD, KEJI YUANCOMMUNITY,YUEHAI STREET,* | XIN HE GUAN LOGISTICS(HK)LTD RM 12 | 20/F HO KING COMM CTR 2-16 FA YUENST MONGKOK CHERRY,60668034OP_SZ@XINHEGUAN.COM | TISSUE/PLASTIC CUP/LAMP ACCESSORIES *NANSHAN DISTRICT, SHENZHEN | 4781 | 684 | CNSHA | CN | CNSHA | CN | HKHKG | HK | T.S. LINES (HK) LIM""]"
6e-323zamil@silverine.comus,1,1,1,GDRM26-269,raw_cases/GDRM26-269/GDRM26-269附件2025年至2026年''銀''在香港的貿易紀錄.xlsx#workbook,"[""合酋長國 | | 2025 2025-12-16 00:00:00 | 出口 | 空运 | 406-87506484 | J4492C78SBT | NA | 5X061 | MARJORIE/ZAMIL/SOHAIL | 250 TED TURNER DR NW SUITE 6E-323ZAMIL@SILVERINE.COMUS | HONG KONG SL56 INTERNATIONAL | TRADERS CO., LIMITED | FLAT/RM C G/F DRAGON INDUSTRIAL BUILDING 93 KING LAM STREET CHEUNG SHA WAN | 925 ST""]"
7283sungouk@samsung.com,1,1,1,GDRM26-254,raw_cases/GDRM26-254/GDRM26-254附件一該批商品在香港的空路及海路進出口紀錄.xlsx#workbook,"[""A U1/51A, SEKSYEN U1,40150 SHAH ALAM, SELANGOR. | SPS/BIS-(SODIUM SULFOPROPYL)-DISULFIDE/SODIUM3,3'-DITHIODIPROPANE SULFONATE **+60 11 3150 7283SUNGOUK@SAMSUNG.COM | 4200 | 180 | CNSHA | CN | HKHKG | HK | MYBKI | MY | MYBKI | MY | EVERGREEN MARINE (HONG KONG) LTD 2025-09-12 00:00:00 | O | 空运 | 023-5924""]"
729161388@qq.com,1,1,1,GDRM26-037,raw_cases/GDRM26-037/GDRM26-037【附件二】：两用出口管制货物陆路报关纪录.xlsx#workbook,"[""Third floor, No. 1 building Feng Xing road tw o, Bei Shan community Hu | ALICE BUGEJA | 307, NO.9 DUBAI MARINA DUBAI UNITED ARAB EMIR ATES 729161388@QQ.COM DU | Women's Vests,Women's Tank tops,Women's Tank tops,Clo | 5CT 2025-01-24 23:39:10 | SP6838 | I | 深圳湾 | JI'AN MANKUN TECHNOLOGY CO.,LTD |""]"
85235425013hkg_oci@awotglobal.com,1,1,1,GDRM26-307,raw_cases/GDRM26-307/GDRM26-307附件二該五家企業在香港的空路及海路報關紀錄.xlsx#workbook,"[""AMASSERY,COCHIN 683501 | AWOT GLOBAL EXPRESS (HK) LTD. | 33/F., THE OCTAGON, NO.6 SHA TSUIROAD,TSUEN WAN, N.T.,HONG KONGTEL:85231026200 FAX:85235425013HKG_OCI@AWOTGLOBAL.COM * | SAID TO CONTAIN 1X40HC FCL TOTAL: 15 PLTS (333 CARTONS) CABLE ASSEMBLY-RUBBER-VOLTAGE NOT EXCEEDING 1000V RPS0700749-004, RPS0700739-00""]"
californiajennifer.floresplata@gmail.com,1,1,1,GDRM26-210,raw_cases/GDRM26-210/GDRM26-210附件三涉案報關紀錄.xlsx#workbook,"[""026-03-01 15:21:00 | WB952 | O | SBC | SOLEUSA CO LIMITED | RM C1 11/F BLK 1 GOLDENDRAGON IND CTR | JENNIFER FLORES | 2642 38TH AVE OAKLAND CALIFORNIAJENNIFER.FLORESPLATA@GMAIL.COM | dance fan veil HTS9505900000 MId- CNGYJCT5760GUA polyester dance | 1PK 2026-03-01 15:21:00 | WB952 | O | SBC | RUI COCO IOT LTD | Lot 181""]"
casillas@jabil.com,1,1,1,GDRM26-210,raw_cases/GDRM26-210/GDRM26-210附件三涉案報關紀錄.xlsx#workbook,"[""VESTMENT HK LTD-21/F. PROSPERITY CENTRE | JABIL CIRCUIT DE MEXICO | S. DE R.L. DE C.V.AV. VALDEPENAS NO. 1993 COL. LOMAS | FAN MODULE IRENE CASILLAS@JABIL.COM | 6PK 2026-02-26 17:45:52 | WB952 | O | SBC | MEMPHIS HK WAREHOUSE | UNIT 1-6A 11/F MITA CENTRE552-566 CASTLE PEAK RD | AVI ELECTRONICS PTY""]"
christal_huang@awotglobal.com,1,1,1,GDRM26-307,raw_cases/GDRM26-307/GDRM26-307附件二該五家企業在香港的空路及海路報關紀錄.xlsx#workbook,"[""H.S CODE NO.6910.90* TEL: +66 2 171 7692 FAX: +66 2 171 7696TAX ID: 0105557106960 ** USCI# 91442000678819079CTEL: +86 760 8870 7821 E-MAIL:CHRISTAL_HUANG@AWOTGLOBAL.COM | 16271 | 624 | PACKAGE | THLKR | TH | THLCH | TH | HKHKG | HK | HKHKG | HK | EVERGREEN MARINE (HONG KONG) LTD 2025-05-02 00:00:00 | I | 大船""]"
cs01@coeffort-scm.com,1,1,1,GDRM26-129,raw_cases/GDRM26-129/GDRM26-129【附件二】：实际收货人于2025年以来自内地进口货物的报关记录.xlsx#workbook,"[""SHANGHAI | COEFFORT (SHANGHAI) LOGISTICS & SCM | CO., LTD ROOM 1001, NO.216,SIPINGROAD, HONGKOU DISTRICT,SHANGHAI TEL:86 021 65671260 EMAIL:CS01@COEFFORT-SCM.COM USCI91310109MA1G50T | FOURSEAS INTERNATIONAL LOGISTICS LT | RM19,LEVEL 13,BLOCK 1,GOLDEN INDUSTRIAL BLDG., 16-26 KWAI TAK STREET,KWAI CHUNG""]"
cs2@galaila.com,1,1,1,GDRM26-307,raw_cases/GDRM26-307/GDRM26-307附件二該五家企業在香港的空路及海路報關紀錄.xlsx#workbook,"[""0255E (*)ADD TO CGNEE AND NOTIFY USCI:91441900MA52A5W69K PHONE:86-769-22772261 CCONTACT:MR LI/MR YE Port of discharge: SheKou, CHINA Email: CS2@galaila.com | 8616 | KGM | 10 | PALLET | XXXXX | AR | ARBUE | AR | HKHKG | HK | COSCO SHIPPING CONTAINER LINE. 2023-11-20 00:00:00 | I | 大船 | EGLV14230""]"
df@dingfenglogistics.cn,1,1,1,GDRM26-035,raw_cases/GDRM26-035/GDRM26-035附件三涉案報關紀錄.xlsx#workbook,"[""LIMITEDADDRESS: DD125, LOT72-74,PING HA RD,LAU FAU SHAN,YUE LONG N.T HK* | KOREAN-STYLE MEDIUM-LENGTH TRENCH COAT *ERO:185506 +85228363218 DF@DINGFENGLOGISTICS.CN | 11900 | KGM | 610 | BOX | XXXXX | CN | CNSHK | CN | HKHKG | HK | COSCO SHIPPING CONTAINER LINE.""]"
docs@nbpenta.com,1,1,1,GDRM26-307,raw_cases/GDRM26-307/GDRM26-307附件二該五家企業在香港的空路及海路報關紀錄.xlsx#workbook,"[""R COPPER;ALLOY;* C/O PENTA GROUP CO.,LTD.;TRUST COMPANY COMPLEX,;AJELTAKE ROAD, AJELTAKE ISLAND;,;MAJURO, MARSHALL ISLANDSMH969;60;** EMAIL:DOCS@NBPENTA.COM;EMAIL:HE17124474639@126.COM;USCI: 91330203MA2H8MKE18 | 26888 | KGM | 26 | PACKAGE | THLCH | TH | THLCH | TH | HKHKG | HK | XXXXX | CN | KMT""]"
endre.vas@cargomind.com,1,1,1,GDRM26-307,raw_cases/GDRM26-307/GDRM26-307附件二該五家企業在香港的空路及海路報關紀錄.xlsx#workbook,"[""AX:85235425013ATTN:AWOTHKG | CARGOMIND (HUNGARY) KFT | LORINCI UT 59-61, C4 2220 VECSESHUNGARY PHONE:+36 29 996 024FAX:+36 29 996 090E-MAIL:ENDRE.VAS@CARGOMIND.COM | ASM CONNECTOR HS:853890 TRANSFORMER HS:850431 INDUCTOR HS:850450 VARISTOR HS:853340 1151PKGS = 48PLTS | 11766 | KGM | 48 | PALLET | HKHKG""]"
fengzaijin@longdalvye.co,1,1,1,GDRM26-307,raw_cases/GDRM26-307/GDRM26-307附件二該五家企業在香港的空路及海路報關紀錄.xlsx#workbook,"[""OUNT & SEAL\"";\""SAID TO CONTAIN\"";1X40';1LOTS;RECYCLINGMATERIAL FOR CAST AL;UMINIUM ALLOYS;*USCI:91441800787996306U;TEL:0086-13926671180;EMAIL:FENGZAIJIN@LONGDALVYE.CO;M;EMAIL:L1217125427@163.COM | 28020 | KGM | 1 | CONTAINER | THLCH | TH | THLCH | TH | HKHKG | HK | CNSJQ | CN | KMTC (HK) CO., LIMITED 2026""]"
gaogao@dsi-log.com,1,1,1,GDRM26-129,raw_cases/GDRM26-129/GDRM26-129【附件二】：实际收货人于2025年以来自内地进口货物的报关记录.xlsx#workbook,"[""05-066S | EVER BASIS | QINGDAO DSI LOGISTICS CO., LTD. | ROOM.17E,HUANHAI BUILDING,NO.2 MID DONGHAI RD.,QINGDAO,CHINATEL:0532-88257822EMAIL:GAOGAO@DSI-LOG.COM | FOURSEAS INTERNATIONAL LOGISTICS | LTD.RM19,LEVEL 13,BLOCK 1,GOLDENINDUSTRIAL BLDG.,16-26 KWAI TAK STREET,KWAI | ACTIVATED CARBON HS:3802""]"
gigi_yip@awotglobal.com,1,1,1,GDRM26-307,raw_cases/GDRM26-307/GDRM26-307附件二該五家企業在香港的空路及海路報關紀錄.xlsx#workbook,"[""OT GLOBAL EXPRESS (HK) LTD | ROOM 3701-02, 05-07, 37/F, KING PAL52A SHA TSUI ROAD, TSUEN WAN, HONGTEL: +852 3102 6225 FAX: +852 3542EMAIL : GIGI_YIP@AWOTGLOBAL.COM | SHIPPER'S LOAD & COUNT SAID TO CONTAIN: (905 CARTONS) SCENTIO MILK PLUS WHITENING Q10 BATH CREAM 450ML SCENTIO MILK PLUS WHITENING Q10 BA""]"
gt.op1@gotrans.com.cn,1,1,1,GDRM26-307,raw_cases/GDRM26-307/GDRM26-307附件二該五家企業在香港的空路及海路報關紀錄.xlsx#workbook,"[""D BUSINESS CENTER,NO. 286, DONGLE ROAD, DALIANG, | PA6 RECYCLE PELLET * USCI: 91440606MA51XGKR9YTEL:0086(0757)-22682566/0757-2 9228007EMAIL:GT.OP1@GOTRANS.COM.CN/ KIMOCEAN2018@163.COMCONTACT:TELLY ** USCI NO: 914406063383188684TEL:0086(0757)-22682566/0757-2 9228007 | 27484 | 32 | THLCH | TH | THLCH |""]"
hgarcia@performair.com,1,1,1,GDRM26-037,raw_cases/GDRM26-037/GDRM26-037【附件二】：两用出口管制货物陆路报关纪录.xlsx#workbook,"["". | 280, GAOQI SOUTH 5TH ROAD GAOQI INTERNATIONAL AIRPORT XIAMEN | PERFORM AIR INTERNATIONAL, | 463 SOUTH HAMILTON COURT, GILBERT, AZ 85233 HGARCIA@PERFORMAIR.COM GIL | FLOW FUSE | 1CT 2025-10-28 01:50:54 | VP5551 | I | 深圳湾 | XIAMEN LITH MACHINE LIMITED | No.26 XINSHENG ROAD,XINYANG INDUSTRIAL PARK, H""]"
hong.jie@coscoshipping.com,1,1,1,GDRM26-129,raw_cases/GDRM26-129/GDRM26-129【附件二】：实际收货人于2025年以来自内地进口货物的报关记录.xlsx#workbook,"["",HK TRADEREGISTER** | HEALTH PRODUCTS (VITAMIN TABLETS) *USCI:91330201MA7D837K1Y CTC: JESSICA TEL: 0574 2789 0292 FAX: 0574 27890255 FX/EM: HONG.JIE@COSCOSHIPPING.COM **#58671324-000-07-25-1 TEL: 85231840241 FAX: 85231840242** ATTN: MATTHEW TANG | 2826 | 10 | CNSHA | CN | CNSHA | CN | HKHKG | HK | T.S. LI""]"
import_ngb@awotglobal.com,1,1,1,GDRM26-307,raw_cases/GDRM26-307/GDRM26-307附件二該五家企業在香港的空路及海路報關紀錄.xlsx#workbook,"[""TER,NO. 1299 NINGCHUAN ROAD, YINZHOUDISTRICT, NINGBO P.R. ZHEJIANGCHINA(315042) TEL:0574-87803217 | INCINERATOR QUANTITY: 1 SHIPSET **EMAIL:IMPORT_NGB@AWOTGLOBAL.COM | 4800 | 5 | HKHKG | HK | HKHKG | HK | CNNGB | CN | CNNGB | CN | T.S. LINES (HK) LIMITED 2026-01-30 00:00:00 | O | 空运 | 233-10281132 | CP13""]"
info@elegant-rich.com,1,1,1,GDRM26-307,raw_cases/GDRM26-307/GDRM26-307附件二該五家企業在香港的空路及海路報關紀錄.xlsx#workbook,"["": 852- 2498 6028* | RECYCLING MATERIAL OF COPPER HS CODE 7404000050 NET WEIGHT 17,733 KGSREFERENCES NO. 7943 *FAX: 852 - 2498 5736 E-MAIL: INFO@ELEGANT-RICH.COM CONTACT PERSON: MR CHUNG TEL : 852 - 9887 0135 | 17757 | KGM | 14 | XXXXX | TH | XXXXX | TH | XXXXX | HK | XXXXX | HK | YANG MING LINE (HON""]"
info_plating@unicon.co.jp,1,1,1,GDRM26-066,raw_cases/GDRM26-066/GDRM26-066艙單及載貨清單.pdf#page 7,"[""ishiyanagiwara-cho, Hyogo-ku, Kobe-shi, Hyogo 652-0806, Japan) 联系电话 ：81-78-682-2322 传真 ：81-78-682-4513 主页 ：https://www.unicon.co.jp 电子邮件地址 ：info_plating@unicon.co.jp 应急咨 询电话 ：0532-83889090 化学品推荐用途和限制用途 ：电镀用铋盐(不得用于其它用途） 第二部分 危险性概 述 紧急情况概述 ： GHS 危险性类别 ： 健康危害 急性毒性（经口） 类別 4 皮肤腐蚀 / 刺激 类別 1 严重眼损伤 / 眼刺激 类別 1 生殖""]"
jimmy@aeroforwarder.comtel,1,1,1,GDRM26-307,raw_cases/GDRM26-307/GDRM26-307附件二該五家企業在香港的空路及海路報關紀錄.xlsx#workbook,"["", N.T., HONG KONG.TEL:85231026200 FAX:85235425013ATTN:AWOTHKG | AERO LOGISTICS LTD. 5F, NO. 758, | SEC. 4, BADE RD., TAIPEI, TAIWANE-MAIL : JIMMY@AEROFORWARDER.COMTEL:(886 2)2500-6008 # 129FAX:(886 2)2500-6696 | 92 PACKAGES PRINTED GRAPHIC IN FRAMED ACRYLIC BOX - FRP FIGURE FRP ACRYLIC BOX BASE MANNEQUINS""]"
joyceshipping13@shokz.comusjfk,1,1,1,GDRM26-307,raw_cases/GDRM26-307/GDRM26-307附件四該五家企業在香港的貿易紀錄.xlsx#workbook,"[""ZX0501816 | NA | CV5807 | SHOKZ(SINGAPORE)PTE.LTD. | 11 NORTH BUONA VISTA DRIVE #16-09THE METROPOLIS SINGAPORE (138589)TEL:18173854725 ATTN:JOYCESHIPPING13@SHOKZ.COMUSJFK | AWOT GLOBAL EXPRESS (HK) LIMITED | 33/F., The Octagon, No.6 Sha Tsui Road Tsuen Wan NT HK | WIRELESS BLUETOOTH HEADSETS BONECONDUCTION BL""]"
kayt_wh419@126.com,1,1,1,GDRM26-129,raw_cases/GDRM26-129/GDRM26-129【附件二】：实际收货人于2025年以来自内地进口货物的报关记录.xlsx#workbook,"[""OLDENINDUSTRIAL BLDG.,16-26KWAI TAK STREET,KWAI** | MEN SOUP *SHENZHEN-HONGKONG COOPERATION ZONE, SHENZHEN 91440300087005137W 0755-26815086 KAYT_WH419@126.COM **CHUNG,N.T.HONG KONG (852) 21569908 OP007@FOURSEAS-GROUP.COM 58671324-000-07-22-8 ***CHUNG,N.T.HONG KONG (852) 21569908 OP007@FOURSEAS-GRO""]"
khaziniuk.pavel@beckman.com,1,1,1,GDRM26-037,raw_cases/GDRM26-037/GDRM26-037【附件二】：两用出口管制货物陆路报关纪录.xlsx#workbook,"[""EXUS (XIAMEN) CO LTD | (XIAMEN 1) NO 6 XIANGXING 2 ROAD XIAMEN AREA OF CHINA (FUJIAN) PILOT F | BECKMAN COULTER, INC. | 5355 W. 76TH STREET KHAZINIUK.PAVEL@BECKMAN.COM INDIANAPOLIS | Centrifuge control module | 4CT 2025-10-28 01:50:54 | VP5551 | I | 深圳湾 | MEGGITT(XIAMEN) SENSORS & CONTROLS | 230 South 5 Ga""]"
kimocean2018@163.comcontact,1,1,1,GDRM26-307,raw_cases/GDRM26-307/GDRM26-307附件二該五家企業在香港的空路及海路報關紀錄.xlsx#workbook,"[""86, DONGLE ROAD, DALIANG, | PA6 RECYCLE PELLET * USCI: 91440606MA51XGKR9YTEL:0086(0757)-22682566/0757-2 9228007EMAIL:GT.OP1@GOTRANS.COM.CN/ KIMOCEAN2018@163.COMCONTACT:TELLY ** USCI NO: 914406063383188684TEL:0086(0757)-22682566/0757-2 9228007 | 27484 | 32 | THLCH | TH | THLCH | TH | HKHKG | HK | CNSUD | CN""]"
kong.hkg_oci@awotglobal.com,1,1,1,GDRM26-307,raw_cases/GDRM26-307/GDRM26-307附件二該五家企業在香港的空路及海路報關紀錄.xlsx#workbook,"[""ORWAY ROAD, KLONG SONGTON NOON, LAD KRABANG, | AWOT GLOBAL EXPRESS (HK) LTD. | 33/F., THE OCTAGON, NO. 6SHA TSUI ROAD, TSUEN WAN,N.T., HONG KONG.HKG_OCI@AWOTGLOBAL.COM | SANITARYWARE H.S CODE NO.6910.90* TEL: +66 2 171 7692 FAX: +66 2 171 7696TAX ID: 0105557106960 ** USCI# 91442000678819079CTEL: +86 760 88""]"
kongcharmmy_lee@awotglobal.com,1,1,1,GDRM26-307,raw_cases/GDRM26-307/GDRM26-307附件二該五家企業在香港的空路及海路報關紀錄.xlsx#workbook,"[""61297907888ABN: 47123556561 | AWOT GLOBAL EXPRESS (HK) LTD | Room 3701-02, 05-07, 37/F, KingPalace Plaza,52A Sha Tsui Road,Tsuen Wan, Hong Kongcharmmy_lee@awotglobal.com* | Goat Soap Original 100g Goat Body Wash Original 500ml Goat Soap With Manuka Honey 100g Goat Body Wash Manuka Honey 500ml Goat Kids Goat""]"
linda@nfclines.com.tw,1,1,1,GDRM26-037,raw_cases/GDRM26-037/GDRM26-037【附件一】：两用出口管制货物报关纪录.xlsx#workbook,"[""ROAD,FENGGANG TOWN,DG * | NAVIGATOR FORWARDING CO.,LTD. | 5F, NO 46, LANE 11, GUANG FU NORTHROAD,TAIPEI 105410, TAIWAN ATTN: LINDA E-MAIL : LINDA@NFCLINES.COM.TW** | ISOSTATIC PRESS *ATTN:ZORA TEL:0769-82613952 **TEL: 886-2-27483311 EXT. 142 KAOHSIUNG OFFICE YANG MING MARINE TRANSPORT CORP. NO. 999,""]"
linfengyanlinfy@cosco-air.com.cn,1,1,1,GDRM26-129,raw_cases/GDRM26-129/GDRM26-129【附件二】：实际收货人于2025年以来自内地进口货物的报关记录.xlsx#workbook,"[""0:00:00 | I | 小船 | NH2511009 | TEMU4158406 | NGI251114 | FU LI 688 | 廣州沃天下供應鏈管理有限公司 | 廣州南沙區万頃沙保稅港區出口加工區保利電商港 TEL:8602038781272ATTN:SONGMING/LINFENGYANlinfy@cosco-air.com.cn | FOURSEAS INTERNATIONAL LOGISTICS | RM 19,13/F,BLOCK 1,GOLDEN INDUSTRIAL,BUILDING, 16-26 KWAI TAK STREET,KWAI CHUNG, N.T., H.K. 21569908OP""]"
lmiranda@cbufalo.com.cobarranquilla,1,1,1,GDRM26-307,raw_cases/GDRM26-307/GDRM26-307附件二該五家企業在香港的空路及海路報關紀錄.xlsx#workbook,"[""| 大船 | BGA0383575 | TRHU2322725 | 0PPH5E1MA | APL YANGSHAN | CURTIEMBRES BUFALO SAS | CLL 10 N 33 100CONT. LIZETH MIRANDA, T:3022552EMAIL: LMIRANDA@CBUFALO.COM.COBARRANQUILLA | SAIER TRADE LTD | TAX ID: 68168907 FLAT/ RM F, 5/FULL YAU COURT 51G YAU SANSTREET YUEN LONG NT HONG KONGTEL: 56841238 FAX: 30079239 | CON""]"
mnchristilea2@gmail.com,1,1,1,GDRM26-210,raw_cases/GDRM26-210/GDRM26-210附件三涉案報關紀錄.xlsx#workbook,"[""01 15:21:00 | WB952 | O | SBC | SOLEUSA CO LIMITED | RM C1 11/F BLK 1 GOLDENDRAGON IND CTR | CHRISTI DAUM | 13955 FIRELIGHT CT APPLE VALLEY MNCHRISTILEA2@GMAIL.COM | Silicone scaffold HTS 3926904590 MId-CNGXP12GUA SICILONE connect | 1PK 2026-03-01 15:21:00 | WB952 | O | SBC | SOHO(HK) INTL TRADE LTD-IM""]"
nhi.hcm@pavilionlogistics.com.vn,1,1,1,GDRM26-307,raw_cases/GDRM26-307/GDRM26-307附件二該五家企業在香港的空路及海路報關紀錄.xlsx#workbook,"[""711576 TAX ID: | RACK RAIL CARTRIDGE SWITCH CAGE EXTENSION POWER CABLE MANIFOLD BUSBARH.S CODE: 940320 830249 854442 851762 847330 853690 **NHI.HCM@PAVILIONLOGISTICS.COM.VN | 2240 | 11 | HKHKG | HK | HKHKG | HK | VNHPH | VN | VNHPH | VN | T.S. LINES LIMITED 2025-12-05 00:00:00 | O | 空运 | 936-01785302 | ES722 |""]"
nurul.amirah@cjcentury.com,1,1,1,GDRM26-254,raw_cases/GDRM26-254/GDRM26-254附件一該批商品在香港的空路及海路進出口紀錄.xlsx#workbook,"[""001,TEL:86-21-60933688FAX:86-21-51062688 | CJ CENTURY LOGISTICS SDN BHD | MILES 7.5 TUARAN ROAD, KG.DARAU,88450 KOTA KINABALU, SABAH.EMAIL: NURUL.AMIRAH@CJCENTURY.COM | SPS/BIS-(SODIUM SULFOPROPYL)-DISULFIDE/SODIUM3,3'-DITHIODIPROPANE SULFONATE | 4200 | 180 | CNSHA | CN | CNSHA | CN | HKHKG | HK | MYBKI |""]"
ohiobobjs@yahoo.com,1,1,1,GDRM26-210,raw_cases/GDRM26-210/GDRM26-210附件三涉案報關紀錄.xlsx#workbook,"[""15:21:00 | WB952 | O | SBC | SOLEUSA CO LIMITED | RM C1 11/F BLK 1 GOLDENDRAGON IND CTR | ROBERT STEMPLER | 7611 PAINTED TURTLE DR. DAYTON OHIOBOBJS@YAHOO.COM | wired earphone HTS8518302000 MId- CNGXP12GUA plastic music | 1PK 2026-03-01 15:21:00 | WB952 | O | SBC | CVAS IOT (HK) CO LTD | ROOM 15 1""]"
op007@fourseas-group.comtel,1,1,1,GDRM26-129,raw_cases/GDRM26-129/GDRM26-129【附件二】：实际收货人于2025年以来自内地进口货物的报关记录.xlsx#workbook,"[""OLDENINDUSTRIAL BLDG.,16-26 KWAI TAKSTREET, KWAI CHUNG, NT, HK | FURNITURE HS CODE: 9403.40* REGISTER#58671324-000-07-22-8ATTN: ENDEE LEE / OP007@FOURSEAS-GROUP.COMTEL: 21569908 / FAX: 31060991 | 21584 | 40 | PACKAGE | CNSHA | CN | CNSHA | CN | HKHKG | HK | HKHKG | HK | EVERGREEN MARINE (HONG KONG) LTD 202""]"
op_pkg@htsb.my,1,1,1,GDRM26-046,raw_cases/GDRM26-046/GDRM26-046附件三涉案艙單.pdf#page 1,"[""ESOURCES SDN.BHD. ! 12-1 LORONG BATU NILAM 3B,BANDAR ! BUKIT TINGGI 1, 41200 KLANG, ! SELANGOR,MALAYSIA. ! PIC: KK TEL:011-25750328 ! EMAIL:OP_PKG@HTSB.MY ! N: ! SAME AS CONSIGNEE ! MIXED METAL HS CODE: 7204.10 ! (SERVER BOARDS; GROCERIES; ! PCB BOARDS; HARD DRIVERS ! COPPER NICKEL ALLOYS; GOL""]"
ou@woodbridgegroup.comtel,1,1,1,GDRM26-307,raw_cases/GDRM26-307/GDRM26-307附件二該五家企業在香港的空路及海路報關紀錄.xlsx#workbook,"[""M 3705-07, 37/F, KING PALACEPLAZA, 52A SHA TSUI ROAD, TSUENWAN, HONG KONG TEL 852-3102 6268 | 廣州木橋汽車部件有限公司 | 廣州市花都區汽車城岭東路28號三期廠房 區海萍Haiping＿Ou@woodbridgegroup.comTEL 020-36868011, 13580336743 | 導輪 - 307KGS 得复康密封修補劑 - 1350KGS | 1657 | 3 | package 件 | XXXXX | HK | XXXXX | HK | XXXXX | CN | XXXXX | CN | XIA""]"
qianzi202211@163.com,1,1,1,GDRM26-037,raw_cases/GDRM26-037/GDRM26-037【附件二】：两用出口管制货物陆路报关纪录.xlsx#workbook,"[""apte | 1CT 2025-01-24 23:39:10 | SP6838 | I | 深圳湾 | DG QIANZHI ELECTRONIC TECHNOLOGY CO | ROOM 204,BLCOK 2,NO.168 XINGFA WUSHA CHANGAN TOWN qianzi202211@163.com | SUNLIT TRADING / LIDIA WORKU | OFFICE NO 401 MESKEL FLOWER AREA FAMILY BUILDING WOREDA 02 KIRKOSE SUB | SOLAR PUMP INVERTER 15KW HSPH15KH""]"
qn.koo13@gmail.com,1,1,1,GDRM26-395,raw_cases/GDRM26-395/GDRM26-395附件三涉案報關紀錄.xlsx#workbook,"[""C LLC | 650 HUNGERFORD DRIVE ROCKVILLE 20850 USA | EXTRA FORTUNE LIMITED | 1303, FOOK YIP BUILD 53 KWAI FUNG CRESCENT, KWAI CHUNG HONG KONG QN.KOO13@GMAIL.COM | RECYCLED COPPER RAW MATERIALS HS: 740400 | 20412 | KGM | 40 | LOT | XXXXX | US | XXXXX | US | XXXXX | TW | XXXXX | HK | YANG MING LINE (H""]"
ruan@fii-foxconn.com,1,1,1,GDRM26-129,raw_cases/GDRM26-129/GDRM26-129【附件二】：实际收货人于2025年以来自内地进口货物的报关记录.xlsx#workbook,"[""DA@CHINA-WANJIA. COM**ATTN: ENDEE LEE / OP007@FOURSEAS-GROUP.COM TEL: 21569908 / FAX: 31060991 ***MOBILE: (+84) 968204896 E-MAIL: LUNA. SH. RUAN@FII-FOXCONN.COM | 9030 | 25 | CNSHA | CN | CNSHA | CN | HKHKG | HK | T.S. LINES LIMITED 2026-01-14 00:00:00 | I | 大船 | 7265581180 | CSGU2213840 | 255W | OO""]"
sawadika888@hotmail.co,1,1,1,GDRM26-307,raw_cases/GDRM26-307/GDRM26-307附件二該五家企業在香港的空路及海路報關紀錄.xlsx#workbook,"[""SHIJIAO TOWN,QINGCHENG DIST | \""SHIPPER'S LOAD, COUNT & SEAL\"";\""SAID TO CONTAIN\"";1X20';12PACKETS;RECYCLING MATERIALS FOR COPPER;*MAY;E-MAIL: SAWADIKA888@HOTMAIL.CO;M/SUNGO888@OUTL;OOK.COM;USCI: 91441802MA55NMHW6J | 27090 | KGM | 12 | PACKAGE | THLCH | TH | THLCH | TH | HKHKG | HK | CNSJQ | CN | KMTC (H""]"
sea.dk@freja.com,1,1,1,GDRM26-307,raw_cases/GDRM26-307/GDRM26-307附件二該五家企業在香港的空路及海路報關紀錄.xlsx#workbook,"[""PALACE PLAZA , 52A SHA TSUI ROAD | FREJA TRANSPORT & LOGISTICS A/S | OERSTEDSVEJ 11, STILLING, 8660 SKANDERBORG DENMARK Contact: SEA Email: SEA.DK@FREJA.COM | 45 PALLETS ( 1015CTNS) CHILDREN BOOKS HSCODE:4903000 9PLTS(170 CTNS)/1975.50KGS/8.86CBM CHILDREN BOOKS HSCODE:4903000 Let's Pretend-Firef""]"
seabookings@wiseway.com.au,1,1,1,GDRM26-307,raw_cases/GDRM26-307/GDRM26-307附件二該五家企業在香港的空路及海路報關紀錄.xlsx#workbook,"[""| 大船 | 6410907430 | CSNU2298044 | 179S | OOCL KUALA LUMPUR | WISEWAY LOGISTICS | 9-11 ALFRED ROAD, CHIPPING NORTONNSW 2170 AUSTRALIAEMAIL: SEABOOKINGS@WISEWAY.COM.AU | AWOT GLOBAL EXPRESS (HK) LTD. | 33/F., The Octagon, No. 6 Sha TsuiRoad, Tsuen Wan, N.T., Hong Kong.52A Sha Tsui Road, Tsuen Wan, HongKong""]"
seongkyu.kim@lgensol.com,1,1,1,GDRM26-167,raw_cases/GDRM26-167/GDRM26-167貨運文件.pdf#page 13,"[""Supplier : BTR New Material Group Sales Co.,Ltd. PO No. : 4570188860 Supplier Code: CN03335200 PO Date : 2026-02-13 No.8,Guangyuan E-Mail : seongkyu.kim@lgensol.com Representative : SEONGKYU KIM4th Road,Guangming DistrictNo.8,Guangyuan CN LG Energy Solution as Buyer, hearby confirms having bought to you""]"
serena_wang@awotglobal.com,1,1,1,GDRM26-307,raw_cases/GDRM26-307/GDRM26-307附件二該五家企業在香港的空路及海路報關紀錄.xlsx#workbook,"[""IPPER'S LOAD, COUNT & SEAL\"";\""SAID TO CONTAIN\"";1X40'HQ;19PALLETS;CHIPS;*TEL:8651262658172;FAX:8651262658216;ATTN:AWOT;USCI91320594578127876K;SERENA_WANG@AWOTGLOBAL.COM;**CHARMMY_LEE@AWOTGLOBAL.COM | 5575 | KGM | 19 | PALLET | CNSHA | CN | CNSHA | CN | HKHKG | HK | HKHKG | HK | KMTC (HK) CO., LIMITED 2025-1""]"
sttus8803@foxmail.com,1,1,1,GDRM26-210,raw_cases/GDRM26-210/GDRM26-210附件三涉案報關紀錄.xlsx#workbook,"[""U WEAR | 1PK 2026-03-01 15:21:00 | WB952 | O | SBC | SOLEUSA CO LIMITED | RM C1 11/F BLK 1 GOLDENDRAGON IND CTR | LISA JONES | 8435 WAHRMAN STTUS8803@FOXMAIL.COM | 100 PLASTIC HAIR ACCESSORY HTS 3926904590 MID CNG | 1PK 2026-03-01 15:21:00 | WB952 | O | SBC | SOLEUSA CO LIMITED | RM C1 11/F BLK 1 GOL""]"
sueli.ching@grupomultilaser.cbrmao,1,1,1,GDRM26-307,raw_cases/GDRM26-307/GDRM26-307附件四該五家企業在香港的貿易紀錄.xlsx#workbook,"[""01 | NA | 5Y654 | GRUPO MULTI S.A | RUA JOSEPHA GOMES DE SOUZA,382-BAIRRO DOSPIRES,EXTREMA,MG-BRASILCEP:37640-000 CONTACT: SUELI CHINGEMAIL:SUELI.CHING@GRUPOMULTILASER.CBRMAO | AWOT GLOBAL EXPRESS (HK) LIMITED | 33/F., The Octagon, No.6 Sha Tsui Road Tsuen Wan NT HK | \""SPARE PARTS FOR MOBILE PHONE (Die out access""]"
sujeewan@masholdings.com,1,1,1,GDRM26-037,raw_cases/GDRM26-037/GDRM26-037【附件二】：两用出口管制货物陆路报关纪录.xlsx#workbook,"[""AW. ZON PERINDUSTRIAN | 螺旋给料机 | 1CT 2025-07-26 22:07:39 | LY5457 | I | 深圳湾 | GBOS LASER INC | No.8, Dongcheng Section, Songshanhu Avenue, | SUJEEWAN@MASHOLDINGS.COM | Silueta Pvt. Ltd,Lot 14, Zone 1, | GBS-KC1580-FB-03-003 | 1CT 2025-07-26 22:07:39 | LY5457 | I | 深圳湾 | LENOVO INFORMATION PRODUCTS | 2F,""]"
szhenstc@gmail.com,1,1,1,GDRM26-254,raw_cases/GDRM26-254/GDRM26-254附件一該批商品在香港的空路及海路進出口紀錄.xlsx#workbook,"["",PROPERTY BUILDING, NO.198 RENMIN SOUTH ROAD, | STC CHEMICALS P/L | 23 BISHOP GAUL AVENUE BELVEDERE HARARE CONTACT: DOIT+263774004714 EMAIL:SZHENSTC@GMAIL.COM | UN1790 IMO8 Sub-risk:6.1 Proper Shipping Name :HYDROFLUORIC ACID Technical name :NO Packing Group:II Packaging Type:4G Out packaging:1400""]"
tkhb@yangming.com,1,1,1,GDRM26-037,raw_cases/GDRM26-037/GDRM26-037【附件一】：两用出口管制货物报关纪录.xlsx#workbook,"[""YANG MING MARINE TRANSPORT CORP. NO. 999, SINSHENG RD., SIAOGANG DISTRICT, KAOHSIUNG 81243 TEL:(886-7) 812-9200 FAX:(886-7) 821-6412 EMAIL:TKHB@YANGMING.COM | 6010 | KGM | 4 | CASE, WOODEN | XXXXX | CN | XXXXX | HK | XXXXX | TW | XXXXX | TW | YANG MING LINE (HONG KONG) LIMITED 2025-12-09 00:00:0""]"
ts2@hk.lllcn.com,1,1,1,GDRM26-037,raw_cases/GDRM26-037/GDRM26-037【附件一】：两用出口管制货物报关纪录.xlsx#workbook,"["") 022-58196603 | LUCKY LOGISTICS GROUP LTD. SUITE 27 | 03 , TOWER 2, NINA TOWER, 8 YEUNG UK ROAD, TSUEN WAN, N.T. HONG KONG0 0852-2626 3000 TS2@HK.LLLCN.COM FAX :00852-2626 3030 | FITNESS EQUIPMENT GREEN CHROME OXIDE FINES STOP VALVE TEMPERATURE CONTROLLER STAINLESS STEEL TRAY EXHAUST PIPES PLAS""]"
y1.kanno@sankyu.co.jp,1,1,1,GDRM26-037,raw_cases/GDRM26-037/GDRM26-037【附件一】：两用出口管制货物报关纪录.xlsx#workbook,"[""8 TEL: 03-3536-4019** | AUTONOMOUS AERIAL VEHICLE MODEL: EH216L-200 *PIC: MR. VINCENT WONG TEL: 86-20-38772171 ** FAX: 03-3536-4460 E-MAIL: Y1.KANNO@SANKYU.CO.JP | 936 | 6 | PACKAGE | XXXXX | CN | HKHKG | HK | JPUKB | JP | JPUKB | JP | WAN HAI LINES (HK) LIMITED 2025-06-29 00:00:00 | I | 小船 | 024F559""]"
yangming@hk.yangming.com,1,1,1,GDRM26-129,raw_cases/GDRM26-129/GDRM26-129【附件二】：实际收货人于2025年以来自内地进口货物的报关记录.xlsx#workbook,"[""INE (HONG KONG) LTD 22 FLOOR, EVER GAIN PLAZA, TOWER 1, 88 CONTAINER PORT ROAD KWAI CHUNG, N.T. TEL:(852)-31893888 FAX:(852)-31893600 EMAIL:YANGMING@HK.YANGMING.COM **E-MAIL :MATTHEW@FOURSEAS-GROUP.COM TEL : (852) 31840241 (EXT :12) FAX : (852) 31840242 DIRECT LINE :(85 | 23100 | KGM | 36 | PALLET | XXX""]"
zxcasd202509@126.com,1,1,1,GDRM26-307,raw_cases/GDRM26-307/GDRM26-307附件二該五家企業在香港的空路及海路報關紀錄.xlsx#workbook,"[""TONG SHAN ROAD,SHAP PAT HEUNG, YUEN LONG, ** | ALUMINIUM RAW MATERIALS **NEW TERRITORIES,HONG KONG. TEL:13670617896-228 CONTACT:MS.LI EMAIL:ZXCASD202509@126.COM | 28330 | 1 | THLCH | TH | THLCH | TH | HKHKG | HK | T.S. LINES (HK) LIMITED 2026-06-03 00:00:00 | I | 大船 | 320610129374 | TSSU5068965 | 26""]"
